time_bucket,as_collateral_tx_count,as_debt_tx_count,liquidation_tx_count,unique_liquidated_users,unique_liquidators,liquidated_collateral_value_usd,liquidated_collateral_value_eth,liquidation_debt_covered_value_usd,liquidation_debt_covered_value_eth
2025-04-01 06:00:00.000 UTC,2,2,4,4,4,21230.045896758318,11.450813851860993,20285.665952137668,10.941402645440752
2025-04-01 08:00:00.000 UTC,1,1,2,2,2,41239.0218856567,21.943160937239295,39643.60572570982,21.094034318867386
2025-04-01 14:00:00.000 UTC,2,2,4,4,4,20970.44410866614,11.118518711104262,19269.584636294356,10.2182101070291
2025-04-01 20:00:00.000 UTC,1,1,2,2,2,17.627284501854437,0.009219626586927016,16.855512183868495,0.008816004920214834
2025-04-02 00:00:00.000 UTC,1,1,2,2,2,2716.800394978022,1.4333260673036716,2524.12853023337,1.3316943614124965
2025-04-02 02:00:00.000 UTC,1,1,2,1,1,590024.682161803,313.38527074327277,584761.825730231,310.5899610934319
2025-04-02 14:00:00.000 UTC,1,1,2,2,2,13859.496602267456,7.357518717584173,13416.262736466213,7.121972891786971
2025-04-02 16:00:00.000 UTC,1,1,2,2,2,244.808195007148,0.12874537024934932,233.31771313455,0.122702583451094
2025-04-02 20:00:00.000 UTC,5,5,10,9,9,34303.67118631143,18.199873341170893,32811.18186628482,17.4086878713188
2025-04-02 22:00:00.000 UTC,18,18,36,35,25,291987.0804383593,161.19766621740408,273296.6505609749,150.8916952376976
2025-04-03 04:00:00.000 UTC,1,1,2,2,2,2284.274565360034,1.2472917748756256,2183.053326203999,1.1920224080170982
2025-04-03 10:00:00.000 UTC,1,1,2,2,2,1187.9982565180553,0.6595504610258015,1096.8366436778115,0.6089499965447382
2025-04-03 12:00:00.000 UTC,71,71,142,141,49,1235737.034594156,694.00893076689,1161650.140104735,652.415226120155
2025-04-03 18:00:00.000 UTC,1,1,2,2,2,44.05695013891725,0.024703585130610547,41.8819597324414,0.02348418759256207
2025-04-04 00:00:00.000 UTC,2,2,4,4,3,3216.3811090019117,1.7722377409962753,3010.9271767292175,1.659036420196828
2025-04-04 04:00:00.000 UTC,1,1,2,2,2,21.565575627099754,0.01202582744598081,20.579801815934914,0.011476158616451456
2025-04-04 10:00:00.000 UTC,1,1,2,2,2,11222.665431963196,6.26323125917514,10318.776033609682,5.759374862790568
2025-04-04 12:00:00.000 UTC,1,1,2,2,2,3957.478200262419,2.218859701640041,3673.0288271618488,2.0593840233251495
2025-04-04 20:00:00.000 UTC,7,7,14,13,8,125.76995052527153,0.06921775077338102,120.62694594310747,0.06638739577181135
2025-04-05 14:00:00.000 UTC,2,2,4,4,4,85.76928653144651,0.04796291694249745,81.7451356242213,0.04571265692483549
2025-04-05 20:00:00.000 UTC,1,1,2,2,2,31.400062163205227,0.017550051476717128,29.801846269333335,0.016656781491153138
2025-04-05 22:00:00.000 UTC,1,1,2,2,2,15.80780532985187,0.008793305181373072,15.186034920600001,0.008447476302675989
2025-04-06 02:00:00.000 UTC,2,2,4,4,3,15162.618619887859,8.389938592725187,14531.31409523092,8.040624260301561
2025-04-06 04:00:00.000 UTC,2,2,4,4,2,33.55065560288619,0.018542292375500997,31.994581949637173,0.017682306644505673
2025-04-06 06:00:00.000 UTC,2,2,4,4,2,33.44373351974036,0.01853590641062944,32.037637036451,0.01775670018497641
2025-04-06 10:00:00.000 UTC,1,1,2,2,2,16.005387662160036,0.008949089920469392,15.306350045443331,0.008558237343761505
2025-04-06 12:00:00.000 UTC,36,36,72,72,34,123811.50408946167,69.5694060005639,115680.61577502274,65.00233369794657
2025-04-06 14:00:00.000 UTC,2,2,4,4,4,5318.550493698116,3.0193072444858493,5086.621341394942,2.8876464077191026
2025-04-06 16:00:00.000 UTC,298,298,596,582,98,8980997.521549646,5184.556570285429,8453288.956128638,4880.576475740631
2025-04-06 18:00:00.000 UTC,354,354,708,694,94,24460558.90339368,14946.073725908052,23300463.451423254,14238.311228064726
2025-04-06 20:00:00.000 UTC,214,214,428,426,88,9904212.364596676,6189.467599952007,9310392.795238009,5818.584601718893
2025-04-06 22:00:00.000 UTC,148,148,296,295,74,1920400.7425988368,1217.4429096620593,1812100.9473977047,1148.8386923308599
2025-04-07 00:00:00.000 UTC,17,17,34,33,12,271997.94425487024,171.79424264988833,250023.84633590005,157.92269278477156
2025-04-07 02:00:00.000 UTC,136,136,272,268,74,2827500.4861680185,1793.499537867346,2624950.253437951,1665.1367766134822
2025-04-07 04:00:00.000 UTC,11,11,22,22,14,843257.7472284918,545.080104519029,803879.2098633193,519.625345749859
2025-04-07 06:00:00.000 UTC,719,719,1438,1387,165,43519491.31333469,29404.348016144708,41006004.8871225,27714.885601710168
2025-04-07 08:00:00.000 UTC,9,9,18,18,11,2278.9128282310044,1.5296324813486348,2154.008085226423,1.4458091542159504
2025-04-07 10:00:00.000 UTC,5,5,10,10,6,389.2551133552531,0.26029729919248046,371.58600189013447,0.2484845504522556
2025-04-07 22:00:00.000 UTC,7,7,14,14,10,194.39797330474664,0.12359557868874255,184.37539241321375,0.11722400680958463
2025-04-08 00:00:00.000 UTC,2,2,4,4,3,50.363464416436,0.032279754275696036,47.8980822552263,0.03069983096384564
2025-04-08 02:00:00.000 UTC,2,2,4,4,3,33.79044830272957,0.021227328258977236,32.34973373330589,0.020322502183831404
2025-04-08 04:00:00.000 UTC,2,2,4,4,4,31.790751003641837,0.019990725505740724,30.314106024496503,0.019062190573827985
2025-04-08 14:00:00.000 UTC,2,2,4,4,4,12056.763828750007,7.794128553472744,11349.16790966654,7.337476805991272
2025-04-08 16:00:00.000 UTC,9,9,18,18,11,29615.17399575292,19.810789505830517,28062.756538983675,18.775838514500848
2025-04-08 18:00:00.000 UTC,4,4,8,8,5,237.8228601906867,0.16137519235261924,227.36594716773388,0.15428201749319287
2025-04-08 20:00:00.000 UTC,6,6,12,12,5,141.6035665693181,0.09614375632874349,135.046995388492,0.09169218823566273
2025-04-08 22:00:00.000 UTC,4,4,8,8,7,68.54896789935935,0.04676525774213544,65.1580879464642,0.04445218969531366
2025-04-09 00:00:00.000 UTC,187,187,374,367,83,1911630.5055559268,1316.562522720704,1768215.1341258641,1218.0194676239773
2025-04-09 02:00:00.000 UTC,5,5,10,10,6,217.10838462312492,0.15198343468101902,205.71873134849247,0.14401629705302454
2025-04-09 10:00:00.000 UTC,1,1,2,2,2,2847.0816868085335,1.9361364956514804,2644.927932681845,1.7987483417697783
2025-04-09 12:00:00.000 UTC,2,2,4,4,4,28562.04316430757,19.545936263773605,26997.226991145228,18.474602355744988
2025-04-10 08:00:00.000 UTC,1,1,2,2,2,26.14175441656852,0.01639584962170362,25.039865570435328,0.015704768927634026
2025-04-10 12:00:00.000 UTC,1,1,2,2,2,6754.100167123894,4.246145923501915,6389.422528686921,4.016963421151857
2025-04-10 14:00:00.000 UTC,5,5,10,10,9,12163.702717703804,7.838394726390057,11323.096775020047,7.297909437584917
2025-04-10 16:00:00.000 UTC,1,1,2,2,2,158.54194752404837,0.10566299381413137,149.9981770907475,0.09996911423565677
2025-04-10 18:00:00.000 UTC,1,1,2,2,2,37.52342345436894,0.02473827211882491,36.07408422445696,0.023782781968011004
2025-04-10 20:00:00.000 UTC,2,2,4,4,4,71.40240573789588,0.04681577434505094,69.65951945890703,0.0456727299867334
2025-04-10 22:00:00.000 UTC,1,1,2,2,2,23221.846410562484,15.217889588242015,22145.96776062618,14.51303378954057
2025-04-11 00:00:00.000 UTC,1,1,2,2,2,866.9359621744674,0.5685650899451212,805.6998282784085,0.5284022990719984
2025-04-11 08:00:00.000 UTC,1,1,2,2,2,1804.0462663606809,1.160358118638566,1686.6848554521937,1.084869675830411
2025-04-11 20:00:00.000 UTC,1,1,2,2,2,83.5554850711042,0.05314662774331174,80.6810293332641,0.05131828762756678
2025-04-11 22:00:00.000 UTC,1,1,2,2,2,14.70635217242915,0.009381257341246002,13.991533563424136,0.008925257046308132
2025-04-12 10:00:00.000 UTC,1,1,2,1,1,7626.911553246602,4.782823878592633,7330.0447408779455,4.5966591815136315
2025-04-12 22:00:00.000 UTC,1,1,2,2,2,14.840167231638652,0.008993416203655746,14.177934250244325,0.008592096039503765
2025-04-13 00:00:00.000 UTC,1,1,2,2,2,97.58462105045378,0.05942066140287973,92.58574320552894,0.05637678774797015
2025-04-13 22:00:00.000 UTC,1,1,2,2,2,15.006087068433876,0.009429490384182612,14.31081537259667,0.008992599883312071
2025-04-15 04:00:00.000 UTC,1,1,2,2,2,12.400862005813954,0.007561617238972174,11.515562611125006,0.007021841395309746
2025-04-15 22:00:00.000 UTC,1,1,2,2,2,8.280544821554269,0.005191130201166633,7.908040137891668,0.004957604346041122
2025-04-16 02:00:00.000 UTC,1,1,2,2,2,28.633293825474915,0.017913035094262664,27.126491565691115,0.016970486863056803
2025-04-16 06:00:00.000 UTC,31,31,62,60,15,432.9995510141291,0.2752273814172466,409.83682206010144,0.2605034224417634
2025-04-16 08:00:00.000 UTC,2,2,4,4,4,15.38522195087435,0.009779686245994266,14.400777548570519,0.009153949262886818
2025-04-16 12:00:00.000 UTC,2,2,4,4,4,3187.328104046661,2.01684868001123,3035.3998762619253,1.9207455972868075
2025-04-16 16:00:00.000 UTC,3,3,6,6,6,637149.5906878046,400.7204952070441,599286.9809058812,376.9081306077662
2025-04-16 22:00:00.000 UTC,1,1,2,1,1,577.5340610893886,0.3642911105212064,557.4653097000605,0.3516323459167396
2025-04-17 00:00:00.000 UTC,1,1,2,2,2,5.704329404411133,0.003597621950540474,5.440378857622585,0.003431170124121844
2025-04-17 02:00:00.000 UTC,2,2,4,4,3,11.966443817198284,0.007539326289132218,11.420466839302415,0.007195340232267466
2025-04-17 06:00:00.000 UTC,1,1,2,1,1,4.43191116635,0.00276288505669546,4.1515819869,0.002588125845198002
2025-04-17 14:00:00.000 UTC,1,1,2,2,2,157.69910301487204,0.09970919231240413,150.55537033962543,0.09519243346173528
2025-04-17 20:00:00.000 UTC,1,1,2,2,2,5.7190220920848605,0.003604663285579924,5.469986952668211,0.0034476980194741683
2025-04-18 06:00:00.000 UTC,2,2,4,4,3,10.87476040699413,0.006876724482517953,10.402183969916084,0.006577890299916642
2025-04-18 22:00:00.000 UTC,2,2,4,4,4,182747.20786190947,114.64444358525857,175141.99011499685,109.87368286128074
2025-04-20 10:00:00.000 UTC,4,4,8,8,5,13257.005589100674,8.380235679896037,12694.99039097585,8.025140177253258
2025-04-20 18:00:00.000 UTC,2,2,4,4,4,80.91120952909462,0.051144980216152706,77.37038047727516,0.048906706678624894
2025-04-21 00:00:00.000 UTC,2,2,4,4,4,5633.569978805514,3.4999984961915023,5439.703310379298,3.3795031814500125
2025-04-21 02:00:00.000 UTC,1,1,2,2,2,4579.9148237355685,2.8008430040397507,4418.8465116155385,2.7023381856832187
2025-04-21 16:00:00.000 UTC,4,4,8,8,7,462486.5500147765,288.9056539914462,434256.94937437715,271.28829325538186
2025-04-21 18:00:00.000 UTC,2,2,4,4,4,21786.74664192578,13.821625853868953,20740.80534750756,13.158073334514636
2025-04-22 00:00:00.000 UTC,11,11,22,22,13,984015.6380662358,624.890861409693,936326.6605849405,594.606373611459
2025-04-22 02:00:00.000 UTC,1,1,2,2,2,5.493215114715279,0.003478494367197143,5.254112923136999,0.0033270914385822876
2025-04-22 08:00:00.000 UTC,1,1,2,2,2,4393.455368624493,2.702799344619769,4220.635399512662,2.596481886275012
2025-04-22 14:00:00.000 UTC,1,1,2,2,2,3599.5130039171368,2.148458830194643,3484.1898818196755,2.079143095502502
2025-04-22 18:00:00.000 UTC,3,3,6,6,5,6381.0346258228155,3.7532657048974847,5925.731734813415,3.485463229626077
2025-04-22 20:00:00.000 UTC,2,2,4,4,4,8349.338173758113,4.889639793901134,7830.515990895896,4.585744013669253
2025-04-23 02:00:00.000 UTC,2,2,4,4,4,1418.2487920299789,0.7941209454293422,1343.3904976289468,0.7522041876382403
2025-04-23 04:00:00.000 UTC,1,1,2,2,2,75.80371903145598,0.042183923464016386,72.3789097197037,0.04027746668820453
2025-04-23 12:00:00.000 UTC,1,1,2,1,1,3394.857592486651,1.8745344174787102,3364.5764048430638,1.8578140906627456
2025-04-23 20:00:00.000 UTC,1,1,2,2,2,10.419540062414,0.005806915157500222,10.03541255433333,0.005592836510072387
2025-04-23 22:00:00.000 UTC,1,1,2,2,2,46.884603997313995,0.026061469971962195,45.07185562942689,0.025053798251132353
2025-04-24 08:00:00.000 UTC,3,3,6,6,6,2427.1084858075706,1.392339673808076,2307.809557877188,1.323903525648992
2025-04-24 16:00:00.000 UTC,1,1,2,2,2,1196.6410237997443,0.677639683201327,1123.6739137048025,0.6363204253086373
2025-04-25 04:00:00.000 UTC,1,1,2,1,1,25.421577613729053,0.014391662944798406,24.119143846042743,0.013654329169637956
2025-04-25 08:00:00.000 UTC,1,1,2,2,2,330.6627166640047,0.18621812654104875,314.1730556197267,0.17693184361541892
2025-04-25 14:00:00.000 UTC,1,1,2,1,1,4295.712263683618,2.3900570437245983,4110.729438931692,2.287135927009185
2025-04-25 18:00:00.000 UTC,1,1,2,2,2,15.971609616751188,0.008890926582270935,14.884443454465412,0.008285729139522125
2025-04-27 00:00:00.000 UTC,1,1,2,2,2,6.667561949827504,0.0036358159168697096,6.455427700274999,0.0035201350631409605
2025-04-27 02:00:00.000 UTC,1,1,2,2,2,6.293463953389749,0.0034691114438591074,5.968372111068687,0.0032899129361685605
2025-04-28 00:00:00.000 UTC,3,3,6,5,3,695.4634851206575,0.39158713594750283,664.2761071540549,0.3740315745310351
2025-04-29 16:00:00.000 UTC,1,1,2,2,2,2.438594401708178,0.001338535627742967,2.3294632258333334,0.0012786346417173076
2025-04-30 02:00:00.000 UTC,2,2,4,4,2,10.605330845728655,0.005884429550360742,10.156354662908496,0.005635315684571842
2025-04-30 12:00:00.000 UTC,4,4,8,8,8,14707.847864001404,8.249825679261217,13477.410210831666,7.560423827672696
2025-05-01 10:00:00.000 UTC,2,2,4,4,3,69.33196272823604,0.037693188619420434,66.88185772385583,0.0363607688233479
2025-05-01 12:00:00.000 UTC,3,3,6,4,3,143632.31152395435,77.75508838503025,114452.74163346668,61.96961423257347
2025-05-01 14:00:00.000 UTC,2,2,4,3,3,1647.7238459207047,0.8911634783882627,1576.9327443042998,0.8528758217523311
2025-05-03 16:00:00.000 UTC,1,1,2,2,2,0.46137278575482055,0.00025262987658917,0.4411181323076274,0.00024153922129439877
2025-05-04 16:00:00.000 UTC,1,1,2,2,2,15.22511572950891,0.008318623841915554,14.268178181748336,0.007795779479800017
2025-05-06 10:00:00.000 UTC,3,3,6,6,6,8581.788531351494,4.797186092345595,8022.4621690519,4.484558330459056
2025-05-06 16:00:00.000 UTC,1,1,2,2,2,15.396737056230174,0.008698223932800552,14.751385768055034,0.008333639988440547
2025-05-08 06:00:00.000 UTC,1,1,2,2,2,13.383715058911248,0.007004489841055395,12.944036550624997,0.006774335687488466
2025-05-08 08:00:00.000 UTC,1,1,2,2,2,314.18825738380673,0.16241518052540843,302.2393598343023,0.1562382405632972
2025-05-08 14:00:00.000 UTC,1,1,2,2,2,4206.765326200053,2.101946762328584,4010.582172852,2.0038446253709337
2025-05-08 18:00:00.000 UTC,3,3,6,6,6,24532.440688643856,11.87785904223448,23077.53846805215,11.173218743404233
2025-05-08 20:00:00.000 UTC,1,1,2,2,2,3.8491420944172083,0.001782889577074767,3.6465728352633264,0.001688790117203735
2025-05-09 00:00:00.000 UTC,2,2,4,4,4,297.46341829642,0.13530889044546643,280.7229427969952,0.1276936017318034
2025-05-09 06:00:00.000 UTC,8,8,16,15,11,131244.33510845513,57.795024411125006,124092.54570026512,54.6383282542363
2025-05-09 08:00:00.000 UTC,8,8,16,15,14,122428.43642911158,51.56797503483273,115885.2575079984,48.81002089791786
2025-05-09 18:00:00.000 UTC,1,1,2,1,1,40.569790408894875,0.01738600676733341,38.82276594152619,0.01663732705007982
2025-05-10 04:00:00.000 UTC,1,1,2,2,2,209.9486722497906,0.08981222818634317,202.63615752554654,0.08668405630772005
2025-05-10 08:00:00.000 UTC,1,1,2,2,2,547.7333058606778,0.22839898972031702,519.1167780499519,0.21646258283093633
2025-05-10 18:00:00.000 UTC,2,2,4,4,4,3982.9237681058185,1.6044927882511006,3824.2709690096253,1.5405707657189807
2025-05-10 20:00:00.000 UTC,3,3,6,6,6,13260.01472336995,5.3072402656244435,12603.059452644044,5.0442366624718185
2025-05-11 06:00:00.000 UTC,3,3,6,6,6,1348674.440515908,536.7113956895344,1266988.0728476122,504.23660231500395
2025-05-12 16:00:00.000 UTC,1,1,2,2,2,129142.12070829983,51.80032655448811,122603.34320327132,49.17755496789837
2025-05-12 18:00:00.000 UTC,2,2,4,4,4,2751.5946347024064,1.121102269860636,2605.514329100956,1.0615837828053678
2025-05-13 02:00:00.000 UTC,1,1,2,2,2,155.90322189869627,0.06397848355128492,148.59767945285842,0.060980490405674874
2025-05-14 12:00:00.000 UTC,1,1,2,2,2,0.017134314365361704,6.547457508744e-06,0.0163856161640795,6.2612522631524674e-06
2025-05-14 16:00:00.000 UTC,1,1,2,2,2,2929.4560372562837,1.1333881361967582,2772.5059858911186,1.072672536374704
2025-05-14 22:00:00.000 UTC,1,1,2,2,2,16.74104356623175,0.0064396798120774125,16.14992554383333,0.0062122979667056785
2025-05-15 06:00:00.000 UTC,2,2,4,4,4,55898.673979133724,21.81067307095432,52961.144293104815,20.664874939502845
2025-05-15 14:00:00.000 UTC,2,2,4,4,4,52217.56353459957,20.69100840785697,48173.19615414782,19.08866382214444
2025-05-15 18:00:00.000 UTC,1,1,2,2,2,476.37176453721963,0.18728452384872835,451.38614019922187,0.17746417374164575
2025-05-16 14:00:00.000 UTC,2,2,4,2,2,24762.21687135597,9.547795995704382,23633.754230041446,9.112684303995563
2025-05-16 20:00:00.000 UTC,3,3,6,6,5,159108.85394582286,61.70850605906407,152688.9913628078,59.2186740804293
2025-05-17 00:00:00.000 UTC,3,3,6,6,6,65314.07682819329,26.10354264992796,61436.20200787485,24.55401585408222
2025-05-17 04:00:00.000 UTC,1,1,2,2,2,33.51567474929031,0.013400835860774578,31.776393659409244,0.012705416990733
2025-05-17 06:00:00.000 UTC,1,1,2,1,1,264.40504048291984,0.10599389702322477,254.11344642467375,0.10186823376498202
2025-05-17 12:00:00.000 UTC,1,1,2,2,2,1632.3826349204455,0.6593744822594084,1552.1143832826087,0.6269575497313558
2025-05-17 14:00:00.000 UTC,1,1,2,2,2,21.268511145686162,0.008582357054584724,20.028786749778334,0.008082108112905708
2025-05-17 16:00:00.000 UTC,1,1,2,2,2,1059.8875918875708,0.4288627962253248,999.2476586285949,0.40432647087163465
2025-05-18 02:00:00.000 UTC,2,2,4,4,4,28.399429805184155,0.011436597416178328,27.100688796345132,0.010913594113946766
2025-05-18 18:00:00.000 UTC,4,4,8,8,7,1755337.6345339706,712.2281394392302,1643290.098154222,666.7751884737638
2025-05-18 20:00:00.000 UTC,16,16,32,32,18,582057.6605771517,242.4158969469747,548908.2942741924,228.61869745911324
2025-05-18 22:00:00.000 UTC,2,2,4,4,4,132711.96979346417,54.52953845460978,125971.48418664157,51.757856662441434
2025-05-19 04:00:00.000 UTC,1,1,2,2,2,2048.8658613843445,0.8601522695352465,1950.2492468032592,0.8187558581763867
2025-05-19 06:00:00.000 UTC,1,1,2,2,2,1025.3687460163876,0.42946008822806314,977.7537217934449,0.4095177675881492
2025-05-19 08:00:00.000 UTC,1,1,2,2,2,4.009701604346333,0.0016662284168966223,3.862681046270463,0.0016051341267086842
2025-05-20 04:00:00.000 UTC,1,1,2,2,2,31.868745893613614,0.012434640724379924,30.25219700215027,0.011803718879441415
2025-05-20 12:00:00.000 UTC,1,1,2,2,2,2173.3268613663713,0.8719678660293768,2064.162267975378,0.8281785129571811
2025-05-21 16:00:00.000 UTC,2,2,4,4,4,20157.930053557808,7.885272391009555,18617.070531346293,7.283424040317879
2025-05-22 02:00:00.000 UTC,1,1,2,2,2,416.891606942979,0.16046505354938223,398.04810137336455,0.1532106804239558
2025-05-23 02:00:00.000 UTC,1,1,2,2,2,118.20983355516752,0.043648240179378364,112.47411663752119,0.04153006512894789
2025-05-23 06:00:00.000 UTC,1,1,2,2,2,409.6733259037499,0.15353637681538798,391.1499636049737,0.1465941607879164
2025-05-23 10:00:00.000 UTC,3,3,6,6,5,77344.42758148898,29.103033351521198,72971.0262856741,27.457995065560635
2025-05-23 12:00:00.000 UTC,4,4,8,8,8,48064.61084073171,18.809064681914784,44536.81690246746,17.429129686914052
2025-05-23 20:00:00.000 UTC,1,1,2,2,2,34.160355650453795,0.013401556626821125,32.733820487247,0.01284194905738282
2025-05-24 20:00:00.000 UTC,1,1,2,1,1,1002.7571356506083,0.3935906100881564,963.7262234310864,0.3782706487469572
2025-05-25 14:00:00.000 UTC,1,1,2,2,2,32368.52656871628,12.911188288742443,30739.04261315588,12.261290233057919
2025-05-26 00:00:00.000 UTC,1,1,2,2,2,11.189015045740154,0.004372402232066801,10.706425724915224,0.004183801203064737
2025-05-26 16:00:00.000 UTC,1,1,2,2,2,1783.7414383505584,0.6998140444151661,1701.1858667086124,0.6674290092360239
2025-05-26 20:00:00.000 UTC,1,1,2,2,2,618.264101979336,0.24190367668360135,596.1267943117068,0.23324220479550534
2025-05-28 06:00:00.000 UTC,1,1,2,2,2,128.79292583338278,0.04887324069438322,124.3166636972645,0.04717462848598194
2025-05-28 10:00:00.000 UTC,2,2,4,4,3,1.503289130570208,0.0005695612762470529,1.4492822745532747,0.0005490945481808403
2025-05-28 12:00:00.000 UTC,1,1,2,2,2,162.6867107098958,0.0609735233916484,155.76637799674054,0.058379735584185306
2025-05-28 18:00:00.000 UTC,1,1,2,2,2,1370.1682953194525,0.5180292210677598,1301.4119816527668,0.4920365378884601
2025-05-29 02:00:00.000 UTC,1,1,2,2,2,10300.940861429586,3.7462315031497275,9802.842264722372,3.5650329992881944
2025-05-29 12:00:00.000 UTC,1,1,2,2,2,2306.2824618590435,0.8548454637817265,2177.1504843511166,0.8070031749826925
2025-05-29 16:00:00.000 UTC,1,1,2,2,2,367.92423662718335,0.13885826712448215,350.37351918652365,0.13223438900509302
2025-05-29 20:00:00.000 UTC,1,1,2,2,2,1714.9141315916797,0.6465248360231945,1599.7875619240474,0.6031218762687802
2025-05-30 00:00:00.000 UTC,8,8,16,16,11,29145.937527662456,11.145408534884332,27135.67956896676,10.37738867392981
2025-05-30 02:00:00.000 UTC,1,1,2,2,2,35.754151328000006,0.013605865633290613,34.20350597744608,0.01301578410974757
2025-05-30 16:00:00.000 UTC,4,4,8,8,8,43947.58384633768,17.139658919058817,41105.19302379502,16.031381589517597
2025-05-30 22:00:00.000 UTC,3,3,6,6,4,15430.504321313716,6.070271254327999,14364.281583299284,5.651044385933192
2025-05-31 00:00:00.000 UTC,3,3,6,6,6,36121.86501759088,14.336073412015697,34084.419469679735,13.527657156244162
2025-05-31 02:00:00.000 UTC,3,3,6,6,4,78540.3209147793,31.37283991877468,72027.38003518626,28.771294501079723
2025-05-31 08:00:00.000 UTC,1,1,2,2,2,21.31185243924176,0.00843959948432986,20.037447284982193,0.007934928832645282
2025-06-01 12:00:00.000 UTC,3,3,6,6,6,40576.65551345448,16.269323541223592,38527.92192856938,15.447878604847583
2025-06-02 02:00:00.000 UTC,1,1,2,2,2,482.21763580589993,0.19205654392945182,450.95803302775,0.1796083732037462
2025-06-02 22:00:00.000 UTC,1,1,2,2,2,89.69447534902083,0.03464193199317597,82.20623826588297,0.031748140319063436
2025-06-03 20:00:00.000 UTC,1,1,2,2,2,16232.323674972973,6.213202795849644,15394.611168182031,5.892565859681511
2025-06-04 00:00:00.000 UTC,1,1,2,2,2,169.12713854374803,0.06494136496137838,159.72935337439424,0.06133256639670454
2025-06-04 02:00:00.000 UTC,1,1,2,2,2,2.486262066415329,0.000947588609013814,2.3781409968750005,0.0009063867694648699
2025-06-05 10:00:00.000 UTC,1,1,2,2,2,84.28673588338151,0.03235900830715624,80.18844460680864,0.030785615565602876
2025-06-05 14:00:00.000 UTC,1,1,2,2,2,8.372241738816081,0.0032301849837074216,8.066849391145833,0.003112353620897301
2025-06-05 16:00:00.000 UTC,1,1,2,2,2,4.815541385761999,0.0018709567111010916,4.6617191477999995,0.001811189114024022
2025-06-05 18:00:00.000 UTC,7,7,14,14,10,151089.22611696913,58.94081092655748,140620.69834973436,54.858525592366284
2025-06-05 20:00:00.000 UTC,23,23,46,46,27,1005816.0594414889,409.9660799789571,955736.2293934108,389.59913939913605
2025-06-05 22:00:00.000 UTC,3,3,6,6,6,101.09067341718941,0.04161535210083936,94.55775031584724,0.03892598331456179
2025-06-06 00:00:00.000 UTC,7,7,14,14,6,21900.517107932745,9.042112724092846,20705.955827636677,8.548940778653654
2025-06-06 16:00:00.000 UTC,1,1,2,2,2,8091.155362856986,3.233054505693793,7702.8858598258275,3.0779495581108036
2025-06-07 02:00:00.000 UTC,1,1,2,2,2,26.676355177643014,0.010739700371600124,25.518877731555172,0.010273793862326111
2025-06-07 08:00:00.000 UTC,1,1,2,2,2,2567.5987510521795,1.0309545503257336,2446.2144716745697,0.9822151550231768
2025-06-07 10:00:00.000 UTC,1,1,2,2,2,1.078172036229167,0.0004318141888046377,1.0379613733666664,0.0004157092470453463
2025-06-07 18:00:00.000 UTC,1,1,2,2,2,1.09306109932425,0.00043377888093779207,1.0529805024057046,0.000417872620862153
2025-06-08 02:00:00.000 UTC,1,1,2,2,2,0.8641677142616153,0.000343450513333345,0.8274237295788749,0.0003288473225479664
2025-06-08 12:00:00.000 UTC,1,1,2,2,2,0.8695954170090892,0.000345976238016046,0.8309102020483329,0.00033058505435186626
2025-06-08 14:00:00.000 UTC,2,2,4,4,3,4.278785413461839,0.0017009474702447485,4.120759437755342,0.0016381253147796386
2025-06-08 20:00:00.000 UTC,1,1,2,2,2,1.3994609917539285e-05,5.516812520769528e-09,1.300616308333333e-05,5.1271578622797e-09
2025-06-09 20:00:00.000 UTC,1,1,2,2,2,0.0019000775833333333,7.2991063396191e-07,0.0018187488130975002,6.986281033165306e-07
2025-06-09 22:00:00.000 UTC,2,2,4,4,3,7.586039657367559,0.0028508780517687397,7.208794085355916,0.0027091190253770575
2025-06-10 10:00:00.000 UTC,1,1,2,2,2,13775.6433269449,5.0718780082637,13001.415294879367,4.786291791361105
2025-06-10 14:00:00.000 UTC,2,2,4,4,4,4481.899383498563,1.6381909896109215,4251.779138724843,1.554081259493175
2025-06-10 20:00:00.000 UTC,1,1,2,2,2,16.59249262917279,0.0060044949685456395,15.999122277334866,0.005789765615561041
2025-06-11 06:00:00.000 UTC,1,1,2,2,2,40.747950955247674,0.014593619661942562,39.16037996340204,0.01402502404963938
2025-06-11 20:00:00.000 UTC,3,3,6,6,5,576.2608956507842,0.2047963458599361,548.9916976932391,0.19510519882283106
2025-06-12 02:00:00.000 UTC,1,1,2,1,1,25.78327318817458,0.009315130898611006,24.672988696817775,0.008914000859914837
2025-06-12 20:00:00.000 UTC,7,7,14,14,9,15534.534247697286,5.825272482620439,14702.554537926295,5.513501374303138
2025-06-13 00:00:00.000 UTC,23,23,46,46,31,910603.961812151,359.2452842906023,860988.5581632499,339.71708950049606
2025-06-13 02:00:00.000 UTC,2,2,4,4,3,32564.16004168274,13.06010569206736,30660.22260755489,12.296617067840828
2025-06-13 06:00:00.000 UTC,1,1,2,2,2,2.385477629877818,0.000947208859709919,2.2691263219729167,0.000901025680757792
2025-06-13 08:00:00.000 UTC,1,1,2,2,2,0.20260916772916662,8.028139355912471e-05,0.19553566685998675,7.747833649410673e-05
2025-06-13 18:00:00.000 UTC,1,1,2,2,2,3369.630049980748,1.331372293740381,3202.6669584510078,1.2654043445180987
2025-06-14 06:00:00.000 UTC,1,1,2,2,2,0.14222554608898624,5.5847252381617e-05,0.13576108661004435,5.330901621156755e-05
2025-06-14 20:00:00.000 UTC,1,1,2,2,2,9586.156301370369,3.811753077838924,9141.215741803297,3.6348428100574646
2025-06-15 00:00:00.000 UTC,1,1,2,2,2,7.96182001024304,0.0031392868900365915,7.673834333094721,0.003025735300802276
2025-06-15 04:00:00.000 UTC,1,1,2,1,1,32249.982324722085,12.691469408844057,31962.321431835564,12.578265023631374
2025-06-15 20:00:00.000 UTC,1,1,2,2,2,4784.4587765996985,1.9020900279696453,4571.048837535272,1.8172516198104938
2025-06-16 02:00:00.000 UTC,1,1,2,2,2,176.5643298330833,0.06864632340814524,165.76332686903416,0.06444701255352223
2025-06-17 00:00:00.000 UTC,2,2,4,4,4,386731.65571705316,150.42314262025022,364359.2327031415,141.72485734328683
2025-06-17 04:00:00.000 UTC,1,1,2,2,2,1.1566634763615005,0.000445578988147476,1.1171020693194436,0.000430336836274213
2025-06-17 06:00:00.000 UTC,1,1,2,2,2,1194.4677636755503,0.4625161803654127,1142.8951554571254,0.4425465952543157
2025-06-17 16:00:00.000 UTC,2,2,4,4,3,1312.503706072271,0.5286157925944984,1252.3180073247713,0.5043799001879552
2025-06-17 20:00:00.000 UTC,1,1,2,2,2,34.47714787333413,0.013685308923377286,32.8930354836,0.013056538125608521
2025-06-18 10:00:00.000 UTC,2,2,4,4,4,48224.22185067982,19.202181587723242,44695.983988723085,17.797566200883306
2025-06-18 14:00:00.000 UTC,2,2,4,4,4,1888.0929615541397,0.7500725563336381,1806.4850919540556,0.7176569914301643
2025-06-19 10:00:00.000 UTC,1,1,2,1,1,57.33864705531016,0.02260214547526547,55.346183759633746,0.021816742477884586
2025-06-19 20:00:00.000 UTC,2,2,4,4,4,2.8166752222864178,0.001121718492496267,2.7177283087470245,0.0010823136195945806
2025-06-20 02:00:00.000 UTC,1,1,2,2,2,1.2750477399000004,0.0005054466897589878,1.2312360323991223,0.0004880788310728946
2025-06-20 04:00:00.000 UTC,1,1,2,2,2,11.846738102521238,0.004714187355741339,10.997460926167838,0.0043762412185952716
2025-06-20 08:00:00.000 UTC,1,1,2,2,2,2128.5597769541064,0.8329223253269893,2045.4217089622675,0.8003884542675795
2025-06-20 16:00:00.000 UTC,17,17,34,33,22,250262.4107407511,101.4986528466128,231971.7396342042,94.08916229321864
2025-06-20 18:00:00.000 UTC,3,3,6,5,3,176.59888571419273,0.07294455354809454,167.75519945599646,0.06929197893065364
2025-06-20 20:00:00.000 UTC,1,1,2,2,2,7.968856075775557,0.003283321290104285,7.607573427773995,0.0031344729753913104
2025-06-20 22:00:00.000 UTC,1,1,2,2,2,367.4226556873677,0.1528544953361214,350.1397099955913,0.14566476204910242
2025-06-21 04:00:00.000 UTC,4,4,8,8,7,19.91033194013663,0.008207768152190405,18.940209940207257,0.0078078482653720195
2025-06-21 12:00:00.000 UTC,1,1,2,2,2,56.90945057034091,0.023325585329387687,52.315611406155526,0.021442800852550507
2025-06-21 18:00:00.000 UTC,1,1,2,2,2,622041.1828903788,259.1100798498827,581181.9194101387,242.09392031054102
2025-06-21 20:00:00.000 UTC,50,50,100,100,48,2256909.378392014,949.9938095007343,2078115.776062883,874.8041631931106
2025-06-21 22:00:00.000 UTC,28,28,56,56,32,1111236.6510067214,486.38746658165235,1047320.8565929842,458.4236907295218
2025-06-22 00:00:00.000 UTC,1,1,2,2,2,12.668154700146337,0.005526119381439175,11.839933591583332,0.0051648552092203445
2025-06-22 02:00:00.000 UTC,3,3,6,6,5,19.577143541431795,0.008633081876823448,18.636381483566865,0.00821822871180019
2025-06-22 08:00:00.000 UTC,1,1,2,1,1,87.7575085126256,0.03865426599374683,84.34167098489323,0.03714970308367522
2025-06-22 12:00:00.000 UTC,27,27,54,54,27,442652.48447256564,196.30750371425938,408778.47221958684,181.30105740973067
2025-06-22 14:00:00.000 UTC,19,19,38,38,19,1292036.601500134,588.8243245501711,1227475.359263358,559.4008706722452
2025-06-22 16:00:00.000 UTC,3,3,6,6,6,1825.7341141920342,0.8327485989293711,1733.3684873363634,0.7906248181785159
2025-06-22 18:00:00.000 UTC,2,2,4,4,4,2096.4573195511507,0.9577918064214571,1950.119932363602,0.8909417455162785
2025-06-22 20:00:00.000 UTC,26,26,52,52,29,218618.35199529218,100.5291335343052,204112.74152989645,93.86224253986151
2025-06-23 08:00:00.000 UTC,1,1,2,2,2,2.0953884525849893,0.000927194143720157,2.0078323777760008,0.0008884535958318477
2025-06-23 22:00:00.000 UTC,1,1,2,2,2,1976.7575284433979,0.8211893964078727,1921.7411451630464,0.7983137657211801
2025-06-27 18:00:00.000 UTC,1,1,2,2,2,53.710403543226384,0.02233845853312572,51.26015225978499,0.021319408993273364
2025-06-29 22:00:00.000 UTC,2,2,4,4,4,15881.8181001823,6.3894503776902365,14876.48156268789,5.985158057417038
2025-06-30 00:00:00.000 UTC,1,1,2,2,2,10.708369229533378,0.00426597792925035,10.3233560262,0.004112595795282095
2025-07-01 18:00:00.000 UTC,1,1,2,2,2,104.73058400684586,0.043226406559967255,100.19824276578495,0.04135585576065903
2025-07-02 00:00:00.000 UTC,1,1,2,1,1,0.9874393356093752,0.0004103004193811747,0.9531270384528753,0.0003960429866402
2025-07-02 16:00:00.000 UTC,1,1,2,2,2,59.694229219480825,0.023405481572390814,54.99797044912149,0.021563202490558712
2025-07-02 18:00:00.000 UTC,1,1,2,2,2,5.944639071988123,0.0023085123883060583,5.557152584393332,0.0021580332269890688
2025-07-03 00:00:00.000 UTC,1,1,2,2,2,41.22649593204619,0.01600452441039101,38.880378660349265,0.015093743462533001
2025-07-03 04:00:00.000 UTC,1,1,2,2,2,12.20252954719896,0.004740286434344408,11.694716203378087,0.00454293788640001
2025-07-03 22:00:00.000 UTC,1,1,2,2,2,24.76815788658601,0.009551683753703879,23.800201986625403,0.00917839732678429
2025-07-04 04:00:00.000 UTC,1,1,2,2,2,1645.3961592115131,0.6385138404503369,1570.427848937062,0.6094216428417285
2025-07-04 06:00:00.000 UTC,1,1,2,2,2,1714.8589810641,0.6709053605856722,1641.402071746896,0.6421685407995191
2025-07-04 12:00:00.000 UTC,1,1,2,2,2,20924.387637818392,8.219519997565412,19934.58866325994,7.830725837982662
2025-07-04 16:00:00.000 UTC,1,1,2,2,2,397.2648040159413,0.15938990906525324,380.16613971878627,0.15252980115583928
2025-07-04 18:00:00.000 UTC,2,2,4,3,2,2.442095904987786,0.0009812773818471535,2.3485573123442496,0.0009436925883519871
2025-07-05 04:00:00.000 UTC,1,1,2,1,1,0.10973569658366668,4.355807757419885e-05,0.105922483186625,4.2044474889509294e-05
2025-07-06 00:00:00.000 UTC,1,1,2,2,2,7.976271690516048,0.003167612766761341,7.610987896185684,0.0030225452357179636
2025-07-06 16:00:00.000 UTC,1,1,2,2,2,3.5528964482866656,0.0013922066769593191,3.4291254332624983,0.0013437069236508024
2025-07-07 00:00:00.000 UTC,1,1,2,2,2,5.252847506250724,0.002048347954834322,5.0082289577043735,0.0019529609398908489
2025-07-07 12:00:00.000 UTC,1,1,2,2,2,532.6856034831098,0.20860423507664896,507.2681414734565,0.19865062785759477
2025-07-07 16:00:00.000 UTC,1,1,2,2,2,1200.4496360740354,0.47406841365932384,1124.005567940314,0.4438800898439092
2025-07-08 14:00:00.000 UTC,1,1,2,2,2,1217.176937586708,0.4734977770333942,1137.9313876608826,0.4426727582760101
2025-07-09 00:00:00.000 UTC,1,1,2,2,2,42.59964123707816,0.016323515347329075,40.756159825074675,0.015617122131268417
2025-07-09 02:00:00.000 UTC,1,1,2,2,2,7.0382762289579155,0.0027049288633357992,6.780546072975038,0.002605874848197451
2025-07-10 00:00:00.000 UTC,1,1,2,2,2,78.29167083195,0.0283081280517894,74.55716906275808,0.02695782914517613
2025-07-10 14:00:00.000 UTC,2,2,4,3,3,22818.261888572903,8.225577276648641,21741.789632459768,7.83753752590646
2025-07-10 20:00:00.000 UTC,3,3,6,6,6,9791.565790709412,3.437351108537198,9180.284640537993,3.2224276559632705
2025-07-10 22:00:00.000 UTC,1,1,2,2,2,120.83435145428679,0.04084808952840232,116.22820511400002,0.03929092032290103
2025-07-11 02:00:00.000 UTC,1,1,2,2,2,4536.849085003549,1.5325077825839748,4260.2419846709945,1.4390673950696136
2025-07-11 04:00:00.000 UTC,1,1,2,2,2,347.13559830264205,0.11661053283094497,323.4974466978198,0.10866681699794878
2025-07-11 08:00:00.000 UTC,1,1,2,2,2,813.8808264006875,0.27152465423716426,776.8777063291666,0.25917348552442243
2025-07-11 18:00:00.000 UTC,1,1,2,2,2,82.45588398425906,0.027567219238522865,79.2721972964502,0.026502793786804556
2025-07-11 20:00:00.000 UTC,1,1,2,2,2,39539.08986176615,13.241303624772918,37467.648902952016,12.547683462447056
2025-07-12 00:00:00.000 UTC,1,1,2,2,2,45.08775426553113,0.015267047573968845,43.02455019394664,0.014568307648374626
2025-07-12 10:00:00.000 UTC,2,2,4,3,3,117.93415919153249,0.03969348025625605,115.98863847593981,0.03903867013572643
2025-07-12 22:00:00.000 UTC,1,1,2,2,2,11.334772481009418,0.00386410655658123,10.927734429497441,0.003725343901665568
2025-07-13 02:00:00.000 UTC,3,3,6,6,3,20061.751464319404,6.807954868330434,17041.487078470393,5.78282864570822
2025-07-13 04:00:00.000 UTC,1,1,2,2,2,5.476547175877786,0.0018548104493234453,5.060409734073,0.0017138712331876591
2025-07-13 14:00:00.000 UTC,1,1,2,2,2,68.6421294911219,0.022945742331067012,66.31918,0.02216922508591654
2025-07-14 04:00:00.000 UTC,1,1,2,2,2,4928.53728930615,1.6210743782018233,4569.008321977103,1.502818622087624
2025-07-14 08:00:00.000 UTC,1,1,2,2,2,43.12887449755307,0.014204757706970828,40.421062105389936,0.013312967010018219
2025-07-14 12:00:00.000 UTC,1,1,2,2,2,1920.0854595480234,0.6303195518960182,1835.2211734480925,0.6024607042825109
2025-07-14 16:00:00.000 UTC,1,1,2,2,2,2603.0499442037285,0.8634631597858837,2428.3221118642127,0.805504085027946
2025-07-14 18:00:00.000 UTC,1,1,2,2,2,8.6174656003575,0.002874798220221095,8.301567940083332,0.002769412795126991
2025-07-14 20:00:00.000 UTC,1,1,2,2,2,98.04484951807378,0.03265195764449751,93.69478185149231,0.031203331400839914
2025-07-15 00:00:00.000 UTC,1,1,2,2,2,2240.1083188453977,0.7478131716454188,2135.545113444531,0.7129165188083675
2025-07-15 02:00:00.000 UTC,1,1,2,2,2,9.340511410176624,0.0031554151460845728,8.735990304242167,0.002951238217109029
2025-07-15 14:00:00.000 UTC,1,1,2,2,2,425.289150534268,0.1408301093826416,401.64511095918823,0.13300498161530339
2025-07-15 22:00:00.000 UTC,2,2,4,4,4,63587.8187929962,20.509099925257352,60892.50965598061,19.63862991267737
2025-07-16 00:00:00.000 UTC,2,2,4,4,4,47773.015427020844,15.238788066038275,43498.39343432225,13.875073221613748
2025-07-16 14:00:00.000 UTC,4,4,8,8,8,38342.16938686593,11.899414882016414,36410.57514499854,11.299856257720919
2025-07-16 20:00:00.000 UTC,3,3,6,6,5,31392.38869901748,9.270896061747093,27561.242908678654,8.140156701840159
2025-07-16 22:00:00.000 UTC,3,3,6,6,6,207.69855226376805,0.06173503965829813,199.36243467264774,0.059257007946112966
2025-07-17 00:00:00.000 UTC,1,1,2,1,1,48.777834092407275,0.014467108681858937,46.677353198475856,0.013844123140534867
2025-07-17 02:00:00.000 UTC,1,1,2,2,2,37.93945788862304,0.01136143440712519,35.3837739404198,0.010596196783993851
2025-07-17 04:00:00.000 UTC,1,1,2,2,2,49.99936044382316,0.0149524345824616,48.189176845563566,0.014411024430078438
2025-07-17 06:00:00.000 UTC,1,1,2,2,2,10680.969466062897,3.1252797421433796,10108.720764985701,2.957764093579495
2025-07-17 12:00:00.000 UTC,2,2,4,4,4,6684.753535261749,1.954435703075201,6340.328019745715,1.8537438398239607
2025-07-17 20:00:00.000 UTC,1,1,2,2,2,469050.2067440585,136.66388903230498,444629.86534755974,129.54068078407855
2025-07-18 00:00:00.000 UTC,3,3,6,6,5,45168.81336596868,12.795196874947568,42430.16631090751,12.016456817246198
2025-07-18 04:00:00.000 UTC,2,2,4,4,4,328319.7012286338,90.80441182390503,313720.42666955513,86.7642741085508
2025-07-18 22:00:00.000 UTC,2,2,4,4,4,99.87524391532513,0.028189320131202414,96.12600105412508,0.027130971414428016
2025-07-19 04:00:00.000 UTC,1,1,2,2,2,40.40536015841891,0.011257336917961675,38.66159525810969,0.010771491298604753
2025-07-19 18:00:00.000 UTC,1,1,2,2,2,9.416217252564792,0.002648054834002648,9.101801195275591,0.002559629722605978
2025-07-19 22:00:00.000 UTC,1,1,2,2,2,24.9356701146875,0.006964844234738242,23.949455893485705,0.006689376738003084
2025-07-20 02:00:00.000 UTC,3,3,6,6,6,316519.7762749043,87.34694201679933,302153.94228308904,83.38150905674416
2025-07-20 04:00:00.000 UTC,1,1,2,2,2,25.466321402487722,0.006981319528315609,24.434871666132373,0.006698553459260383
2025-07-20 08:00:00.000 UTC,1,1,2,2,2,6804.061770722566,1.841327185290858,6496.996507092829,1.7582096868717598
2025-07-20 10:00:00.000 UTC,2,2,4,4,4,76870.8126023321,20.733577746326226,73282.44077416052,19.765661213472775
2025-07-20 16:00:00.000 UTC,1,1,2,2,2,44985.557678172714,11.90652577425298,43060.92139046736,11.397028925924294
2025-07-20 22:00:00.000 UTC,1,1,2,2,2,552.5764945278435,0.14776133973872418,522.1358043553882,0.13962167505163967
2025-07-21 04:00:00.000 UTC,2,2,4,4,4,146.25802166512509,0.038888616339107195,139.88854742690467,0.037195032343440584
2025-07-21 10:00:00.000 UTC,12,12,24,18,14,533438.5221964995,140.56222570878822,398381.4989538122,104.9512422449301
2025-07-21 12:00:00.000 UTC,1,1,2,2,2,2885.9195201262796,0.7589518107366107,2628.9733633938968,0.6913833207011949
2025-07-21 14:00:00.000 UTC,1,1,2,1,1,1012.6043571166205,0.26433599898103965,968.9993848005937,0.2529531090727652
2025-07-21 16:00:00.000 UTC,1,1,2,2,2,12773.30393272023,3.3822962859671617,12184.90853356113,3.2264988991001067
2025-07-21 18:00:00.000 UTC,1,1,2,2,2,1655.2536855822682,0.44052932213653717,1571.0049946990391,0.4181144185413848
2025-07-21 20:00:00.000 UTC,1,1,2,2,2,31.742148196266672,0.008464519095122898,30.288759756861662,0.008076957454012709
2025-07-21 22:00:00.000 UTC,1,1,2,2,2,74.8091889838,0.01988968475031105,71.2646306674727,0.018947284918735
2025-07-22 00:00:00.000 UTC,1,1,2,2,2,20.53222820106478,0.005473272839293757,19.57932590423334,0.0052192755422428554
2025-07-22 04:00:00.000 UTC,4,4,8,8,6,1509.2831288859693,0.40841505844702347,1440.1417844561527,0.3897100342932119
2025-07-22 06:00:00.000 UTC,1,1,2,2,2,15.06846009026575,0.004074364559111302,14.427424537195382,0.00390103476103543
2025-07-22 08:00:00.000 UTC,3,3,6,6,5,727194.8646434046,199.47783399888183,694932.9617707243,190.62806513089123
2025-07-22 16:00:00.000 UTC,1,1,2,2,2,6414.239954463808,1.727381834976882,5996.138110746215,1.6147801161427857
2025-07-22 22:00:00.000 UTC,2,2,4,3,3,22.338898009441273,0.005995835713795788,21.321712056356258,0.005722658636737739
2025-07-23 04:00:00.000 UTC,3,3,6,5,5,27.6251923268237,0.007416127390795477,26.544513729121824,0.007126008145917451
2025-07-23 06:00:00.000 UTC,1,1,2,2,2,1922.0484607820729,0.5203051624138372,1838.285101995324,0.497631680053639
2025-07-23 12:00:00.000 UTC,4,4,8,8,6,13225.466956513841,3.6216106925251026,12533.231886584688,3.432121312190112
2025-07-23 16:00:00.000 UTC,1,1,2,2,2,62562.71271193485,17.420615536317033,57992.943231264464,16.14887093844736
2025-07-23 20:00:00.000 UTC,2,2,4,4,3,2112.181944932839,0.5916471202508137,2011.5108500891538,0.5634490394756875
2025-07-24 04:00:00.000 UTC,2,2,4,4,4,38382.36205133085,10.622543505064908,35190.887696542784,9.73971596510453
2025-07-24 06:00:00.000 UTC,5,5,10,10,8,33411.770102323135,9.390506357035441,31344.181254105497,8.809402574620059
2025-07-24 22:00:00.000 UTC,1,1,2,2,2,1330.9078333161756,0.3584736602827169,1228.799481132451,0.33097252339697253
2025-07-25 02:00:00.000 UTC,1,1,2,2,2,6.502029551199408,0.0017859435923307304,5.96244160815246,0.00163762925033221
2025-07-25 10:00:00.000 UTC,1,1,2,2,2,856.148456222571,0.2299719772908252,814.7368516493024,0.2188474106010713
2025-07-25 22:00:00.000 UTC,2,2,4,4,4,15.08021624419393,0.004055331775638573,14.402640519253016,0.0038731182964695807
2025-07-26 00:00:00.000 UTC,1,1,2,2,2,6.012533331082588,0.0016171451450686168,5.621440669107715,0.0015119540253539024
2025-07-26 02:00:00.000 UTC,2,2,4,4,4,44.60948320373974,0.011954060913500071,42.4000062709995,0.01136197210694307
2025-07-26 10:00:00.000 UTC,2,2,4,4,4,1187.5152201204194,0.31610261086358143,1119.0862716560673,0.2978874845713729
2025-07-26 20:00:00.000 UTC,1,1,2,2,2,5.472595697673468,0.0014620496872012315,5.0816648752385625,0.001357609237776342
2025-07-26 22:00:00.000 UTC,1,1,2,2,2,8.530086468801448,0.0022750898488256067,7.91153400457349,0.002110112687200543
2025-07-27 00:00:00.000 UTC,1,1,2,2,2,6.8624177283000005,0.0018298153147135966,6.574657069966272,0.001753077485613466
2025-07-27 02:00:00.000 UTC,1,1,2,2,2,356.1719798036475,0.09450293134132282,337.46243147829364,0.0895387655520107
2025-07-28 00:00:00.000 UTC,2,2,4,4,4,255169.23548848357,66.0901905755715,243108.9284819225,62.965679347491175
2025-07-28 04:00:00.000 UTC,2,2,4,4,4,1651.431057551784,0.4234557319961314,1586.2967066524805,0.4067426583846834
2025-07-28 08:00:00.000 UTC,1,1,2,2,2,12826.325591920573,3.30010466563263,12277.312711135732,3.1588485152086507
2025-07-28 12:00:00.000 UTC,1,1,2,2,2,1198.0676627906978,0.30992475596426056,1115.5170016750922,0.28857653765930213
2025-07-28 14:00:00.000 UTC,1,1,2,2,2,343064.56978566875,90.16287888336517,328144.5757555774,86.24176186537397
2025-07-28 22:00:00.000 UTC,1,1,2,2,2,80.94112127533931,0.021373463496492582,75.55525039329662,0.01995126088376798
2025-07-29 16:00:00.000 UTC,1,1,2,2,2,21560.590627633977,5.7385824264632905,20422.49563132445,5.435691521503583
2025-07-30 06:00:00.000 UTC,1,1,2,2,2,113.81856326579708,0.02980408173364438,107.01805636874384,0.02802331644998651
2025-07-30 18:00:00.000 UTC,2,2,4,4,4,4993.34022001077,1.3272394106878826,4620.234742309836,1.2282066315127083
2025-07-31 18:00:00.000 UTC,1,1,2,2,2,2.5233422483771277,0.0006702943455649755,2.4199494782544004,0.000642826764399909
2025-07-31 20:00:00.000 UTC,2,2,4,4,3,4.807443752012425,0.0012862698615761724,4.643257871908333,0.0012423407518471522
2025-07-31 22:00:00.000 UTC,10,10,20,19,12,18333.521299303196,4.937230620031332,17546.121996039747,4.725187065988916
2025-08-01 00:00:00.000 UTC,20,20,40,40,26,781828.2990402427,212.45047364041264,741250.986470054,201.4241921950751
2025-08-01 04:00:00.000 UTC,3,3,6,6,6,31.642333670640568,0.00858580279755021,30.10265271844238,0.008168034000011476
2025-08-01 06:00:00.000 UTC,1,1,2,2,2,1507.1712214378397,0.4124658135098241,1438.68499005203,0.39372653141318426
2025-08-01 08:00:00.000 UTC,9,9,18,17,11,32485.283466484612,8.965995125988826,30842.240732211096,8.512527009994075
2025-08-01 12:00:00.000 UTC,2,2,4,4,4,31147.704943391473,8.536940962650936,29318.437687021877,8.035582955030204
2025-08-01 16:00:00.000 UTC,1,1,2,2,2,971.126828692318,0.2699540930814504,909.4255706909387,0.2528022173750556
2025-08-01 18:00:00.000 UTC,10,10,20,20,17,1831538.3509421728,515.3197792879592,1736703.8560215489,488.6429967337685
2025-08-01 20:00:00.000 UTC,1,1,2,2,2,12.524755253029964,0.00354641112430059,12.00904731399188,0.003400428600918351
2025-08-01 22:00:00.000 UTC,15,15,30,30,11,3985333.3708624137,1142.84136958725,3789390.6281112973,1086.6578767427661
2025-08-02 14:00:00.000 UTC,1,1,2,2,2,131287.5836061587,37.65729114408755,118588.87370981801,34.015263851958245
2025-08-02 16:00:00.000 UTC,4,4,8,8,7,2536.173130916127,0.7323936652532337,2388.169580716167,0.6896544519444392
2025-08-02 18:00:00.000 UTC,14,14,28,28,16,845951.3634137699,248.40064414046867,807352.8138934893,237.0669140368261
2025-08-03 00:00:00.000 UTC,2,2,4,4,4,14367.459568202365,4.219118083992632,12910.360189101295,3.7912804561493783
2025-08-04 00:00:00.000 UTC,1,1,2,2,2,6.624955630927752,0.0018761235716459,6.35665776306972,0.0018001077555689492
2025-08-04 10:00:00.000 UTC,1,1,2,2,2,1754.0299915544476,0.492860226327188,1673.1649512960053,0.47013817598252566
2025-08-04 12:00:00.000 UTC,1,1,2,2,2,195664.08212002268,54.80617812288505,185309.5578372084,51.90547635795519
2025-08-04 14:00:00.000 UTC,1,1,2,2,2,321868.1037840897,88.2813543109802,309346.6903193614,84.84699666618093
2025-08-04 22:00:00.000 UTC,1,1,2,2,2,11.608478187008169,0.003116898876394741,11.1430845947812,0.0029919398132859615
2025-08-05 02:00:00.000 UTC,1,1,2,2,2,11.103680459546085,0.0030232373850952597,10.343035517229469,0.00281614953991213
2025-08-05 04:00:00.000 UTC,2,2,4,4,4,85073.77613841755,23.260924378663116,81228.69744533462,22.20960582905431
2025-08-05 06:00:00.000 UTC,1,1,2,2,2,380.2855706500787,0.10409985369215818,360.3811068295175,0.09865296617059298
2025-08-05 14:00:00.000 UTC,1,1,2,2,2,6883.619815466126,1.9197081785902452,6567.804421499628,1.8316450983587027
2025-08-05 22:00:00.000 UTC,1,1,2,2,2,1130.224334514699,0.3141980531504702,1069.4517105146415,0.2973070678052601
2025-08-06 12:00:00.000 UTC,1,1,2,2,2,20.646649841338206,0.005736890568537657,19.298511849657,0.005362297854545334
2025-08-07 00:00:00.000 UTC,1,1,2,2,2,6.057913862309499,0.0016448085126572528,5.835874871096263,0.001584518180890937
2025-08-07 10:00:00.000 UTC,1,1,2,2,2,71.10114618092501,0.018692857014995647,68.32385027040691,0.017962628236896042
2025-08-07 12:00:00.000 UTC,2,2,4,4,4,252917.59734699124,65.87673881729924,241817.18751085005,62.98436837850262
2025-08-08 02:00:00.000 UTC,2,2,4,4,4,127.12662184937288,0.032561150559771455,121.31881256697847,0.031073097888523707
2025-08-08 04:00:00.000 UTC,1,1,2,2,2,20.428747554222287,0.005218427204677635,19.010687163063487,0.004856164737966789
2025-08-08 14:00:00.000 UTC,1,1,2,2,2,155838.39983967095,39.358203049849244,147344.9135588892,37.212406408556284
2025-08-08 16:00:00.000 UTC,1,1,2,2,2,42.59053828980637,0.010707678482330977,40.91811728078409,0.010286993968691758
2025-08-08 18:00:00.000 UTC,1,1,2,2,2,30.73993242995891,0.0076063465493314,29.44592296811173,0.007286152550296997
2025-08-08 20:00:00.000 UTC,2,2,4,4,4,2680231.5862956443,662.2739016628361,2558892.0969306803,632.2915523371676
2025-08-09 02:00:00.000 UTC,1,1,2,2,2,17728.553400433215,4.397899329484723,16943.276170881432,4.203079862523585
2025-08-09 04:00:00.000 UTC,3,3,6,5,5,32962.157570611154,8.027019847200496,31534.440008997495,7.679297827851969
2025-08-09 18:00:00.000 UTC,1,1,2,2,2,114057.47405824238,26.92366592698598,109308.18169268932,25.802468918521008
2025-08-09 20:00:00.000 UTC,3,3,6,6,6,10194.257112575033,2.3873248768965394,9593.218306379264,2.2465694067235358
2025-08-09 22:00:00.000 UTC,1,1,2,2,2,1143.995751978158,0.2679588910396422,1082.563189864224,0.25356773827502
2025-08-10 04:00:00.000 UTC,3,3,6,5,5,1133805.8556371098,267.5390985094994,1077564.5639894651,254.27257421768937
2025-08-10 12:00:00.000 UTC,1,1,2,2,2,1950.0169173262404,0.46590228178471044,1857.569530728863,0.4438146377267316
2025-08-10 22:00:00.000 UTC,1,1,2,2,2,80.86429880507664,0.019110008839814018,78.05832699162495,0.018446849236033205
2025-08-11 00:00:00.000 UTC,2,2,4,4,4,313.7901229835237,0.07344626668451001,299.90468010716717,0.07019483270384097
2025-08-11 04:00:00.000 UTC,2,2,4,4,4,518.1714111660316,0.12003854533284884,492.37886764228733,0.11406355924747447
2025-08-11 10:00:00.000 UTC,1,1,2,2,2,1021.4785067706403,0.24142911255355923,948.8366834570875,0.22426528680385807
2025-08-11 18:00:00.000 UTC,1,1,2,2,2,43.07885712949795,0.01003958445695256,41.23306716872155,0.009609421817884592
2025-08-11 20:00:00.000 UTC,2,2,4,4,4,4417.4917696191715,1.0425355369408107,4110.522530600387,0.9701005176820555
2025-08-12 02:00:00.000 UTC,1,1,2,2,2,9043.881946069763,2.1099906765876937,8577.448608359526,2.001168646397878
2025-08-12 04:00:00.000 UTC,1,1,2,2,2,9.429396580839956,0.0021955259435250027,9.0766770639868,0.002113396531446082
2025-08-12 06:00:00.000 UTC,1,1,2,2,2,78.2075993270778,0.01819700398931967,74.8995434839218,0.017427356413000073
2025-08-12 12:00:00.000 UTC,1,1,2,2,2,2065.6506314493527,0.47370366527255053,1955.8334310132468,0.4484919164658013
2025-08-12 14:00:00.000 UTC,1,1,2,2,2,125.03565759110428,0.02834151822247455,119.3062248938016,0.027043241536592717
2025-08-12 16:00:00.000 UTC,1,1,2,2,2,68.32271831828392,0.015291059305347323,63.42499356671083,0.014194833344984188
2025-08-12 20:00:00.000 UTC,4,4,8,8,8,85361.0053338378,18.639639868257074,83014.47078185336,18.126993655971066
2025-08-13 04:00:00.000 UTC,2,2,4,4,4,6002.009089242272,1.2898657480556317,5785.024611421502,1.243233435130733
2025-08-13 06:00:00.000 UTC,1,1,2,2,2,105.9134842795011,0.02291793188849277,101.27576619966295,0.021914413821793984
2025-08-13 08:00:00.000 UTC,1,1,2,2,2,2917.790682232001,0.6303407107915339,2786.8768742145503,0.6020594355408386
2025-08-13 12:00:00.000 UTC,2,2,4,4,3,42322.86862456666,9.01592697381632,40354.32534446989,8.596573616405882
2025-08-13 14:00:00.000 UTC,1,1,2,2,2,11314.41815057469,2.4296445081026987,10752.893676105572,2.3090738652210305
2025-08-14 10:00:00.000 UTC,1,1,2,2,2,7105.39621884593,1.504841169899717,6779.723089928701,1.4358800761788635
2025-08-14 12:00:00.000 UTC,10,10,20,20,13,1908076.5936186886,413.35336715392685,1796764.325747893,389.3055783848922
2025-08-14 16:00:00.000 UTC,1,1,2,2,2,78.48273984417533,0.017238459189498987,75.00092775301499,0.01647379100106977
2025-08-14 18:00:00.000 UTC,2,2,4,4,3,73.1956466217437,0.016104915526874652,70.19390742373842,0.015444520628393958
2025-08-14 20:00:00.000 UTC,2,2,4,4,4,449.8109203867341,0.09948373963673188,425.10992348292325,0.09402157818379983
2025-08-15 14:00:00.000 UTC,5,5,10,10,5,56888.38552400925,12.620763403112555,53725.88777180614,11.920137724587619
2025-08-15 16:00:00.000 UTC,1,1,2,2,2,389370.8476050731,88.15357414928306,371688.8388698234,84.15052146458812
2025-08-15 20:00:00.000 UTC,1,1,2,2,2,1080.0140939419318,0.24463292331685038,1024.3160742453438,0.2320169768901033
2025-08-16 00:00:00.000 UTC,1,1,2,2,2,26.205138901769054,0.005860809345435134,24.822786728824457,0.005551652622465232
2025-08-16 08:00:00.000 UTC,1,1,2,2,2,2359.139752596976,0.5299818510382658,2184.851096731713,0.490827373268335
2025-08-16 12:00:00.000 UTC,1,1,2,2,2,16.574212496621332,0.003762059478753132,16.001653247641666,0.0036320984618231273
2025-08-16 16:00:00.000 UTC,2,2,4,4,4,18.997388310581048,0.004310890507001708,18.26155419631646,0.004143914444366845
2025-08-17 04:00:00.000 UTC,2,2,4,4,4,16.575640844872712,0.0037035909379302683,15.788904964892996,0.003527770711117373
2025-08-17 08:00:00.000 UTC,1,1,2,2,2,3915.6483486598404,0.868244471127347,3708.386585002795,0.822298815175677
2025-08-17 10:00:00.000 UTC,1,1,2,2,2,11.81724543486667,0.002596802395232023,11.241107111819018,0.002470188415835331
2025-08-17 12:00:00.000 UTC,1,1,2,2,2,24.939936720525303,0.005492479857760114,24.66176787063705,0.005431219357884124
2025-08-17 14:00:00.000 UTC,4,4,8,8,7,21078.10730306388,4.6320351164210285,20155.739339944994,4.4292687978109875
2025-08-17 18:00:00.000 UTC,2,2,4,4,4,10315.660451325039,2.2949852723938706,9825.833522597994,2.1860778367867173
2025-08-17 22:00:00.000 UTC,3,3,6,6,5,4553.591443563204,1.0108351055487257,4327.963190319684,0.9607495511536542
2025-08-18 00:00:00.000 UTC,1,1,2,2,2,23326.033826370014,5.236991539077612,22018.855258994932,4.943558557389774
2025-08-18 02:00:00.000 UTC,10,10,20,20,12,45773.708609807516,10.527253981550478,43783.66058943093,10.069802432739897
2025-08-18 04:00:00.000 UTC,3,3,6,6,5,97591.47128305817,22.541680434552053,92158.18516661297,21.286703630221034
2025-08-18 06:00:00.000 UTC,5,5,10,10,8,132533.0311094602,31.021967311259303,126022.21199960692,29.498117973449098
2025-08-18 08:00:00.000 UTC,2,2,4,4,4,2685.4146321372536,0.6284973409158814,2551.9423811836514,0.5972599815088776
2025-08-18 20:00:00.000 UTC,1,1,2,1,1,95001.19405487056,21.843185180718184,91303.40610752048,20.992969899778203
2025-08-18 22:00:00.000 UTC,2,2,4,4,4,112341.145934614,25.805659526564245,107108.61911200671,24.603169674395307
2025-08-19 00:00:00.000 UTC,1,1,2,2,2,5.757901967412334,0.001334091955150068,5.448528587708459,0.0012624235216983687
2025-08-19 02:00:00.000 UTC,3,3,6,6,6,3891255.6904463507,909.3699268607473,3673618.2168093445,858.5232801667171
2025-08-19 06:00:00.000 UTC,1,1,2,1,1,102.14517688938153,0.024113082332174043,97.74658075538902,0.023074719935094776
2025-08-19 14:00:00.000 UTC,1,1,2,2,2,1335.12333085275,0.315933172239066,1269.881490731019,0.3004990004094232
2025-08-19 16:00:00.000 UTC,7,7,14,14,8,297851.12468671775,71.33221188192263,282979.6432644941,67.77106844474059
2025-08-19 18:00:00.000 UTC,2,2,4,4,4,7075.794672572607,1.7009762137694766,6748.411772241776,1.6222774767067345
2025-08-19 22:00:00.000 UTC,3,3,6,6,5,2986.0151710800537,0.7233908522160022,2825.928616883273,0.6846163555211885
2025-08-20 12:00:00.000 UTC,1,1,2,2,2,1683.5510109367094,0.4018454680524535,1602.0617552938043,0.3823952100802811
2025-08-21 14:00:00.000 UTC,1,1,2,2,2,574.0224103830686,0.13437070640645243,533.3177542424445,0.12484622361252849
2025-08-22 08:00:00.000 UTC,1,1,2,2,2,125.40862678810208,0.028958525348198223,116.39631140983951,0.026877462033862057
2025-08-22 14:00:00.000 UTC,2,2,4,4,4,151253.2324267248,32.96775016820865,146890.08093242146,32.01439770612058
2025-08-22 16:00:00.000 UTC,3,3,6,6,5,116296.86461342877,24.436735874098893,111425.56850327432,23.41309998620948
2025-08-22 18:00:00.000 UTC,1,1,2,2,2,204.03068234699174,0.042523792225787435,194.62029038156695,0.04056217855829799
2025-08-22 20:00:00.000 UTC,1,1,2,2,2,30364.31465602348,6.269432208719893,29268.0827510204,6.042994655160818
2025-08-22 22:00:00.000 UTC,1,1,2,2,2,55.80679775814677,0.01157497180805976,53.44052173340442,0.011084179859699303
2025-08-23 00:00:00.000 UTC,2,2,4,4,3,38.662298694658986,0.008060080467122529,37.12871847633038,0.007740291735750576
2025-08-23 02:00:00.000 UTC,3,3,6,5,5,173.58954809565643,0.03681851347763272,163.5067108424919,0.03467993783827142
2025-08-23 12:00:00.000 UTC,2,2,4,4,4,9908.022458329078,2.1010062990212584,9448.252935724602,2.003510925524402
2025-08-24 02:00:00.000 UTC,1,1,2,2,2,12.921118021724563,0.002706419731693546,12.124522189191152,0.00253956428384116
2025-08-24 14:00:00.000 UTC,1,1,2,2,2,20445.33691244326,4.265617556103706,18156.25781309997,3.7874884130651885
2025-08-24 16:00:00.000 UTC,6,6,12,12,7,78363.42571818974,16.195395790814985,74337.29409054553,15.363177340289104
2025-08-24 18:00:00.000 UTC,7,7,14,14,12,4037973.3294806355,822.5263849600385,3755250.164671546,764.9433862701786
2025-08-24 20:00:00.000 UTC,1,1,2,2,2,11929.062429421572,2.490397778247562,11302.675210158854,2.359631048253376
2025-08-25 06:00:00.000 UTC,4,4,8,8,7,20172.007731376772,4.3332811251126175,19220.634793438323,4.129018343371756
2025-08-25 08:00:00.000 UTC,4,4,8,8,7,142011.7811788065,30.86564008551967,134751.73441705861,29.287700722475474
2025-08-25 10:00:00.000 UTC,3,3,6,6,6,62412.95475674898,13.64531755728437,59085.79104122439,12.917901524816086
2025-08-25 16:00:00.000 UTC,1,1,2,2,2,125.32368865240515,0.02719944540383274,119.69508797486436,0.0259781999140329
2025-08-25 18:00:00.000 UTC,5,5,10,10,7,977845.1132070732,214.63936363541694,930118.4118019929,204.16781268258208
2025-08-25 20:00:00.000 UTC,13,13,26,25,13,1377565.8814672125,313.8845826544369,1319659.382939307,300.6936352710498
2025-08-25 22:00:00.000 UTC,1,1,2,2,2,4580.910601686314,1.0445278043520605,4385.739881337094,1.000024769829222
2025-08-26 00:00:00.000 UTC,4,4,8,8,6,137332.51700044214,31.406877096584008,130563.70454777611,29.85890896873776
2025-08-26 08:00:00.000 UTC,1,1,2,2,2,1749.2287965605926,0.39513132938916046,1633.7985655638597,0.36905687169142326
2025-08-26 16:00:00.000 UTC,1,1,2,2,2,1145.9429758105846,0.2529401610904892,1091.5482830334226,0.2409343269289302
2025-08-26 22:00:00.000 UTC,1,1,2,2,2,6756.632378372479,1.46895436822428,6316.911800133736,1.3733554293364976
2025-08-27 04:00:00.000 UTC,2,2,4,4,4,2858.0459058717965,0.6181319803056975,2672.4904899683656,0.5780005490789212
2025-08-27 06:00:00.000 UTC,1,1,2,2,2,450.385885235425,0.09810229248453377,414.35974336945947,0.09025515392994565
2025-08-27 08:00:00.000 UTC,1,1,2,1,1,13.540444325255752,0.002951302933308156,13.019658005053609,0.002837791282027073
2025-08-27 18:00:00.000 UTC,1,1,2,2,2,6504.3450560421525,1.4137578077864825,6153.6884961328715,1.3375852876661791
2025-08-27 22:00:00.000 UTC,1,1,2,2,2,157.67263179652852,0.034901809292593504,150.4168335896153,0.03329569495560505
2025-08-28 12:00:00.000 UTC,1,1,2,2,2,127063.04556972717,27.63873425254487,119380.03610008369,25.96751301725639
2025-08-28 14:00:00.000 UTC,1,1,2,2,2,406.8484729937943,0.0892513716664044,387.3983646867599,0.08498570732439666
2025-08-28 18:00:00.000 UTC,1,1,2,2,2,10768.180859454595,2.400149306807397,10242.851764140547,2.2830647622937486
2025-08-28 20:00:00.000 UTC,1,1,2,2,2,11.610470080934405,0.002597281390514823,11.080649939444786,0.002478766364279475
2025-08-29 00:00:00.000 UTC,1,1,2,2,2,1370.5483101411087,0.3057107249024506,1301.5383588359928,0.2903216778814301
2025-08-29 06:00:00.000 UTC,3,3,6,6,6,807415.7164200877,182.00456480752072,761981.8119574757,171.77038333881748
2025-08-29 08:00:00.000 UTC,5,5,10,10,7,139183.19664273434,31.959859127088087,131181.38450619622,30.12278084393153
2025-08-29 10:00:00.000 UTC,1,1,2,2,2,10.00183783945946,0.002299082137020106,9.565630733718002,0.002198814076861547
2025-08-29 12:00:00.000 UTC,1,1,2,2,2,57055.69204119169,13.02455146480293,53851.75187814726,12.293163620663478
2025-08-29 14:00:00.000 UTC,7,7,14,14,10,241463.63496874776,55.947239064405736,229810.97712587204,53.24751112288212
2025-08-29 20:00:00.000 UTC,1,1,2,2,2,120.43007990546751,0.027726588223606616,114.54418671768178,0.026371432841817758
2025-08-30 02:00:00.000 UTC,1,1,2,2,2,7.584950991829587,0.001753953732512717,7.216010880346607,0.001668676185255713
2025-08-30 12:00:00.000 UTC,1,1,2,2,2,21.169594322507255,0.004848346133775179,20.121938545333915,0.00460844227102399
2025-08-31 22:00:00.000 UTC,2,2,4,4,3,121.23986520424593,0.027311483992648586,115.45017488126125,0.02600790875540584
2025-09-01 00:00:00.000 UTC,1,1,2,2,2,24871.25588556279,5.655438185667727,22894.184428954748,5.205864977015554
2025-09-01 20:00:00.000 UTC,13,13,26,26,16,86781.19663001213,20.16130930904422,81705.48208582836,18.983236506922037
2025-09-02 12:00:00.000 UTC,1,1,2,2,2,26.479087084800007,0.006128812388795216,25.240823111959386,0.005842197750454643
2025-09-03 02:00:00.000 UTC,1,1,2,1,1,0.020692939122916663,4.775189041394014e-06,0.019974010723333328,4.609286121811396e-06
2025-09-03 16:00:00.000 UTC,1,1,2,2,2,17.15378328329245,0.00383731364144707,16.96685864283296,0.003795498385941352
2025-09-04 00:00:00.000 UTC,1,1,2,2,2,67930.38939749758,15.219457046870673,65339.0499630497,14.638881871176872
2025-09-04 04:00:00.000 UTC,1,1,2,2,2,50365.36467643508,11.470508198561214,47059.25643432941,10.717617671064781
2025-09-04 12:00:00.000 UTC,1,1,2,2,2,25223.964530270106,5.728652285345692,23534.445929216014,5.344946027443522
2025-09-04 14:00:00.000 UTC,2,2,4,3,3,18725.543331944165,4.316277005454618,17652.644417939977,4.069011355233914
2025-09-04 16:00:00.000 UTC,2,2,4,3,4,4285.286884257882,0.9945669048114179,4077.9690192332587,0.9464514377912018
2025-09-04 18:00:00.000 UTC,1,1,2,2,2,1886.9057745169,0.43961529975678015,1807.3144089614043,0.4210721231829778
2025-09-05 20:00:00.000 UTC,1,1,2,2,2,1056.2621088800586,0.24418185207653714,1004.1263232457418,0.23212997072834277
2025-09-07 10:00:00.000 UTC,1,1,2,2,2,3.9822427397304594,0.0009249039894681138,3.8215316626,0.000887577491230529
2025-09-07 16:00:00.000 UTC,1,1,2,2,2,0.5525528084284005,0.0001287943088028299,0.5135949709575002,0.00011971352580673753
2025-09-08 02:00:00.000 UTC,1,1,2,2,2,20.544525281483597,0.004772145838509113,19.538266958327704,0.004538356437837063
2025-09-08 12:00:00.000 UTC,1,1,2,2,2,144.26500000000124,0.03334799346009897,136.9249467109763,0.031651150300098824
2025-09-08 20:00:00.000 UTC,1,1,2,2,2,738.9061026993143,0.1718601610142001,704.6413469002383,0.1638910481024644
2025-09-09 16:00:00.000 UTC,1,1,2,2,2,268.24749737891665,0.06255859965199209,256.6538207063498,0.05985481292991922
2025-09-10 02:00:00.000 UTC,1,1,2,2,2,4.27490450125e-12,9.90109664755987e-16,4.054623017161873e-12,9.390903200181211e-16
2025-09-10 08:00:00.000 UTC,1,1,2,2,2,6539.586756686668,1.5113132950385326,6252.909649155548,1.4450620425404204
2025-09-10 16:00:00.000 UTC,1,1,2,2,2,1158.6884597376295,0.26463056556585335,1101.0546858031885,0.25146820535711906
2025-09-11 12:00:00.000 UTC,1,1,2,2,2,1726.512976212313,0.39048538587795434,1645.2476281950555,0.3721068811006409
2025-09-12 00:00:00.000 UTC,1,1,2,2,2,61.77075167990105,0.013737703885184091,57.46091991730858,0.012779180719478301
2025-09-13 00:00:00.000 UTC,3,3,6,6,6,8902.173584703349,1.8908868644973769,8531.578465532324,1.8121660857896944
2025-09-13 06:00:00.000 UTC,1,1,2,2,2,1019.1380582588778,0.2160802509162863,952.4661003675213,0.20194450934646963
2025-09-13 16:00:00.000 UTC,2,2,4,4,4,10616.187622058205,2.2918006047945854,10112.555168179419,2.183083526623235
2025-09-15 00:00:00.000 UTC,1,1,2,2,2,6.483779332671547,0.001407717306242463,6.183985772998123,0.0013426281700174747
2025-09-15 08:00:00.000 UTC,2,2,4,4,3,190745.57914622818,41.96962476112584,183160.56492307197,40.301304702953054
2025-09-15 12:00:00.000 UTC,1,1,2,2,2,2374.7383380812935,0.5247146675193548,2258.6670277786643,0.4990681174396119
2025-09-15 14:00:00.000 UTC,1,1,2,2,2,1850.9751790748787,0.41050228986538173,1756.2211379425116,0.38949055918802483
2025-09-15 18:00:00.000 UTC,1,1,2,2,2,112.54538342262404,0.025005938386911734,107.19202246885128,0.02381649989681286
2025-09-16 12:00:00.000 UTC,1,1,2,2,2,212660.8711924273,47.258903426690324,201587.51282503505,44.798150977877064
2025-09-16 14:00:00.000 UTC,2,2,4,4,3,991390.6354381068,222.82415777154094,945467.7716258649,212.50257696572197
2025-09-17 22:00:00.000 UTC,1,1,2,2,2,22.952655658945826,0.005013781884998144,22.066284945916713,0.004819948645489804
2025-09-18 08:00:00.000 UTC,1,1,2,2,2,25.51441752709982,0.005553741316416169,24.282717399840937,0.005285616949248904
2025-09-18 14:00:00.000 UTC,1,1,2,2,2,126140.03852127588,27.410332114274087,121312.84587295316,26.36140441912681
2025-09-18 22:00:00.000 UTC,1,1,2,2,2,2642.46355962626,0.5757478918551361,2521.7876669234215,0.5494556450395672
2025-09-19 02:00:00.000 UTC,1,1,2,2,2,59.33381686379296,0.012926602592734282,56.24793321138543,0.012254359392142861
2025-09-19 14:00:00.000 UTC,1,1,2,2,2,1757.1646717149486,0.39026282427900705,1639.2863694206853,0.36409652508808993
2025-09-19 16:00:00.000 UTC,1,1,2,2,2,105.80714471278236,0.023628355248382225,101.29135780568393,0.022619945954245966
2025-09-22 00:00:00.000 UTC,15,15,30,30,20,1106006.7009510119,252.36684592752331,1050212.32678028,239.65179193518887
2025-09-22 02:00:00.000 UTC,9,9,18,18,13,145788.84606008654,33.80981361090266,139568.5060680179,32.36732829063929
2025-09-22 06:00:00.000 UTC,89,89,178,167,65,13863618.721629374,3303.1444827901705,13032739.381377747,3105.1848553738464
2025-09-22 08:00:00.000 UTC,2,2,4,4,4,830.3789703815241,0.19800537170248225,793.4646678426592,0.18920345937925656
2025-09-22 14:00:00.000 UTC,3,3,6,6,3,1.0948305517673635,0.000261021270092999,1.047780355817042,0.00024980612373107924
2025-09-22 20:00:00.000 UTC,1,1,2,2,2,13.431057210684342,0.003216082790416886,12.85635908643108,0.003078508601730426
2025-09-23 02:00:00.000 UTC,2,2,4,4,4,1072.69151690538,0.25733536131899637,1015.7083775786086,0.24366529403347992
2025-09-23 14:00:00.000 UTC,1,1,2,2,2,5054.282187958648,1.2066019663383405,4836.009114420759,1.1544942901423452
2025-09-23 18:00:00.000 UTC,2,2,4,4,4,1530.8833163174756,0.36787991982672436,1464.4772104573342,0.3519218817210624
2025-09-23 22:00:00.000 UTC,4,4,8,8,7,20.46687244245413,0.004897752526288494,19.69135033848147,0.004712167235932223
2025-09-24 04:00:00.000 UTC,3,3,6,6,6,85459.09586763778,20.610401069408258,80696.78364671876,19.462039951501076
2025-09-24 08:00:00.000 UTC,1,1,2,2,2,124888.53668362809,29.895392233104836,120451.8472843587,28.83335239047714
2025-09-24 10:00:00.000 UTC,1,1,2,2,2,207.60949747840095,0.049622585627368106,200.2150181236687,0.047854920120406395
2025-09-25 00:00:00.000 UTC,2,2,4,4,4,1201.7472824569202,0.2906455473596622,1150.3766381259236,0.2782257365496198
2025-09-25 02:00:00.000 UTC,8,8,16,16,6,700584.2867914924,171.2835735873613,663452.1846848627,162.20754620609765
2025-09-25 04:00:00.000 UTC,19,19,38,37,21,174526.6258172247,43.232004710623,165543.33829842383,41.00688866374753
2025-09-25 06:00:00.000 UTC,2,2,4,4,3,299.85239295665474,0.07466327076507366,285.45700140187193,0.07107884482941024
2025-09-25 12:00:00.000 UTC,16,16,32,32,4,2060257.7041748676,516.0517543771155,1949792.5307290617,488.385178892241
2025-09-25 16:00:00.000 UTC,44,44,88,88,35,774206.352768893,196.2167256910242,727572.1957988436,184.4141131442322
2025-09-25 18:00:00.000 UTC,2,2,4,4,4,3963.8917393011247,1.0153913810280706,3712.5537879760236,0.9510666652433226
2025-09-25 20:00:00.000 UTC,1,1,2,2,2,38.351696545591544,0.009828459296924623,36.65747882369115,0.009394280054659553
2025-09-25 22:00:00.000 UTC,3,3,6,6,4,140.96717446508785,0.03615028801052652,133.51182243643453,0.03423874061919587
2025-09-26 02:00:00.000 UTC,2,2,4,4,4,22.769416473257476,0.005754633640892933,21.778865613550494,0.005504287776931087
2025-09-26 10:00:00.000 UTC,1,1,2,2,2,24.87851999195986,0.006383246570955427,23.704379212533336,0.006081992425277418
2025-09-26 22:00:00.000 UTC,1,1,2,2,2,4.4806286712,0.0011114436837090169,4.298642008985274,0.001066300484303445
2025-09-27 00:00:00.000 UTC,1,1,2,2,2,93.87000512096799,0.023314796882555906,88.04566984865588,0.021868169561862123
2025-09-27 06:00:00.000 UTC,1,1,2,2,2,13885.280817587447,3.454377561948492,12573.341907701508,3.1279814390601772
2025-09-28 10:00:00.000 UTC,1,1,2,1,1,5.704583930975946,0.001426411354689765,5.4589319913645395,0.001364986942286856
2025-09-30 10:00:00.000 UTC,1,1,2,2,2,321.71609556105017,0.07740938847121402,300.5369190738547,0.07231293720009488
2025-09-30 16:00:00.000 UTC,1,1,2,2,2,0.0,0.0,8.480071120515921,0.002062934659105536
2025-10-01 18:00:00.000 UTC,1,1,2,2,2,86.02041933381479,0.01992645991265386,82.7065797881765,0.01915881590217104
2025-10-03 00:00:00.000 UTC,1,1,2,1,1,10.564417266657172,0.002361628026047263,10.10949020732744,0.00225993112540408
2025-10-03 16:00:00.000 UTC,1,1,2,2,2,91.30257571325873,0.020160343602332525,86.59027595683334,0.019120076482240938
2025-10-04 02:00:00.000 UTC,1,1,2,2,2,1126.1181999773844,0.2511661289873431,1077.306997621751,0.24027942819422296
2025-10-04 08:00:00.000 UTC,1,1,2,2,2,3847.0911633985284,0.8554877137115056,3712.94680541141,0.8256576824956517
2025-10-05 22:00:00.000 UTC,1,1,2,1,1,4578.681679649441,1.014198251920181,4381.513569042528,0.9705246429858193
2025-10-06 16:00:00.000 UTC,2,2,4,4,4,1739.4810697863284,0.3713354864507108,1655.634436828335,0.35343519598914713
2025-10-07 04:00:00.000 UTC,1,1,2,1,1,4.925573727820432,0.001046933647350485,4.713467682124823,0.0010018503802397
2025-10-07 08:00:00.000 UTC,1,1,2,2,2,1784.9477166665147,0.38221868384972907,1700.8950208769536,0.3642211686945185
2025-10-07 14:00:00.000 UTC,4,4,8,8,8,65889.03565466273,14.309004650453016,62076.707346467876,13.482562068649353
2025-10-07 16:00:00.000 UTC,2,2,4,4,2,546925.5826530354,121.51544662098277,518851.2093464001,115.27797442907469
2025-10-07 18:00:00.000 UTC,1,1,2,2,2,20.82838109275,0.004653682676758003,19.955486447615996,0.004458657071849195
2025-10-07 20:00:00.000 UTC,1,1,2,2,2,13.555554138708334,0.003007748275471173,12.966400699884002,0.002877025088163153
2025-10-07 22:00:00.000 UTC,3,3,6,6,5,1791.9017642369831,0.39906799543533145,1696.3202606026166,0.37778317147452456
2025-10-08 04:00:00.000 UTC,3,3,6,5,4,4941.164754509,1.1107960019292509,4703.277620469351,1.0573184351348812
2025-10-09 08:00:00.000 UTC,5,5,10,10,7,230377.06853649413,52.80087300500539,218308.35585950845,50.03561585278499
2025-10-09 14:00:00.000 UTC,4,4,8,8,7,1125525.5802020475,259.37860517983654,1071807.684553388,246.9999169261199
2025-10-09 16:00:00.000 UTC,4,4,8,8,7,22098.68770902976,5.127277975101856,20964.576537381254,4.864145699581552
2025-10-09 18:00:00.000 UTC,1,1,2,2,2,15.077226072196922,0.003484428701451622,14.377758040507063,0.003322772255766178
2025-10-10 04:00:00.000 UTC,1,1,2,2,2,6.161638671840415,0.00141598106901091,5.8926712971717485,0.0013541708403149407
2025-10-10 14:00:00.000 UTC,27,27,54,53,23,2433641.2187104435,569.7103904007748,2273961.896456498,532.4711990655744
2025-10-10 16:00:00.000 UTC,1,1,2,2,2,1507.6465314776312,0.36661851261238787,1437.626469538242,0.34959264105123
2025-10-10 18:00:00.000 UTC,29,29,58,56,35,988894.9025214423,243.75737118512643,940766.5043078475,231.90704161514827
2025-10-10 20:00:00.000 UTC,644,644,1288,882,186,143681068.38094908,37028.84772320861,118256024.81022817,30532.830092516106
2025-10-10 22:00:00.000 UTC,90,90,180,156,40,674446.2679548991,174.154586997437,610575.1728268419,157.6601923737229
2025-10-11 00:00:00.000 UTC,46,46,92,91,42,70550.46290538483,18.454790020949805,66321.25428897224,17.349449181948266
2025-10-11 02:00:00.000 UTC,15,15,30,29,13,2294.114215773655,0.603372768025725,2183.848568098705,0.5743720553872257
2025-10-11 04:00:00.000 UTC,4,4,8,8,6,116.61735290876506,0.030650759996928394,108.6660391542659,0.028560884892822068
2025-10-11 06:00:00.000 UTC,6,6,12,12,9,5676.281864055145,1.4984445242105415,5202.186098499964,1.3733167840076332
2025-10-11 16:00:00.000 UTC,1,1,2,2,2,10.488849534841664,0.002735964502305617,10.01931392942058,0.0026134880284620575
2025-10-11 18:00:00.000 UTC,3,3,6,6,6,709.1854843796093,0.1865084921575243,665.9764844258831,0.1751511853995409
2025-10-11 20:00:00.000 UTC,35,35,70,70,39,393989.6507241165,105.91715306622272,373242.14687799604,100.3401486400001
2025-10-12 00:00:00.000 UTC,3,3,6,6,5,15170292.015917705,4064.598188711105,14350659.940638294,3845.005901892055
2025-10-12 02:00:00.000 UTC,3,3,6,6,5,19.568926694175765,0.005214092758400469,18.544197279426722,0.004941210039836513
2025-10-12 04:00:00.000 UTC,2,2,4,4,3,11.9501971110762,0.0031347694153296135,11.346400278808737,0.002976381204973235
2025-10-12 18:00:00.000 UTC,1,1,2,2,2,52.5400368912,0.012720404549994868,46.49952141302414,0.011257795271639512
2025-10-12 22:00:00.000 UTC,1,1,2,1,1,7.236034218882375,0.0017478341759845477,6.954381734604,0.0016798021818173437
2025-10-13 08:00:00.000 UTC,4,4,8,4,6,22572.798605030704,5.407536938344241,20974.307571600344,5.025247750981715
2025-10-13 10:00:00.000 UTC,1,1,2,2,2,486.4307341465559,0.11765185675897756,455.9639427696305,0.11028668316678618
2025-10-13 12:00:00.000 UTC,1,1,2,2,2,159.9790331087932,0.03889783204663881,152.0246064449121,0.03696431866218845
2025-10-13 16:00:00.000 UTC,1,1,2,2,2,1.9407157774856663,0.0004660507367243619,1.885566219437731,0.0004527929974830341
2025-10-14 04:00:00.000 UTC,2,2,4,4,2,838134.4512321552,203.28959410121925,794229.949473345,192.64592882148145
2025-10-14 08:00:00.000 UTC,1,1,2,2,2,4686.192104736068,1.1726796620579025,4447.96656860675,1.1130688051825426
2025-10-14 10:00:00.000 UTC,2,2,4,4,4,20995.849497843385,5.299427609618466,19619.812866666907,4.952163695597521
2025-10-14 18:00:00.000 UTC,2,2,4,4,3,5991.7079470656745,1.45501540799207,5562.042628458175,1.3506768728610448
2025-10-15 04:00:00.000 UTC,2,2,4,4,4,12.708713412036579,0.0030942057647065594,12.486337321497475,0.0030400608814328063
2025-10-15 06:00:00.000 UTC,2,2,4,4,4,3.2816961288065007,0.0007982273928351521,3.1718483411352754,0.0007715074332652572
2025-10-15 14:00:00.000 UTC,1,1,2,2,2,2674.6469037529587,0.6624697044197414,2539.688572117767,0.6290876849058696
2025-10-15 16:00:00.000 UTC,2,2,4,4,4,109798.14669803911,27.60635804216304,104262.1570121595,26.21474492338866
2025-10-15 20:00:00.000 UTC,1,1,2,2,2,86.08939849702679,0.021668068707403947,79.85821724479001,0.020099772756896075
2025-10-16 04:00:00.000 UTC,5,5,10,4,6,322565.72904258216,80.33237020220302,308204.07587907877,76.75600548299418
2025-10-16 06:00:00.000 UTC,2,2,4,4,3,10.626417382967153,0.0026440182663830325,10.140121357762501,0.0025230211291239492
2025-10-16 08:00:00.000 UTC,4,4,8,7,7,30212.2295545976,7.555828633340654,28766.487745560687,7.194261636482957
2025-10-16 12:00:00.000 UTC,2,2,4,4,4,14941.536016014765,3.686038317909651,14269.819095930816,3.520330397454323
2025-10-16 14:00:00.000 UTC,6,6,12,12,8,73638.41949678809,18.41126155485788,69307.60546111065,17.328637320830612
2025-10-16 16:00:00.000 UTC,8,8,16,16,11,1858384.5733836219,474.1023433266512,1759575.122873807,448.90092435437276
2025-10-16 18:00:00.000 UTC,1,1,2,2,2,1447.2404037114766,0.37179667582704473,1379.499767473968,0.35439665456135977
2025-10-16 20:00:00.000 UTC,3,3,6,6,4,169358.4305692023,43.832808801463074,160972.84635624994,41.662492571009246
2025-10-16 22:00:00.000 UTC,1,1,2,2,2,59.361384984941594,0.015294997363220837,54.956315646600146,0.014159894759008355
2025-10-17 06:00:00.000 UTC,41,41,82,82,42,797238.5845328842,208.14057239440916,751480.5725916814,196.21701135246155
2025-10-17 08:00:00.000 UTC,37,37,74,74,42,2040613.0472788317,545.7613058259827,1937017.1453701898,518.0546134073
2025-10-17 10:00:00.000 UTC,19,19,38,38,18,1747334.203014601,466.98665074056413,1646873.4135672092,440.1576969008167
2025-10-17 14:00:00.000 UTC,7,7,14,13,11,1391160.103308467,369.27000333829517,1313324.109318394,348.6091983888737
2025-10-17 16:00:00.000 UTC,1,1,2,2,2,33.47814655749999,0.008794249509834042,32.011774997636245,0.008409086472183632
2025-10-17 22:00:00.000 UTC,1,1,2,2,2,4.860615882349839,0.0012602924147434148,4.578243419567999,0.0011870849639852188
2025-10-18 00:00:00.000 UTC,1,1,2,2,2,1143.2224627902876,0.2970451545598406,1090.129149954209,0.2832522505199557
2025-10-20 06:00:00.000 UTC,1,1,2,2,2,139987.82324629644,34.36195804265925,139684.31039742465,34.28764329735746
2025-10-20 08:00:00.000 UTC,1,1,2,2,2,318.5622957113797,0.07869463976578525,304.23217929420616,0.07515474336312929
2025-10-20 12:00:00.000 UTC,1,1,2,2,2,9.93548803580202,0.002461811358354137,9.454607910421153,0.0023426587941000917
2025-10-20 16:00:00.000 UTC,2,2,4,4,4,1186.9595081157588,0.3000405733698188,1146.5055053604463,0.28981657723542004
2025-10-20 20:00:00.000 UTC,1,1,2,2,2,6.906315592325833,0.00173105566791338,6.662060856682874,0.0016698336609697346
2025-10-21 02:00:00.000 UTC,1,1,2,2,2,7.068878356971507,0.001794830627954142,6.763696726766731,0.0017173433180855907
2025-10-21 04:00:00.000 UTC,2,2,4,4,2,2144.1067843229575,0.5540658090905828,2059.86437372445,0.5322987240059677
2025-10-21 14:00:00.000 UTC,2,2,4,4,4,1684001.4098442388,422.7030228274814,1598718.3723019175,401.20115283394756
2025-10-21 20:00:00.000 UTC,1,1,2,2,2,40411.856800778274,10.205685487720713,38389.81668259954,9.695100270041848
2025-10-21 22:00:00.000 UTC,1,1,2,2,2,831.871883184583,0.21274316305553093,767.8180286666247,0.19636805256073073
2025-10-22 00:00:00.000 UTC,4,4,8,8,6,4517.459314956372,1.1699799292211372,4280.956938815461,1.1087268704558169
2025-10-22 06:00:00.000 UTC,2,2,4,2,4,2249.2050939677083,0.5826398927515692,2152.416826551274,0.5575676142936954
2025-10-22 08:00:00.000 UTC,1,1,2,2,2,1047.3804663128126,0.27168593707417943,1001.7908374943056,0.2598598325069792
2025-10-22 10:00:00.000 UTC,5,5,10,10,7,522868.2428386326,136.42029591625453,494791.02630461537,129.09540838610044
2025-10-22 14:00:00.000 UTC,1,1,2,2,2,26.90261675639515,0.007026724052385545,25.012202457652002,0.006532960967667123
2025-10-22 20:00:00.000 UTC,4,4,8,8,8,57658.52381226585,15.28384097339212,54424.34476585261,14.4270335462347
2025-10-23 02:00:00.000 UTC,1,1,2,2,2,15.452564892233339,0.004037802500942743,14.899615948687098,0.003893315219567613
2025-10-26 08:00:00.000 UTC,1,1,2,2,2,24.549228457863006,0.006190069313218233,23.34064408882007,0.005885285261113262
2025-10-26 12:00:00.000 UTC,1,1,2,1,1,53.30804360180601,0.01311953539387103,51.233102545193006,0.012608875823698618
2025-10-26 14:00:00.000 UTC,1,1,2,2,2,17968.71397220936,4.410923365036305,17456.030147578305,4.285321871289287
2025-10-26 22:00:00.000 UTC,1,1,2,2,2,60168.78903546913,14.510130534303324,57820.8015642801,13.943720128073366
2025-10-27 02:00:00.000 UTC,1,1,2,2,2,2022.7907201323885,0.48140321019403964,1936.1751455468454,0.460791340786422
2025-10-27 20:00:00.000 UTC,2,2,4,4,4,57.09569099643953,0.013774818473621551,53.84777742420454,0.012991292026932718
2025-10-28 02:00:00.000 UTC,1,1,2,2,2,6.316001312161893,0.001537227608918984,6.012954340532666,0.0014634895605843286
2025-10-28 18:00:00.000 UTC,1,1,2,2,2,16213.889786148926,3.9478505828345436,15359.837502604978,3.740037754203244
2025-10-28 20:00:00.000 UTC,4,4,8,8,6,475518.3336347792,119.25790426457743,454435.0630831004,113.97163065533377
2025-10-28 22:00:00.000 UTC,1,1,2,2,2,5.952296819641021,0.001491901242409795,5.666724155570832,0.0014203244586843049
2025-10-29 18:00:00.000 UTC,7,7,14,14,10,51293.442051597216,12.984114762008513,47911.144792194355,12.128274185028236
2025-10-29 22:00:00.000 UTC,3,3,6,6,6,571950.3691129462,145.42140014913252,543420.9224138757,138.16954462364328
2025-10-30 04:00:00.000 UTC,1,1,2,2,2,285544.1404525387,73.3540732206015,271699.3780037417,69.7976311385256
2025-10-30 10:00:00.000 UTC,1,1,2,2,2,142047.46704347446,36.45172860939725,135828.4277478736,34.85583643118642
2025-10-30 12:00:00.000 UTC,8,8,16,14,13,125576.1218036793,32.72339224891785,119409.73831960231,31.11730042578076
2025-10-30 14:00:00.000 UTC,3,3,6,6,5,23026.256620316446,6.081711454801072,21934.289756689905,5.793300742637824
2025-10-30 16:00:00.000 UTC,8,8,16,16,14,233585.88591621982,61.925262806198006,221358.4263196459,58.68465615618233
2025-10-30 18:00:00.000 UTC,9,9,18,18,11,122663.85458713291,32.84012915808344,115899.87558392837,31.029652097482977
2025-10-30 20:00:00.000 UTC,2,2,4,4,4,53311.29178043374,14.258357517338139,50216.68959651206,13.431083790332197
2025-10-30 22:00:00.000 UTC,1,1,2,2,2,13.776732899755581,0.003645083120197029,13.180553427053537,0.00348735245830119
2025-11-03 02:00:00.000 UTC,4,4,8,8,8,2922.876583837446,0.7701023286079642,2703.2283766486526,0.712261070137268
2025-11-03 04:00:00.000 UTC,2,2,4,4,4,44764.56678211538,11.961633622965504,42705.11637314752,11.411357912943258
2025-11-03 06:00:00.000 UTC,6,6,12,9,7,173446.34453260704,46.58791068208828,165499.5457220705,44.45340090338381
2025-11-03 10:00:00.000 UTC,6,6,12,12,6,92726.0764643465,25.00900745385593,87356.38382175562,23.560746142869565
2025-11-03 12:00:00.000 UTC,1,1,2,2,2,6913.996587085852,1.8608393184279963,6454.113253843358,1.7370698905549895
2025-11-03 14:00:00.000 UTC,49,49,98,97,59,1352493.0254169004,365.97206141009747,1245103.1487410797,336.94083885302405
2025-11-03 16:00:00.000 UTC,23,23,46,46,19,371546.9211325975,102.47511333775367,350569.78524258826,96.69243404139102
2025-11-03 20:00:00.000 UTC,5,5,10,10,9,190.7498102100626,0.052956205654610226,179.606278491467,0.049862648974066996
2025-11-03 22:00:00.000 UTC,3,3,6,6,5,36779.37954181177,10.241685229037568,34175.37605846062,9.516568188871956
2025-11-04 02:00:00.000 UTC,1,1,2,2,2,5.612303414728974,0.001541893135089856,5.345703894870834,0.0014686495867890263
2025-11-04 04:00:00.000 UTC,55,55,110,110,45,1717590.267101703,476.0260135471081,1604529.4821823488,444.7233504220209
2025-11-04 06:00:00.000 UTC,9,9,18,18,14,830077.0452994031,236.71550762618693,785587.9341256691,224.0289658839124
2025-11-04 08:00:00.000 UTC,15,15,30,30,18,568763.3966040772,162.82985821984923,540863.051631433,154.84233706584632
2025-11-04 10:00:00.000 UTC,4,4,8,8,7,348163.8298997296,99.47187865596587,332069.0435499259,94.87406750815164
2025-11-04 14:00:00.000 UTC,11,11,22,22,15,785383.3735782141,222.34626252066647,744473.5694230258,210.76716801844063
2025-11-04 16:00:00.000 UTC,100,100,200,194,71,36168213.85574349,10505.401494107185,34420929.8363247,9998.69142611821
2025-11-04 18:00:00.000 UTC,143,143,286,283,76,27466926.2791544,8303.177951674683,25890108.70505157,7826.696523184222
2025-11-04 20:00:00.000 UTC,230,230,460,451,102,30970999.40275435,9728.98824849264,29076218.2846226,9134.148842564891
2025-11-04 22:00:00.000 UTC,7,7,14,14,6,373.94264321652645,0.11469206119200248,356.59066988984046,0.10937144249104974
2025-11-05 00:00:00.000 UTC,7,7,14,13,9,250.76233190868277,0.07750915104971302,235.2619481611908,0.07272457045026251
2025-11-05 04:00:00.000 UTC,3,3,6,6,5,29.40513843993515,0.008819824973545071,28.18022841866017,0.008452429814061933
2025-11-05 08:00:00.000 UTC,1,1,2,1,1,16.994393833800007,0.005137720103321546,15.91952081700001,0.004812766076662014
2025-11-05 22:00:00.000 UTC,2,2,4,4,3,15.521198921133472,0.004525969466532944,14.804957624560329,0.00431711322304476
2025-11-06 02:00:00.000 UTC,2,2,4,4,4,12807.699390218932,3.7432513103549883,11187.09226142957,3.269443979069678
2025-11-06 14:00:00.000 UTC,1,1,2,2,2,40792.761321884864,12.190938997446532,38830.6504482965,11.604812360718556
2025-11-06 16:00:00.000 UTC,1,1,2,2,2,25306.98209609579,7.68124155656985,23370.015578686165,7.093316260013711
2025-11-06 22:00:00.000 UTC,3,3,6,6,4,20.764166943795377,0.006271202073308267,19.83639344226597,0.005991009748417496
2025-11-07 06:00:00.000 UTC,1,1,2,2,2,47.12393955997,0.014041166052895144,45.19760829527689,0.013467178507755848
2025-11-07 10:00:00.000 UTC,1,1,2,2,2,359.6476572724626,0.10992762852659517,340.619826933516,0.10411505579166258
2025-11-07 12:00:00.000 UTC,3,3,6,6,5,64563.02838457445,19.972685288220912,61536.01860129075,19.0362745377774
2025-11-08 04:00:00.000 UTC,1,1,2,2,2,4.493945681750001,0.0013009185737612994,4.177332388803937,0.0012092505641804027
2025-11-09 06:00:00.000 UTC,1,1,2,2,2,6966.788601128089,2.042148088148468,6721.725053572509,1.9703135215357281
2025-11-09 16:00:00.000 UTC,1,1,2,2,2,2126.8216788391787,0.6046247707100638,1747.6378127798578,0.49682795875976143
2025-11-09 18:00:00.000 UTC,1,1,2,2,2,4242.6692897349,1.200312580677253,4053.738073030102,1.1468360393634145
2025-11-10 12:00:00.000 UTC,1,1,2,1,1,902.9486515131292,0.2507196292391611,856.6875251547716,0.23787441104284734
2025-11-10 14:00:00.000 UTC,1,1,2,2,2,434.7690794491498,0.12186998217089796,415.78586060286443,0.11655525391310521
2025-11-10 18:00:00.000 UTC,1,1,2,2,2,16.21833325155337,0.0045701879218265715,15.537920150382158,0.004378453000288387
2025-11-10 20:00:00.000 UTC,4,4,8,7,6,3460.039167453671,0.9723674941489749,3259.9061138484353,0.9161334230224801
2025-11-10 22:00:00.000 UTC,2,2,4,4,4,1519.1308874105919,0.4264796950861738,1356.2185906296413,0.3807306221758347
2025-11-11 14:00:00.000 UTC,2,2,4,4,4,10371.989181721981,2.952658132012531,9762.656707123906,2.779201959173397
2025-11-11 20:00:00.000 UTC,2,2,4,4,4,13621.2042223223,3.9581886850191568,12938.265045776223,3.7597469894900595
2025-11-12 10:00:00.000 UTC,1,1,2,2,2,6.40937103892389,0.001816265756880275,6.206814237845812,0.0017587974737954203
2025-11-12 16:00:00.000 UTC,2,2,4,4,2,148709.51051054348,43.6060654133825,142218.1886088501,41.70262778999616
2025-11-13 12:00:00.000 UTC,2,2,4,4,4,119.89728160655275,0.034405633375336184,113.40888137345146,0.03254411362344656
2025-11-13 14:00:00.000 UTC,1,1,2,2,2,4263.850800204338,1.2459354851874893,4027.205706613455,1.1767940168043638
2025-11-13 16:00:00.000 UTC,14,14,28,27,13,73679.78366054145,22.089222078922205,70410.65931459445,21.111404043035115
2025-11-13 18:00:00.000 UTC,26,26,52,52,25,382746.9441935391,118.8216592995157,365887.5056147798,113.5885611369232
2025-11-13 20:00:00.000 UTC,16,16,32,32,17,168262.00729324433,52.93919346156242,161389.56275545404,50.77695998778035
2025-11-13 22:00:00.000 UTC,5,5,10,10,6,35.727249608979314,0.011071808033770208,33.97039625070531,0.010527733908228473
2025-11-14 04:00:00.000 UTC,20,20,40,40,25,552941.9807907185,173.5231109391351,517141.447829045,162.2901465205029
2025-11-14 06:00:00.000 UTC,6,6,12,12,11,166896.44972279386,52.32871280273686,158394.8820201446,49.663566104521195
2025-11-14 08:00:00.000 UTC,2,2,4,4,4,46093.734112335755,14.428329170808139,44480.14450547118,13.923262220527295
2025-11-14 10:00:00.000 UTC,2,2,4,4,3,251137.85534304942,79.3088478107516,238469.65240943676,75.30900684440032
2025-11-14 12:00:00.000 UTC,32,32,64,64,37,1933179.823749982,621.1998887402939,1817863.659066467,584.1468375374571
2025-11-14 18:00:00.000 UTC,3,3,6,5,4,110.75440739629529,0.0347622937698298,105.3094414816496,0.033053329312979565
2025-11-14 20:00:00.000 UTC,3,3,6,6,6,36128.87984650095,11.414406018521326,34655.2006782025,10.948839788771114
2025-11-14 22:00:00.000 UTC,12,12,24,24,13,49192.87334733894,15.651693923232449,46298.14688367576,14.731205060856777
2025-11-15 00:00:00.000 UTC,1,1,2,2,2,15067.344480668873,4.798342524593278,14422.64348407136,4.593001701462539
2025-11-16 06:00:00.000 UTC,1,1,2,2,2,7639.429289597785,2.380742913604205,7358.549502429712,2.2932096377200493
2025-11-16 16:00:00.000 UTC,64,64,128,126,55,15101107.728710895,4908.280212923457,14177324.546505578,4608.1208300561175
2025-11-16 18:00:00.000 UTC,2,2,4,4,4,20.579942952630066,0.006659093699892636,19.59756250274587,0.006341227127962516
2025-11-16 20:00:00.000 UTC,1,1,2,2,2,7.633764503725001,0.002471172335131044,7.293066432163041,0.002360911978815527
2025-11-16 22:00:00.000 UTC,51,51,102,101,46,20446030.809876848,6640.005987293154,19261071.36141634,6255.191910141501
2025-11-17 08:00:00.000 UTC,1,1,2,2,2,10002.557767336588,3.129158301476315,9660.51658753446,3.022155573797391
2025-11-17 12:00:00.000 UTC,1,1,2,2,2,63.5837031374844,0.020030229921020513,60.69891125560209,0.019122171518882108
2025-11-17 16:00:00.000 UTC,8,8,16,15,11,76803.21909767951,24.77254287194422,73038.95420887228,23.55840130913498
2025-11-17 18:00:00.000 UTC,47,47,94,92,33,3088370.7260531792,1019.350047858794,2916922.0307675786,962.7884348870755
2025-11-17 20:00:00.000 UTC,22,22,44,44,18,713856.3212606413,238.3926741205961,676876.4377679678,226.04453737230233
2025-11-17 22:00:00.000 UTC,2,2,4,4,4,15.867591992463952,0.00525715206275788,15.124308336170085,0.00501089194180969
2025-11-18 00:00:00.000 UTC,3,3,6,6,6,98656.23813175339,32.589588140163784,93785.64586412725,30.980642629106526
2025-11-18 02:00:00.000 UTC,39,39,78,78,40,743941.9392425119,247.6080054885371,705811.7849006972,234.9228403221762
2025-11-18 04:00:00.000 UTC,1,1,2,2,2,21.601396764283166,0.00719328229646778,20.50463020604838,0.006828100268933595
2025-11-18 06:00:00.000 UTC,1,1,2,2,2,78784.25478543028,26.246968112534475,75145.0664678716,25.034594040104015
2025-11-18 12:00:00.000 UTC,1,1,2,2,2,872.2985486399118,0.28601906096533763,828.4923986631583,0.271656289397902
2025-11-18 20:00:00.000 UTC,1,1,2,2,2,1877.0731868632106,0.5997549110569584,1799.6199885258986,0.5750153986291382
2025-11-19 02:00:00.000 UTC,1,1,2,2,2,184.254446417662,0.05934277535280907,174.52369697828445,0.05620927683603942
2025-11-19 12:00:00.000 UTC,1,1,2,2,2,55.86282491454512,0.018081683065545386,53.011323575887324,0.017158711361502665
2025-11-19 14:00:00.000 UTC,5,5,10,10,10,26168.73061976236,8.589712049027126,24273.878123351467,7.967752145043558
2025-11-19 16:00:00.000 UTC,54,54,108,108,40,1069286.3098468282,363.0453244276494,1008070.945109132,342.26989439686395
2025-11-19 18:00:00.000 UTC,54,54,108,108,45,8123474.082575977,2809.0191294000065,7765191.676931489,2685.1472418969715
2025-11-19 22:00:00.000 UTC,1,1,2,2,2,6.421219078963851,0.002145292860058084,6.10933490127,0.002041157925033431
2025-11-20 02:00:00.000 UTC,1,1,2,2,2,46.35177722419943,0.015238950719710504,43.161366975076426,0.014190032724341738
2025-11-20 10:00:00.000 UTC,1,1,2,2,2,247.90643552337255,0.0823758116437538,236.13742983778246,0.0784652012538447
2025-11-20 16:00:00.000 UTC,131,131,262,262,87,28114746.60971382,9811.921376821967,26634019.310637064,9296.503035143955
2025-11-20 18:00:00.000 UTC,41,41,82,82,36,6756649.081124155,2391.180569382602,6393443.337796038,2262.646358437237
2025-11-20 20:00:00.000 UTC,4,4,8,8,6,49.38564926040998,0.017319009231752853,47.093135046666106,0.016515308050754778
2025-11-20 22:00:00.000 UTC,1,1,2,2,2,5.796541571518722,0.002015266607280051,5.480968571634791,0.0019056054440339018
2025-11-21 02:00:00.000 UTC,26,26,52,52,23,2360150.414697713,836.2107575928566,2261632.8574241106,801.3278914797979
2025-11-21 04:00:00.000 UTC,12,12,24,24,6,133965.47162195426,47.68690525460843,126220.92011911274,44.930312461675
2025-11-21 06:00:00.000 UTC,267,267,534,512,135,35061749.010732755,12629.865880812762,32564280.6877108,11730.883725825428
2025-11-21 08:00:00.000 UTC,50,50,100,99,38,7609217.470492034,2793.7185535421336,7167803.5969631085,2631.7013983444194
2025-11-21 10:00:00.000 UTC,36,36,72,72,21,597783.3598316181,221.57350125706967,566950.1755541873,210.14599522009274
2025-11-21 12:00:00.000 UTC,106,106,212,207,90,12455463.935701385,4589.792145451532,11546162.836019734,4255.145592338487
2025-11-21 14:00:00.000 UTC,3,3,6,6,4,35641.399331174805,13.016390579072354,33532.95350232929,12.246430497176004
2025-11-21 16:00:00.000 UTC,1,1,2,2,2,811.8320394472137,0.29550650364472747,777.2860266907375,0.28288690891792073
2025-11-21 18:00:00.000 UTC,1,1,2,2,2,10.644126499413032,0.003851065966387583,10.103656877292917,0.0036555368700046447
2025-11-21 20:00:00.000 UTC,1,1,2,2,2,33476.31744287981,12.192999645623445,31809.842433701248,11.586198351000581
2025-11-22 00:00:00.000 UTC,1,1,2,2,2,11.786542963997922,0.004254611433785862,10.875835043760397,0.0039258713964558985
2025-11-22 02:00:00.000 UTC,1,1,2,2,2,6.4845584574333754,0.00235515902534815,6.192555445932295,0.002249107972541198
2025-11-22 04:00:00.000 UTC,1,1,2,2,2,6.827101669500002,0.002493391193380301,6.530089689975293,0.002384916726771282
2025-11-22 08:00:00.000 UTC,2,2,4,4,4,12878.181194497809,4.7095891411982675,11966.448339905668,4.376165264059035
2025-11-22 10:00:00.000 UTC,2,2,4,4,4,64.76442581622874,0.02377756943437912,59.47192968911455,0.021833648892433777
2025-11-22 12:00:00.000 UTC,1,1,2,2,2,10.877090735264579,0.003997551877066411,10.140115075823193,0.0037267004762089944
2025-11-23 04:00:00.000 UTC,2,2,4,2,4,494589.87787893484,174.87521439748238,472622.3964604837,167.10820583476502
2025-11-23 06:00:00.000 UTC,1,1,2,2,2,87553.32065195736,31.18044330354412,83029.64553651356,29.57004131801983
2025-11-24 00:00:00.000 UTC,2,2,4,4,3,47665.89443610226,17.09289986889435,45376.899457540654,16.2720714001695
2025-11-24 04:00:00.000 UTC,1,1,2,2,2,6.30694651767555,0.002213040693875214,6.000821753831623,0.002105681640402871
2025-11-24 06:00:00.000 UTC,1,1,2,1,1,1347.3110431920916,0.4744378031272124,1335.2934025689708,0.47020594958098355
2025-11-24 16:00:00.000 UTC,1,1,2,2,2,28141.20623414575,9.79308157686151,26726.842686633274,9.300387924983726
2025-11-24 18:00:00.000 UTC,1,1,2,1,1,10.747115251735003,0.0036359989444021395,10.37366409261167,0.0035096517350764567
2025-11-25 16:00:00.000 UTC,1,1,2,2,2,29.444966917114257,0.010064145311388948,28.178302741964128,0.009631046355721904
2025-11-25 22:00:00.000 UTC,3,3,6,6,5,0.8323005584660702,0.0002821915903458051,0.7927079900451666,0.0002687758006277418
2025-11-26 00:00:00.000 UTC,1,1,2,2,2,5.058594880081396,0.001708886611269419,4.834890027799502,0.001633315277678265
2025-11-26 02:00:00.000 UTC,1,1,2,2,2,425.0418488395853,0.14363846845425518,402.1407469740644,0.13590035231093175
2025-11-26 04:00:00.000 UTC,1,1,2,2,2,4.998126382191998,0.0017019024200204589,4.804467020556874,0.0016359598124992278
2025-11-26 06:00:00.000 UTC,2,2,4,4,4,4.469839512742924,0.0015184752807156348,4.264091303227333,0.0014485793618572373
2025-11-26 12:00:00.000 UTC,2,2,4,4,4,79.41728838159503,0.027308760188424132,75.57362595948571,0.025987176288090233
2025-11-26 16:00:00.000 UTC,2,2,4,4,4,11679.891478949663,3.9463907236349645,11088.529904055715,3.7464867462852953
2025-11-26 18:00:00.000 UTC,4,4,8,8,4,3.8248815697016965,0.0012619086478979922,3.61311322821785,0.0011920416652619053
2025-11-26 20:00:00.000 UTC,1,1,2,1,1,25233.578503379053,8.344510920525881,24146.965075003878,7.985177914378833
2025-11-27 00:00:00.000 UTC,1,1,2,2,2,4.878755289073442,0.001610231303414922,4.700602682100271,0.0015514415146599104
2025-11-27 02:00:00.000 UTC,1,1,2,1,1,1558172.172677505,511.0654935838665,1497522.5109825083,491.1729875865442
2025-11-27 10:00:00.000 UTC,8,8,16,16,5,14.25730714612988,0.0047030614746217505,13.644881229878457,0.004501040377639487
2025-11-27 12:00:00.000 UTC,6,6,12,12,10,15.200758179259973,0.00505397752382636,14.462100519695312,0.004808424557891491
2025-11-27 16:00:00.000 UTC,1,1,2,1,1,3508.9804211315236,1.1622908932553535,3477.6812895257913,1.1519235810261184
2025-11-27 22:00:00.000 UTC,1,1,2,2,2,4.4226038721785645,0.001463529114462766,4.210957949626248,0.0013934966558178808
2025-11-28 04:00:00.000 UTC,1,1,2,2,2,1.6224352086833336,0.0005374174171304967,1.553136704467875,0.0005144635997888993
2025-11-28 08:00:00.000 UTC,1,1,2,2,2,1827.8552554578591,0.6013059804919674,1745.9761000750866,0.5743483345027526
2025-11-29 02:00:00.000 UTC,1,1,2,2,2,4.557246258037692,0.001502548625264617,4.366193315415042,0.0014395590183904317
2025-11-29 08:00:00.000 UTC,1,1,2,2,2,23.33690508996141,0.0077576257827830526,22.52157057122409,0.007486593278692456
2025-11-29 22:00:00.000 UTC,1,1,2,2,2,3.4176525883089495,0.001142294108234495,3.2672396037277487,0.0010920210457020252
2025-11-30 04:00:00.000 UTC,2,2,4,4,4,7.692201007045415,0.0025663871940481077,7.291359024170832,0.002432661772801428
2025-11-30 10:00:00.000 UTC,1,1,2,2,2,0.8169818794578838,0.00027135043028438837,0.7680949460866667,0.0002551133828452592
2025-11-30 12:00:00.000 UTC,1,1,2,2,2,3.3704517219275454,0.001113412013166192,3.2075034916785,0.001059602196227595
2025-11-30 14:00:00.000 UTC,1,1,2,2,2,0.0,0.0,5996.693101326221,1.9743478022146999
2025-12-01 00:00:00.000 UTC,11,11,22,22,20,2115943.826594506,734.393988866428,2028513.3633803912,704.1114322493162
2025-12-01 02:00:00.000 UTC,2,2,4,4,4,413.1857570711932,0.1452731919333975,391.2126827270611,0.13755142885186822
2025-12-01 06:00:00.000 UTC,1,1,2,2,2,4.124045300371501,0.001456807895561786,3.943085669918208,0.0013928846736479968
2025-12-01 10:00:00.000 UTC,1,1,2,2,2,3.133087522369505,0.0011019584956657527,2.964732153306,0.001042744853995597
2025-12-01 12:00:00.000 UTC,2,2,4,4,4,1335.521500938166,0.4729814056536388,1244.750015093833,0.4408342083556692
2025-12-01 14:00:00.000 UTC,16,16,32,32,24,62496.97244213127,22.32743280685044,58418.8834898802,20.871383754750227
2025-12-01 16:00:00.000 UTC,1,1,2,2,2,2.607302792973364,0.0009516028135664913,2.415403449460177,0.0008815650105958527
2025-12-02 00:00:00.000 UTC,1,1,2,2,2,3.774467262444466,0.001348449626715027,3.61040046867125,0.0012898378229725073
2025-12-02 14:00:00.000 UTC,4,4,8,8,8,3587937.082226556,1231.479962420483,3337571.1177864233,1145.2103260162758
2025-12-03 08:00:00.000 UTC,1,1,2,2,2,3.559697401670631,0.001165433576235782,3.414914753527332,0.0011180323589281519
2025-12-03 12:00:00.000 UTC,1,1,2,2,2,4.049434621690353,0.001313666552726251,3.8894024252833326,0.0012617563993712602
2025-12-03 14:00:00.000 UTC,1,1,2,2,2,3433.9776991055573,1.1149684433284572,3153.565939125669,1.0239203295102606
2025-12-03 22:00:00.000 UTC,3,3,6,6,5,1181.8538767163568,0.3718716238731199,1130.480147555259,0.35570209016349985
2025-12-04 00:00:00.000 UTC,5,5,10,10,5,15.686572669628234,0.004902899231977545,15.047909240155114,0.004703289192317552
2025-12-04 18:00:00.000 UTC,2,2,4,4,4,370.2172916184597,0.11809485769937951,349.35050099500756,0.111443344452974
2025-12-06 18:00:00.000 UTC,1,1,2,2,2,1.8487188672689923,0.000607177664441668,1.7525022501373857,0.0005755763710546964
2025-12-06 20:00:00.000 UTC,1,1,2,2,2,1230.692692622917,0.40464389140260343,1177.0184930354021,0.3869961894032921
2025-12-07 14:00:00.000 UTC,6,6,12,12,7,247791.82812191168,83.22566085732149,234547.7226311769,78.77855424356915
2025-12-08 14:00:00.000 UTC,1,1,2,2,2,2892.055366149632,0.9232120960654129,2740.494898365065,0.8748611639906222
2025-12-08 16:00:00.000 UTC,1,1,2,2,2,3720.926818162735,1.1958022783546007,3434.660272900165,1.1038057897926883
2025-12-09 14:00:00.000 UTC,1,1,2,1,1,51634.69595854422,16.460118637991087,49624.88799499022,15.819431656000559
2025-12-09 16:00:00.000 UTC,10,10,20,20,10,2604928.896720443,780.554525657422,2523450.3363111997,756.0524217581797
2025-12-10 16:00:00.000 UTC,2,2,4,4,4,0.09561928684156096,2.849793426393397e-05,0.09201145774573306,2.7422887569950692e-05
2025-12-10 20:00:00.000 UTC,1,1,2,2,2,9.941709452999998,0.0029450195415890766,9.50353410540271,0.002815313934834987
2025-12-11 00:00:00.000 UTC,1,1,2,2,2,1783.7672333974342,0.5426759427868562,1662.4293190412945,0.5057813333632993
2025-12-11 02:00:00.000 UTC,2,2,4,4,4,2119.1588113733496,0.6602352153036145,2013.3378758074302,0.6272910364957022
2025-12-11 14:00:00.000 UTC,1,1,2,2,2,1072.1968547118968,0.3367662315767955,1001.467648071536,0.31455146547802815
2025-12-12 08:00:00.000 UTC,1,1,2,2,2,1432.2742325803174,0.4414013656826275,1370.7529944698217,0.4224416182301932
2025-12-12 12:00:00.000 UTC,1,1,2,2,2,556.8599639936564,0.17172069989732136,527.7202944108369,0.16273413298708667
2025-12-12 14:00:00.000 UTC,6,6,12,12,9,232641.43542442578,72.60759971117949,213378.2930593292,66.60260064983682
2025-12-12 16:00:00.000 UTC,2,2,4,4,4,10016.430192282385,3.258780493998697,9534.360442517473,3.1019496988466324
2025-12-14 10:00:00.000 UTC,3,3,6,6,6,27461.87772407782,8.852677651510552,26112.808625179037,8.417826066459895
2025-12-14 22:00:00.000 UTC,2,2,4,4,3,72.76124355214282,0.02369640282448956,69.24170112503188,0.022550231572558904
2025-12-15 12:00:00.000 UTC,1,1,2,2,2,215.70072259946596,0.06852694960503086,200.7029397235945,0.06376223774235594
2025-12-15 14:00:00.000 UTC,8,8,16,16,12,232078.78616094933,75.49220214462636,217628.38240441564,70.81285610364088
2025-12-15 16:00:00.000 UTC,8,8,16,16,12,56011.971053177345,18.759756598064527,51494.01143757394,17.246636858610074
2025-12-15 18:00:00.000 UTC,13,13,26,26,21,273748.3917728405,93.15246559700289,258635.57232988987,88.01060360049397
2025-12-16 02:00:00.000 UTC,1,1,2,2,2,1182.7886144002177,0.4015133095860644,1125.7456771163127,0.3821515037490471
2025-12-16 04:00:00.000 UTC,1,1,2,2,2,2091.222992648509,0.7156402249977433,1974.2521773801864,0.6756116595474905
2025-12-16 10:00:00.000 UTC,1,1,2,2,2,231.9992055112892,0.07879652798990319,224.09559717371462,0.07611214563083842
2025-12-16 12:00:00.000 UTC,1,1,2,2,2,3.034886344033057,0.0010281560579663272,2.787555564192866,0.0009443696878063433
2025-12-16 14:00:00.000 UTC,1,1,2,2,2,87.34122905935321,0.029777399661186938,83.97032477382169,0.02862813575239742
2025-12-17 14:00:00.000 UTC,1,1,2,2,2,338.2628405557411,0.11414954377818931,314.8122803329125,0.1062346354903032
2025-12-17 16:00:00.000 UTC,12,12,24,22,14,31014.21286830609,10.819532419593045,29496.606119375312,10.290147941338766
2025-12-17 18:00:00.000 UTC,6,6,12,11,11,30375.891704049794,10.74100127025632,28847.73440720097,10.201047253023265
2025-12-18 04:00:00.000 UTC,1,1,2,2,2,2724.2935536962405,0.9613793350618512,2524.5798965727427,0.8909051807191026
2025-12-18 08:00:00.000 UTC,1,1,2,2,2,1525.4903389504939,0.5363278759953206,1450.485054738946,0.5099576297117476
2025-12-18 16:00:00.000 UTC,3,3,6,6,3,396952.41637742845,136.7245451544626,360149.23407158704,124.08112750787247
2025-12-18 18:00:00.000 UTC,12,12,24,24,24,159651.03627558376,56.44823481798475,150539.56395871856,53.228094121567814
2025-12-19 10:00:00.000 UTC,2,2,4,4,4,8.702230029194002,0.0029433437618438998,8.368198575252677,0.002830362377876245
2025-12-21 14:00:00.000 UTC,1,1,2,2,2,3.5480374984724254,0.0011959240798843974,3.3099031062142648,0.001115655995845413
2025-12-21 20:00:00.000 UTC,1,1,2,2,2,7407.78665432696,2.478482451961059,6695.910575208963,2.2403123075420246
2025-12-21 22:00:00.000 UTC,8,8,16,16,12,14861.005452227324,4.964245570986295,13791.423284092318,4.606987340875465
2025-12-22 02:00:00.000 UTC,1,1,2,2,2,31.319261245627672,0.01039622676855117,29.704456008189755,0.009860251315509674
2025-12-22 18:00:00.000 UTC,2,2,4,4,4,1410.4092721904185,0.4678492088668332,1340.3778877222044,0.44462872300204787
2025-12-22 20:00:00.000 UTC,6,6,12,12,10,5415.089496477579,1.815691072146684,4999.499750764293,1.6763176906375012
2025-12-23 00:00:00.000 UTC,1,1,2,2,2,2.4067418116109174,0.0007969254382881228,2.323041533231272,0.000769209817673967
2025-12-23 14:00:00.000 UTC,3,3,6,6,5,1247.2697822291916,0.42548501343283507,1183.044311120168,0.4035800177010301
2025-12-24 04:00:00.000 UTC,1,1,2,2,2,1.0581533250666664,0.0003600053023502105,1.009242186520167,0.0003433657427415665
2025-12-24 06:00:00.000 UTC,3,3,6,6,5,17.083344182882087,0.005824640242654316,16.13029725651983,0.005499687527249744
2025-12-24 08:00:00.000 UTC,3,3,6,6,6,2125.3014506565137,0.7258028717440449,1983.3088654716466,0.6773108287977807
2025-12-24 10:00:00.000 UTC,1,1,2,2,2,1.2901937768098715,0.00044043892297309067,1.1773163227026664,0.0004019056109012389
2025-12-24 14:00:00.000 UTC,1,1,2,2,2,76230.51079395151,26.102744970974122,72257.06439871162,24.742193599066155
2025-12-25 20:00:00.000 UTC,1,1,2,1,1,73.31525017008676,0.024843361370488377,70.76761605223189,0.023980078562575682
2025-12-26 10:00:00.000 UTC,1,1,2,2,2,1510.50746009625,0.5088209848266322,1429.2658248792934,0.48145462001795947
2025-12-26 12:00:00.000 UTC,1,1,2,1,1,1081.8835071988449,0.36396374745440424,1039.7727126768382,0.3497969702731943
2025-12-26 14:00:00.000 UTC,1,1,2,2,2,1506.1710939986663,0.5118090064663592,1434.5347398388296,0.4875095547908013
2025-12-27 22:00:00.000 UTC,2,2,4,4,4,5.629921127456635,0.0019154899530542807,5.332469174540014,0.001814287478847194
2025-12-28 10:00:00.000 UTC,1,1,2,2,2,23.212800196748542,0.007889274359035024,22.4198672422055,0.007619782302969048
2025-12-29 02:00:00.000 UTC,1,1,2,2,2,2.8468159048195005,0.0009467922979165766,2.7479472397125013,0.0009139038054634745
2025-12-29 08:00:00.000 UTC,1,1,2,2,2,4174.154119611019,1.3880253193755732,3936.896845509423,1.30914630117286
2025-12-29 18:00:00.000 UTC,1,1,2,2,2,0.0,0.0,2.024056743322,0.0006901991765642435
2025-12-31 00:00:00.000 UTC,1,1,2,2,2,2953.9859528095676,0.9946861922581425,2758.9330150151604,0.9290080950202472
2025-12-31 14:00:00.000 UTC,1,1,2,2,2,9.211853964086417,0.0030805990293636416,8.773932276380764,0.00293411190070875
2025-12-31 16:00:00.000 UTC,4,4,8,8,7,14706.87891521169,4.9433728958000405,13661.265569627356,4.591948214992446
2026-01-02 04:00:00.000 UTC,1,1,2,2,2,2.4639537886838445,0.0008175225940698981,2.2865038274090086,0.0007586459406825392
2026-01-02 14:00:00.000 UTC,1,1,2,1,1,29633.329004302992,9.676735817358734,28479.893325081008,9.300082477177948
2026-01-03 20:00:00.000 UTC,1,1,2,2,2,0.000322909761875,1.036848437866494e-07,0.00030944175869199484,9.9360194292e-08
2026-01-04 00:00:00.000 UTC,1,1,2,1,1,4689.855375797811,1.4904829019435337,4648.023167292181,1.4771882080708956
2026-01-05 00:00:00.000 UTC,1,1,2,2,2,467414.96923575585,147.46553857271167,448883.95332068915,141.61489979475402
2026-01-05 22:00:00.000 UTC,2,2,4,4,3,5.85399202012275,0.001808389151502374,5.643351406078566,0.001743317386498116
2026-01-06 14:00:00.000 UTC,1,1,2,1,1,17216.394550960133,5.254531224166285,16546.270591656667,5.050005981799227
2026-01-06 16:00:00.000 UTC,2,2,4,4,4,74423.00000861255,22.903251578290813,69586.03281711359,21.414846508360082
2026-01-07 08:00:00.000 UTC,1,1,2,2,2,1903.6298499273335,0.5872236068932299,1807.4854967401475,0.5575744433187361
2026-01-07 10:00:00.000 UTC,1,1,2,2,2,0.0,0.0,23.40982089546334,0.0072798424799729155
2026-01-07 14:00:00.000 UTC,2,2,4,4,4,169635.0987325995,53.35422078817207,160627.67252364007,50.5222395390821
2026-01-07 18:00:00.000 UTC,2,2,4,4,2,9422.66893082004,2.993710914956927,8976.696233060313,2.852026722404378
2026-01-08 00:00:00.000 UTC,1,1,2,2,2,1.8831102018722534,0.000594475756194153,1.7962674934967084,0.000567061585971848
2026-01-08 06:00:00.000 UTC,5,5,10,10,7,26751.804459217932,8.573991722855368,25412.317487487864,8.144704763452333
2026-01-08 14:00:00.000 UTC,2,2,4,4,3,48299.72239016784,15.650321545805237,45803.33714325694,14.841455124228663
2026-01-09 20:00:00.000 UTC,1,1,2,2,2,5.410283561611556,0.001756458209722311,5.155779768557001,0.0016738335210363837
2026-01-10 10:00:00.000 UTC,1,1,2,2,2,1.4872394228709749,0.0004804754703613049,1.3796930470261415,0.000445730967723009
2026-01-11 16:00:00.000 UTC,1,1,2,2,2,8262.200621438384,2.6432053909485345,7927.669535899618,2.536183346453296
2026-01-12 08:00:00.000 UTC,1,1,2,2,2,249999.982234022,80.08059640846514,238973.23200166415,76.54875500347454
2026-01-13 10:00:00.000 UTC,1,1,2,2,2,0.5886449947873599,0.000187833801847942,0.5634016943991664,0.00017977879988620115
2026-01-13 14:00:00.000 UTC,1,1,2,2,2,4192.250435804035,1.3323492254290763,3978.2032106148854,1.2643222757321406
2026-01-13 22:00:00.000 UTC,5,5,10,10,9,133328.46851312724,40.27272037231523,126526.8035413386,38.21757662526373
2026-01-14 16:00:00.000 UTC,1,1,2,2,2,1883.0612226905348,0.5593166872415088,1795.960520439969,0.5334451693161206
2026-01-15 00:00:00.000 UTC,2,2,4,4,4,137421.5094086867,41.19910960957121,131418.94876117664,39.39958450089117
2026-01-15 02:00:00.000 UTC,1,1,2,2,2,1051.9819639927791,0.31778137234628495,1007.1324348914246,0.3042347907469398
2026-01-15 14:00:00.000 UTC,1,1,2,2,2,69122.43791751999,20.654751940135093,65710.21456044332,19.63544372594694
2026-01-15 18:00:00.000 UTC,2,2,4,4,4,56381.2805724848,17.12680944276594,53801.58385318104,16.343201056609896
2026-01-16 14:00:00.000 UTC,2,2,4,4,4,28637.88022315043,8.692309249480072,27190.876706803836,8.253167081400512
2026-01-18 22:00:00.000 UTC,2,2,4,4,4,8689.222632015142,2.6064983316096817,8262.114052457615,2.4784152127512438
2026-01-19 00:00:00.000 UTC,14,14,28,27,17,350256.49265359226,108.77581562521212,329804.2901188037,102.42453533680893
2026-01-19 04:00:00.000 UTC,1,1,2,2,2,3424747.7377417353,1067.2047035229152,3323910.6018334907,1035.7822543263487
2026-01-19 12:00:00.000 UTC,1,1,2,2,2,4.1354085478071445,0.001283212383345376,3.957282597180858,0.001227940085179147
2026-01-19 22:00:00.000 UTC,2,2,4,4,4,2584.5409981726625,0.8089295718718583,2441.9172736558057,0.764297452012332
2026-01-20 04:00:00.000 UTC,3,3,6,6,6,9857.232815255451,3.1052977286927548,9396.99569990798,2.960334978859167
2026-01-20 06:00:00.000 UTC,6,6,12,12,11,3629010.8588839285,1158.681848468253,3474558.2480692095,1109.3808134779022
2026-01-20 08:00:00.000 UTC,5,5,10,10,6,260718.945718729,84.08672673324999,249483.710638828,80.46315946889138
2026-01-20 12:00:00.000 UTC,2,2,4,4,4,5998.067429891163,1.934625133869978,5692.036567345848,1.8359270018526792
2026-01-20 14:00:00.000 UTC,13,13,26,26,15,160220.0996593458,52.57106546958001,152293.71515109512,49.97280360487001
2026-01-20 16:00:00.000 UTC,4,4,8,8,5,77181.54336033703,25.61175038400664,73215.51991952675,24.295852956430654
2026-01-20 18:00:00.000 UTC,3,3,6,6,6,5915.6766093870565,1.975748652537801,5574.278290466247,1.8617272094374464
2026-01-20 20:00:00.000 UTC,1,1,2,2,2,5.0073057034852955,0.001671741162522097,4.7982490382080005,0.0016019454271958308
2026-01-20 22:00:00.000 UTC,11,11,22,21,12,269647.7657219031,91.1830275478482,255766.02347976726,86.49133656116682
2026-01-21 02:00:00.000 UTC,1,1,2,2,2,0.9710968257430268,0.000327198419903662,0.9306000367600834,0.00031355375323458565
2026-01-21 12:00:00.000 UTC,7,7,14,14,11,35016.79483402565,11.9637448253796,33239.577148790006,11.356574079467157
2026-01-21 16:00:00.000 UTC,11,11,22,22,18,75176.14182598266,25.696464249222068,70532.35198049045,24.11148080769216
2026-01-21 22:00:00.000 UTC,2,2,4,4,4,1081.8952015860611,0.35883915549180406,1010.3862180054177,0.33512610138473936
2026-01-22 08:00:00.000 UTC,6,6,12,12,7,3.7342664962003074,0.0012432752124135933,3.5718954984158273,0.001189218287994137
2026-01-22 10:00:00.000 UTC,1,1,2,2,2,0.2104584792102685,7.0175126499177e-05,0.20144723616720556,6.71704290865013e-05
2026-01-22 12:00:00.000 UTC,1,1,2,2,2,1353.696732158818,0.45334679201352135,1286.5013436962402,0.43084348306975145
2026-01-22 14:00:00.000 UTC,4,4,8,8,8,5328.805207392336,1.8059789909146524,5040.754564988007,1.708397456596264
2026-01-23 12:00:00.000 UTC,1,1,2,2,2,11.72800476934687,0.003996525226739372,11.622674939025964,0.003960632222690955
2026-01-23 14:00:00.000 UTC,2,2,4,4,4,708.2920656395718,0.24227575716440072,676.4523811754551,0.23138482317484893
2026-01-23 16:00:00.000 UTC,1,1,2,2,2,6.374605099121435,0.002146706332852064,6.094593188207525,0.0020524081323232903
2026-01-25 02:00:00.000 UTC,1,1,2,2,2,6285.995637760974,2.1320311609200773,6020.120505362926,2.041856352307184
2026-01-25 06:00:00.000 UTC,1,1,2,1,1,63.3583622648162,0.02155258318144653,60.63001173666622,0.020624481513345963
2026-01-25 16:00:00.000 UTC,3,3,6,6,5,42057.742257125254,14.537899282050473,39400.01431151569,13.61924770820755
2026-01-25 18:00:00.000 UTC,35,35,70,69,37,201565.35825082185,70.81906293175162,190673.5572288175,66.99391495543999
2026-01-25 20:00:00.000 UTC,11,11,22,22,11,599712.6985076149,213.5063344832047,569735.9216059292,202.8348335096155
2026-01-25 22:00:00.000 UTC,1,1,2,2,2,1599.2590972443304,0.5702241319402069,1499.8080091203667,0.5347643139096243
2026-01-26 16:00:00.000 UTC,1,1,2,2,2,9347.157970198492,3.2216988984983206,8937.52146897572,3.080509065197965
2026-01-27 10:00:00.000 UTC,1,1,2,2,2,70.35391029527791,0.02419755676476911,64.89106696266437,0.022318663385054113
2026-01-27 12:00:00.000 UTC,2,2,4,4,4,979.2806210538416,0.33596931021220366,868.5980069160031,0.2980082623964422
2026-01-28 04:00:00.000 UTC,4,4,8,7,4,9.453860600967978,0.003153479031072259,9.057469765540057,0.003021256906325458
2026-01-28 08:00:00.000 UTC,1,1,2,2,2,23.048789188880477,0.007694090435252627,22.00783141678063,0.007346600464806843
2026-01-28 14:00:00.000 UTC,1,1,2,2,2,2104.0928657150803,0.698209738185143,2008.2466171209935,0.6664120356975879
2026-01-29 02:00:00.000 UTC,1,1,2,2,2,817.2536998796406,0.27535208663712096,766.4843920266082,0.2582495367502178
2026-01-29 04:00:00.000 UTC,1,1,2,2,2,3.184670230878449,0.001078780675759851,3.0322149731842503,0.001027139348169832
2026-01-29 06:00:00.000 UTC,2,2,4,4,2,5.365006689146499,0.0018162388030831377,5.173515406512712,0.001751411931049963
2026-01-29 10:00:00.000 UTC,1,1,2,2,2,136.7175645323745,0.046547426975233015,127.01103107604003,0.04324270014094206
2026-01-29 14:00:00.000 UTC,34,34,68,68,34,2366529.3336390257,822.9894985779041,2215377.4864426446,770.5981268337665
2026-01-29 16:00:00.000 UTC,2,2,4,4,4,1145340.47746972,405.471843751909,1087728.6501364855,385.07977409943067
2026-01-29 18:00:00.000 UTC,28,28,56,55,38,1510483.5931631324,540.7505787660359,1429020.7116042746,511.59593961634954
2026-01-30 00:00:00.000 UTC,60,60,120,120,50,1241560.970081711,443.60829112284046,1153697.515454695,412.2258278930559
2026-01-30 02:00:00.000 UTC,11,11,22,21,13,438846.63313135045,160.60243690760205,416490.3244820426,152.4213763319142
2026-01-30 06:00:00.000 UTC,6,6,12,12,11,53666.63012121678,19.658740209287537,50952.75830336433,18.66461780863586
2026-01-30 14:00:00.000 UTC,5,5,10,10,8,7336.027666284228,2.6830157841793763,6889.306464400408,2.5196410421082955
2026-01-30 16:00:00.000 UTC,1,1,2,2,2,3932.058187895002,1.4434141856612133,3622.687547682074,1.3298689147596667
2026-01-30 18:00:00.000 UTC,66,66,132,132,49,927240.3688152186,341.12922806050994,864529.0391401495,318.0845806855119
2026-01-30 20:00:00.000 UTC,2,2,4,4,2,22.437953151873003,0.008314422980584822,21.407599832731254,0.007932646203665608
2026-01-31 02:00:00.000 UTC,1,1,2,2,2,4.509438167233657,0.001672063740596486,4.298708632984001,0.0015939273873955587
2026-01-31 06:00:00.000 UTC,1,1,2,2,2,8.583090023258627,0.003194198187911123,8.180705665374,0.003044457849980522
2026-01-31 08:00:00.000 UTC,48,48,96,96,41,411075.3637441459,155.10792106246745,385427.93812392233,145.4307384703757
2026-01-31 12:00:00.000 UTC,23,23,46,46,20,346835.4946357792,131.78266847594796,325301.673553328,123.60134609268545
2026-01-31 14:00:00.000 UTC,191,191,382,376,99,13014915.586567637,5091.084918663491,12385011.030136488,4844.861632964309
2026-01-31 16:00:00.000 UTC,504,504,1008,973,160,41110643.84499454,16603.976879259626,38682442.440513164,15627.872978665968
2026-01-31 18:00:00.000 UTC,400,400,800,740,139,70000292.40301687,29300.5614234133,65654525.597352766,27481.529854737273
2026-01-31 20:00:00.000 UTC,16,16,32,32,23,33569.487514018416,14.06894850793371,31878.9177208669,13.360728091569246
2026-01-31 22:00:00.000 UTC,20,20,40,39,18,437.6041096378636,0.18035495135186133,416.73206879517386,0.17175625328976124
2026-02-01 00:00:00.000 UTC,9,9,18,18,12,107969.3201210521,44.07672741341963,102776.29731509704,41.95636648916982
2026-02-01 04:00:00.000 UTC,2,2,4,4,3,12.037117093450354,0.00492455357975309,11.430885681687572,0.00467654916064174
2026-02-01 06:00:00.000 UTC,4,4,8,8,5,57.28110237183647,0.023659175798482257,54.57713474418689,0.02254259454912377
2026-02-01 10:00:00.000 UTC,2,2,4,4,3,77.5979345773504,0.03224745474618014,73.39962147702799,0.0305033562760447
2026-02-01 12:00:00.000 UTC,1,1,2,2,2,6.445213871831588,0.002685326758145951,6.118955326048605,0.0025493954825522476
2026-02-01 14:00:00.000 UTC,100,100,200,198,48,180064.94262164974,76.69014511332873,169225.26913657552,72.07773138768016
2026-02-01 16:00:00.000 UTC,5,5,10,10,6,80.17702591069047,0.034712033827890704,76.1304381788313,0.0329601082678529
2026-02-01 18:00:00.000 UTC,4,4,8,8,6,19728.414562411857,8.422577218728826,18740.446531811813,8.000811526416296
2026-02-01 20:00:00.000 UTC,17,17,34,34,17,59025.532859095976,25.50963916737175,55889.74952161315,24.154624086701833
2026-02-01 22:00:00.000 UTC,161,161,322,319,97,9920010.55146007,4326.216022396839,9256881.849423377,4037.2369025061735
2026-02-02 02:00:00.000 UTC,329,329,658,527,133,31062962.87932142,13796.139602931482,28974595.576155707,12871.011082662017
2026-02-02 04:00:00.000 UTC,397,397,794,22,63,1622763.3944974649,728.4775509436154,1405884.8895901733,631.5120316992676
2026-02-02 06:00:00.000 UTC,58,58,116,113,47,3306498.5002756724,1493.2614603532845,3090671.0033949898,1395.8542597607222
2026-02-02 12:00:00.000 UTC,1,1,2,2,2,64416.305381679915,27.942959190198717,61663.65356245728,26.748645973390573
2026-02-02 14:00:00.000 UTC,3,3,6,6,4,275203.469979647,117.42533979695901,263177.4900902182,112.29234818665918
2026-02-03 14:00:00.000 UTC,3,3,6,6,6,7385.605422082874,3.2268219499162494,6904.667426862868,3.0167452718934493
2026-02-03 16:00:00.000 UTC,2,2,4,4,4,3636.2152773122198,1.6192214856302767,3432.4216294875714,1.5285997765793347
2026-02-03 18:00:00.000 UTC,203,203,406,406,93,23837384.69116314,11003.603732527006,22579680.09469164,10423.073685352649
2026-02-03 20:00:00.000 UTC,1,1,2,2,2,320.12957963608346,0.14091289089108405,300.36913735582056,0.13222523792698823
2026-02-04 06:00:00.000 UTC,1,1,2,2,2,1.0847734869064998,0.0004771513291243418,1.0401134457678327,0.000457505939018837
2026-02-04 14:00:00.000 UTC,2,2,4,4,4,12304.356017955162,5.634072246485893,11577.336282694187,5.301497279316047
2026-02-04 16:00:00.000 UTC,69,69,138,136,41,2063419.6212486117,970.3450908014643,1964736.6254022073,923.9426004915492
2026-02-04 18:00:00.000 UTC,48,48,96,96,38,1400831.7262462317,655.7762174940897,1327518.1568216803,621.4674088137696
2026-02-04 20:00:00.000 UTC,9,9,18,18,13,378884.4105129484,175.5622923002143,351499.0414158073,162.87618867352458
2026-02-04 22:00:00.000 UTC,12,12,24,24,13,646468.8053824246,302.8632180755227,611037.0284385253,286.26518855877725
2026-02-05 00:00:00.000 UTC,1,1,2,2,2,5.487843863424999,0.0025538144311198947,5.219716595766752,0.00242903561764717
2026-02-05 02:00:00.000 UTC,25,25,50,50,23,389049.5604497681,182.96707595577902,366686.61344731436,172.4545683387831
2026-02-05 04:00:00.000 UTC,61,61,122,122,39,2866937.60740036,1364.7735398000484,2725765.136890187,1297.5718076266594
2026-02-05 06:00:00.000 UTC,32,32,64,64,17,273475.126735499,130.5183775166031,258035.40537058242,123.15173399281356
2026-02-05 10:00:00.000 UTC,16,16,32,32,18,352415.82823441864,167.44362524974042,332161.07319228334,157.83155684934417
2026-02-05 12:00:00.000 UTC,120,120,240,238,88,6033680.6146008065,2926.2102902311726,5718135.421861603,2773.188612048504
2026-02-05 14:00:00.000 UTC,686,686,1372,1382,219,54854701.89902243,27054.22679983803,51128953.96633968,25228.014265869973
2026-02-05 16:00:00.000 UTC,45,45,90,90,44,450810.49352625845,228.64561456326715,424015.1440692602,215.05514689866413
2026-02-05 18:00:00.000 UTC,155,155,310,308,91,4651907.214928581,2400.0764284248658,4388397.995488584,2264.1259691891364
2026-02-05 20:00:00.000 UTC,655,655,1310,1270,221,48118523.31907407,25618.17471237946,45382978.2259858,24162.293327627634
2026-02-05 22:00:00.000 UTC,77,77,154,147,67,4666327.717615524,2505.3854232851054,4292046.08100124,2304.516959984718
2026-02-06 00:00:00.000 UTC,651,651,1302,1252,212,90969945.5824573,48957.40902208687,83344897.98275062,44875.408028551225
2026-02-06 02:00:00.000 UTC,14,14,28,27,10,159.539283086523,0.08367542202455663,151.55446452240432,0.07948894126289245
2026-02-06 04:00:00.000 UTC,5,5,10,10,7,42.37403499833717,0.022143039658065366,40.12975041350914,0.02097102143851546
2026-02-06 06:00:00.000 UTC,4,4,8,8,4,24.003512935912834,0.01249445374396555,22.708836962253873,0.011821603408912374
2026-02-06 08:00:00.000 UTC,4,4,8,8,5,19.04503339355044,0.01007057160203566,18.104860537047742,0.009573501212952789
2026-02-06 10:00:00.000 UTC,1,1,2,2,2,0.183354516684625,9.527754287970872e-05,0.17703153241827535,9.1991791022668e-05
2026-02-06 18:00:00.000 UTC,1,1,2,2,2,5.70500228776075,0.002784521567676012,5.465391723914288,0.0026675710060521
2026-02-07 00:00:00.000 UTC,1,1,2,2,2,1626.16601640476,0.7937962401792744,1551.6647080798068,0.757429641463884
2026-02-07 10:00:00.000 UTC,9,9,18,17,9,3.3785572313806904,0.0016810914271239458,3.200736442320126,0.001592612258904744
2026-02-07 12:00:00.000 UTC,7,7,14,14,6,4.1659617160326,0.002038864087653771,3.95000189800974,0.0019331750629651622
2026-02-07 14:00:00.000 UTC,1,1,2,2,2,1.0191811628727403,0.000500137053370689,0.9767744384170468,0.0004793278826674666
2026-02-07 20:00:00.000 UTC,1,1,2,2,2,4.992533969675,0.0023793255995272415,4.787459073231668,0.0022815946806046357
2026-02-08 00:00:00.000 UTC,1,1,2,2,2,4.903120795791619,0.002350195956660868,4.671788222948499,0.0022393135634086385
2026-02-08 02:00:00.000 UTC,1,1,2,2,2,14160.415685305574,6.774840381028407,13506.815905796499,6.462154315674108
2026-02-08 04:00:00.000 UTC,1,1,2,2,2,4.512795960336871,0.00216899993527642,4.320760449914167,0.002076703935921646
2026-02-08 06:00:00.000 UTC,2,2,4,4,4,6.8397976440747605,0.003288329763568463,6.4648875542681346,0.003108089490777122
2026-02-08 08:00:00.000 UTC,28,28,56,55,13,76.09246175481321,0.036206284196827754,72.84565267319664,0.03466159733483327
2026-02-08 10:00:00.000 UTC,5,5,10,10,4,9.746310698099338,0.00462683044642406,9.300852192727106,0.004415405754970059
2026-02-08 12:00:00.000 UTC,1,1,2,2,2,9.414204481823125,0.004421490355042934,9.013790465100149,0.004233428046792466
2026-02-08 14:00:00.000 UTC,4,4,8,8,4,97.38066671138344,0.04594573609402979,92.48667654848796,0.04363678181382749
2026-02-08 16:00:00.000 UTC,1,1,2,2,2,4.053265667362499,0.0019322709671370283,3.8999524731765,0.001859199915535221
2026-02-09 04:00:00.000 UTC,1,1,2,2,2,6.512561245700656,0.0031142861617647743,6.137885321808335,0.0029351172914405164
2026-02-09 08:00:00.000 UTC,4,4,8,8,7,85223.67114128901,41.53673537132336,80978.39755046435,39.467942260721806
2026-02-09 10:00:00.000 UTC,4,4,8,7,7,5479.971662183144,2.701470179768867,5208.1648601012275,2.5674780658959793
2026-02-09 16:00:00.000 UTC,1,1,2,2,2,2.260560822751442,0.001085790811494011,2.2098287524156675,0.0010615026420845324
2026-02-10 00:00:00.000 UTC,1,1,2,2,2,3.558082486283332,0.001688028657550191,3.4089712279499795,0.0016172915930158123
2026-02-10 02:00:00.000 UTC,1,1,2,2,2,7.348514351124929,0.003504678209411055,6.99871656921525,0.003338034821153222
2026-02-10 06:00:00.000 UTC,6,6,12,12,10,11310.06610295362,5.583800082536425,10798.431425100953,5.331492470040252
2026-02-10 08:00:00.000 UTC,1,1,2,2,2,4.501893474917236,0.002235000012370356,4.281488762782668,0.0021255963457063134
2026-02-10 20:00:00.000 UTC,1,1,2,2,2,77204.19676479032,38.3884722001532,72128.47842506206,35.86466942963365
2026-02-11 02:00:00.000 UTC,1,1,2,2,2,49.15970722133334,0.024344105893636978,46.991054411227886,0.02327044618872946
2026-02-11 04:00:00.000 UTC,6,6,12,12,11,45793.55989459288,23.081597325455878,42784.60797769587,21.56532568309799
2026-02-11 06:00:00.000 UTC,4,4,8,8,7,22485.260219418997,11.498072079813252,21420.13507619753,10.953433306937912
2026-02-11 08:00:00.000 UTC,3,3,6,6,6,99547.92492117509,51.07886791434035,94761.90001479359,48.623119278610616
2026-02-11 14:00:00.000 UTC,3,3,6,6,6,2926.0756294330445,1.4992023227469864,2764.8264126544263,1.4167993363756846
2026-02-12 00:00:00.000 UTC,1,1,2,2,2,2.442220348617944,0.00124603794211469,2.333224475275446,0.0011904446051895093
2026-02-12 04:00:00.000 UTC,1,1,2,2,2,473.93316481682496,0.2410079762797041,451.7786786528239,0.22974216326735625
2026-02-12 18:00:00.000 UTC,1,1,2,2,2,10.628605405874156,0.005533919767614724,10.077257640130243,0.005246911119056013
2026-02-13 00:00:00.000 UTC,1,1,2,2,2,2323.687877996502,1.197200769558903,2215.22458389229,1.1413190019051294
2026-02-13 10:00:00.000 UTC,1,1,2,2,2,1162.6881467162352,0.5937912997730901,1107.708152111218,0.5657135357681558
2026-02-13 12:00:00.000 UTC,1,1,2,2,2,15.39011756923708,0.007844639512281466,14.725546568046127,0.00750586796562013
2026-02-13 14:00:00.000 UTC,1,1,2,2,2,937085.7677152402,469.00302123457493,888648.1687189017,444.703101106665
2026-02-13 18:00:00.000 UTC,1,1,2,2,2,1161.457297736292,0.5645573733723726,1107.849257663782,0.5384997599068836
2026-02-13 22:00:00.000 UTC,1,1,2,2,2,2.2311542326700144,0.001087794173278125,2.1370956618488868,0.0010419361878414505
2026-02-14 10:00:00.000 UTC,1,1,2,2,2,3.6275526586588005,0.0017415368657334573,3.400377571873626,0.0016325001947820113
2026-02-14 12:00:00.000 UTC,1,1,2,2,2,1.4555680706666672,0.0006985717554214119,1.3697838590571407,0.0006574165688129618
2026-02-14 20:00:00.000 UTC,1,1,2,2,2,2.7323822200876022,0.0013092133277613,2.612591548921598,0.001251816130931833
2026-02-15 00:00:00.000 UTC,2,2,4,4,4,1744.5528185715575,0.8400815105141919,1662.6040673245147,0.8006247897147247
2026-02-15 02:00:00.000 UTC,1,1,2,1,1,1.233063389925,0.0005992190913225398,1.15586652795,0.0005617045289216363
2026-02-15 12:00:00.000 UTC,1,1,2,2,2,1.3321691264871653,0.000654140235108925,1.2568932354759998,0.0006172463015780384
2026-02-15 16:00:00.000 UTC,3,3,6,6,4,12578.522347657838,6.287689254340968,11814.16359347304,5.905636358689631
2026-02-15 18:00:00.000 UTC,1,1,2,2,2,4.259047393860393,0.002176635177470524,4.060126938346308,0.002075054013567589
2026-02-16 12:00:00.000 UTC,1,1,2,2,2,17.057202200337272,0.008574598461792112,16.30943701828984,0.008198706710622507
2026-02-16 14:00:00.000 UTC,1,1,2,2,2,4212.9722187512125,2.1419505633488534,3979.5245475880206,2.0232623451372307
2026-02-16 18:00:00.000 UTC,6,6,12,6,11,4859.749715199961,2.4595738396705418,4162.88108124636,2.1073464385269833
2026-02-17 04:00:00.000 UTC,1,1,2,2,2,3.818446219467053,0.001924634621464907,3.6355081521599995,0.0018324372999591846
2026-02-17 16:00:00.000 UTC,1,1,2,2,2,1.1358042665099075,0.0005739905186733056,1.0611521852392494,0.0005362764787896565
2026-02-18 16:00:00.000 UTC,1,1,2,1,1,1.1112597618168663,0.000562699734151603,1.0634064706381492,0.000538468645121151
2026-02-18 18:00:00.000 UTC,1,1,2,2,2,174071.40950746776,88.93927994311882,161009.44019683255,82.26718825635723
2026-02-18 22:00:00.000 UTC,1,1,2,2,2,3.8018998683250014,0.0019527565652689566,3.640010411213992,0.0018696058306443136
2026-02-19 12:00:00.000 UTC,1,1,2,2,2,9168.285264641338,4.719331825230931,8673.213706069811,4.464592101995857
2026-02-19 14:00:00.000 UTC,1,1,2,2,2,1055.3689428149996,0.547405868164911,1000.8119696902863,0.5191076220024801
2026-02-19 16:00:00.000 UTC,2,2,4,4,3,372.891479288781,0.19367741211603817,353.6415434212901,0.18367947233284024
2026-02-20 04:00:00.000 UTC,1,1,2,2,2,2.7766734155724766,0.00142672634696726,2.6388448140441656,0.0013559072435379404
2026-02-20 08:00:00.000 UTC,1,1,2,2,2,7.819747945359585,0.0039805411957008026,7.491063352829407,0.003813221926559783
2026-02-20 12:00:00.000 UTC,2,2,4,4,4,1314.368973210779,0.6762574886331242,1186.0323954066396,0.6102400086688097
2026-02-20 22:00:00.000 UTC,1,1,2,2,2,9.737269317679155,0.004944130501571385,9.637499492387516,0.004893472032485494
2026-02-21 02:00:00.000 UTC,1,1,2,2,2,235.7217399018382,0.1199677027575123,224.67297786729253,0.1143448725487307
2026-02-22 02:00:00.000 UTC,3,3,6,3,2,3.783685215622566,0.0019161842578394282,3.629118405178066,0.0018379064784016207
2026-02-22 04:00:00.000 UTC,1,1,2,1,1,1.0883866609326671,0.0005515167898780269,1.0460232638175002,0.0005300500394813769
2026-02-22 12:00:00.000 UTC,1,1,2,2,2,114.61377885155004,0.0582530462784908,109.05775726134337,0.05542936552006392
2026-02-22 16:00:00.000 UTC,2,2,4,4,4,196.4897727181181,0.10079308518892514,186.83981953138587,0.09584314922282323
2026-02-23 00:00:00.000 UTC,9,9,18,17,15,62580.68590714397,32.627057756092874,58266.72712937987,30.386206754173593
2026-02-23 02:00:00.000 UTC,9,9,18,17,13,55022.46130654396,29.526313131536867,52313.1307136335,28.07242697730475
2026-02-23 04:00:00.000 UTC,2,2,4,4,3,3.786591491356276,0.002031595782042434,3.630710231018234,0.001947964498239163
2026-02-23 12:00:00.000 UTC,10,10,20,20,3,10.951476591809593,0.005702691146820381,10.490504842309676,0.005462663825078644
2026-02-23 16:00:00.000 UTC,6,6,12,12,6,1885.1144956306066,1.0029017616803868,1754.0225056823065,0.9332030240989827
2026-02-23 18:00:00.000 UTC,3,3,6,6,6,2021.1354509330843,1.086126763617412,1881.043100220722,1.0108472053468558
2026-02-23 20:00:00.000 UTC,1,1,2,2,2,2511.003699737193,1.3499866774120028,2289.997102647738,1.2311776443166327
2026-02-24 00:00:00.000 UTC,15,15,30,30,18,492572.47006216535,265.3284484877006,464966.1490280912,250.4611144863391
2026-02-24 02:00:00.000 UTC,4,4,8,8,3,11.98045654024261,0.006512443474471426,11.457196001248125,0.006228063465395737
2026-02-24 04:00:00.000 UTC,4,4,8,8,8,7317.904634682712,4.00317593593117,6966.765613318881,3.811089930226133
2026-02-24 10:00:00.000 UTC,1,1,2,2,2,41.08258788616047,0.022515565992599188,40.700238629855974,0.02230601719213027
2026-02-24 12:00:00.000 UTC,4,4,8,8,7,7819.37425473602,4.287981816516552,7453.829808310303,4.087532377853442
2026-02-24 16:00:00.000 UTC,2,2,4,4,2,1.701413920070834,0.0009172715522478057,1.618544876212875,0.0008725976423900621
2026-02-25 00:00:00.000 UTC,1,1,2,2,2,6665.3429437346285,3.5528075993450132,6316.321643803717,3.3662377984154985
2026-02-25 02:00:00.000 UTC,1,1,2,2,2,605.7520849379165,0.315394852822517,576.7748983975697,0.30030310086211764
2026-02-25 06:00:00.000 UTC,1,1,2,2,2,1.5654502049819046,0.0008277342366473936,1.4564755083285001,0.000770113709719763
2026-02-25 14:00:00.000 UTC,2,2,4,3,3,615821.7768634774,309.64241143648763,585894.1551246232,294.5832855222819
2026-02-25 16:00:00.000 UTC,5,5,10,9,5,6065587.758869093,2963.7709021461465,5783042.744872935,2825.4965812557716
2026-02-25 20:00:00.000 UTC,2,2,4,4,4,33.41843391518959,0.016082764367030267,31.110291861628554,0.01497171169197167
2026-02-26 04:00:00.000 UTC,1,1,2,2,2,81.8956186458075,0.039620386623430946,78.98087008061125,0.038210256131896624
2026-02-26 14:00:00.000 UTC,2,2,4,3,3,3873.3243256648484,1.8911832697366076,3722.3096120255914,1.817449414723007
2026-02-26 16:00:00.000 UTC,1,1,2,2,2,1349.2557157115941,0.6723862900613051,1278.6977515321896,0.6372605825015925
2026-02-26 18:00:00.000 UTC,4,4,8,7,4,4.536351682292518,0.002258376605014731,4.376822228031749,0.002179053768730856
2026-02-26 20:00:00.000 UTC,1,1,2,2,2,1.284502255440713,0.00063266117061355,1.2279020265229164,0.0006047840242797967
2026-02-27 10:00:00.000 UTC,8,8,16,15,6,2463.8937729518166,1.2406639361805127,2368.830212307607,1.1928142324955775
2026-02-27 12:00:00.000 UTC,1,1,2,2,2,372.48546723749223,0.18995766249258078,345.46795875724507,0.1761796521128148
2026-02-27 14:00:00.000 UTC,1,1,2,2,2,1462.1541645741813,0.7488553769709928,1393.6338781764748,0.713763538109872
2026-02-27 16:00:00.000 UTC,3,3,6,6,5,51856.0696506422,26.84071831926131,48331.374906953366,25.01675174457497
2026-02-27 22:00:00.000 UTC,4,4,8,7,6,2249.866295340196,1.1697374765033342,2162.2359124151803,1.1241772143154785
2026-02-28 00:00:00.000 UTC,1,1,2,2,2,1.599345865145947,0.000828280245514569,1.5034271166125002,0.0007786050032676692
2026-02-28 06:00:00.000 UTC,14,14,28,28,18,387261.7756465442,206.456089515737,365905.3285446812,195.0816262043856
2026-02-28 10:00:00.000 UTC,1,1,2,2,2,4.498895844724894,0.002411251971869805,4.286666201077791,0.0022975334129734432
2026-02-28 20:00:00.000 UTC,1,1,2,2,2,2405.957059761963,1.2296420552175258,2312.940399609548,1.182102623867069
2026-03-01 18:00:00.000 UTC,1,1,2,2,2,54.40984205915577,0.027571460622334638,51.515183703591156,0.026105078236379038
2026-03-02 02:00:00.000 UTC,1,1,2,2,2,0.4934421063,0.00025157455958706187,0.4713483228105001,0.00024031261892781212
2026-03-02 04:00:00.000 UTC,1,1,2,2,2,0.9018583827284966,0.00045720651501066024,0.8494906952333943,0.000430658285881855
2026-03-02 06:00:00.000 UTC,2,2,4,4,3,1.5424012334785,0.0007919771835215898,1.4622425576463953,0.0007508175486938577
2026-03-02 08:00:00.000 UTC,1,1,2,2,2,1.4743746580680055,0.0007576984089962185,1.4095242909655417,0.000724390664028513
2026-03-02 10:00:00.000 UTC,3,3,6,6,5,5.617415977496287,0.002883699366493097,5.323947553928165,0.0027330500933538853
2026-03-02 14:00:00.000 UTC,4,4,8,7,5,512102.6114267981,258.36344757255097,479123.4439702546,241.6295246967795
2026-03-02 16:00:00.000 UTC,1,1,2,2,2,8.120313991992376,0.0039495420081599305,7.853286759218077,0.003819637876493107
2026-03-03 00:00:00.000 UTC,6,6,12,12,9,7.1574341739642735,0.003523584397460408,6.871719162867028,0.003382928036098008
2026-03-03 04:00:00.000 UTC,1,1,2,2,2,1.8346749409006589,0.00091481163740231,1.7388926850281725,0.0008670541007837892
2026-03-03 08:00:00.000 UTC,2,2,4,4,4,3596.4709299423853,1.8268747718106109,3419.1959244502946,1.7369012629379363
2026-03-03 10:00:00.000 UTC,1,1,2,2,2,1592.940425916443,0.8145508324828943,1470.6653354041746,0.751997832239308
2026-03-04 04:00:00.000 UTC,1,1,2,2,2,2.1528135543942595,0.001098248421481089,2.0559349195559995,0.0010488291666477544
2026-03-04 08:00:00.000 UTC,2,2,4,4,4,372678.65225741616,182.38110367820224,357614.4621522142,174.9797954097058
2026-03-04 14:00:00.000 UTC,4,4,8,7,7,4664469.74592823,2229.056780468617,4359660.88577946,2083.257566338754
2026-03-04 18:00:00.000 UTC,2,2,4,4,3,11528.877708445883,5.327647967293761,11088.767902734538,5.124073298902617
2026-03-04 22:00:00.000 UTC,1,1,2,2,2,1.2300166132210877,0.0005747856703421103,1.1358010070006248,0.0005307715558674249
2026-03-05 14:00:00.000 UTC,1,1,2,2,2,226.83485937210466,0.10784035347251954,214.07373398653004,0.10177779690770929
2026-03-05 16:00:00.000 UTC,1,1,2,2,2,1129.5615870832241,0.5446903441078152,1075.4661110232312,0.5186049351995368
2026-03-06 02:00:00.000 UTC,1,1,2,2,2,0.7348652262685827,0.00035249905800309033,0.6825196208683332,0.0003273897857592873
2026-03-06 12:00:00.000 UTC,1,1,2,2,2,7.682789860942691,0.00375149962080774,7.276202937649288,0.0035529641534239103
2026-03-06 14:00:00.000 UTC,9,9,18,18,13,44466.56953272027,22.288190576636346,42336.58227807133,21.220795471254203
2026-03-06 16:00:00.000 UTC,4,4,8,8,7,38557.89796169121,19.550099865466603,36020.89156375294,18.26379713872382
2026-03-08 02:00:00.000 UTC,6,6,12,12,10,64658.193975375776,33.04976790983716,61424.51722942064,31.39744501331047
2026-03-08 06:00:00.000 UTC,1,1,2,2,2,2064.580566840085,1.0582635564842635,1934.2991768456518,0.9914876695464722
2026-03-08 10:00:00.000 UTC,1,1,2,2,2,0.9830447770149339,0.000500428238808241,0.9359205988616248,0.00047644322429222667
2026-03-08 12:00:00.000 UTC,9,9,18,15,7,7.849778059810655,0.004040626502081118,7.522369455911209,0.003872099467594121
2026-03-08 14:00:00.000 UTC,8,8,16,15,7,4.144387911423964,0.0021324850392515377,3.9467035491450724,0.002030767356771662
2026-03-08 16:00:00.000 UTC,1,1,2,2,2,0.24182985779688254,0.00012465523026269362,0.2279659212925417,0.0001175088224027715
2026-03-08 22:00:00.000 UTC,3,3,6,6,6,392719.34461823275,202.42969623847668,362580.50750668155,186.8956211208329
2026-03-09 14:00:00.000 UTC,1,1,2,2,2,7.810002216560492,0.003861950816130517,7.452427791466665,0.0036851356297957446
2026-03-10 00:00:00.000 UTC,17,17,34,33,12,12.5683770270611,0.006250573821363744,11.903220873747262,0.005919788060111742
2026-03-10 02:00:00.000 UTC,1,1,2,1,1,7.60721633462125,0.0037395313000345856,7.34287319558375,0.0036095863373967717
2026-03-10 10:00:00.000 UTC,22,22,44,44,20,21817571.69936393,10577.609720145087,21013120.972588524,10187.595365076524
2026-03-10 16:00:00.000 UTC,1,1,2,2,2,6.044449068051082,0.0029096897591480053,5.7677839946802365,0.0027765154664278926
2026-03-11 00:00:00.000 UTC,2,2,4,4,3,1.5993357984050984,0.0007858028789667434,1.5297227007137921,0.0007515998481279135
2026-03-11 02:00:00.000 UTC,20,20,40,40,9,17.031841561331234,0.008403031233712775,16.21983082175714,0.008002440805056528
2026-03-11 08:00:00.000 UTC,2,2,4,4,3,1.6503193615132417,0.0008175387766428783,1.5833966540846451,0.0007843868736650845
2026-03-11 10:00:00.000 UTC,2,2,4,4,4,761342.2788630069,376.11133555545814,723382.4726242148,357.35889245573816
2026-03-11 12:00:00.000 UTC,2,2,4,4,4,159239.85818403875,78.33434626928752,153670.31056184924,75.5945604753269
2026-03-12 00:00:00.000 UTC,3,3,6,6,5,1.1036102437598947,0.000538026404718408,1.047542868415667,0.0005106931280373832
2026-03-12 08:00:00.000 UTC,2,2,4,3,3,1.007480202047077,0.0004926233310974885,0.96766815839529,0.00047315661578613754
2026-03-12 12:00:00.000 UTC,1,1,2,2,2,1741.567894832004,0.8439218090570618,1655.188820726974,0.8020642933228478
2026-03-13 00:00:00.000 UTC,1,1,2,2,2,1471.5529235825115,0.695285212570432,1407.9899256028034,0.6652437739720506
2026-03-14 06:00:00.000 UTC,2,2,4,4,4,522.0932165581925,0.25082565406530777,494.4961526502413,0.2375678332631532
2026-03-15 04:00:00.000 UTC,1,1,2,2,2,21.568970136285,0.010252566809060303,20.72016549824386,0.009849067961707073
2026-03-16 02:00:00.000 UTC,2,2,4,4,4,3922543.037682966,1789.2432160092117,3722124.877246693,1697.7524471905413
2026-03-16 04:00:00.000 UTC,1,1,2,1,1,41.800953501324,0.018519469414476766,40.17391065902025,0.017798625327675413
2026-03-16 16:00:00.000 UTC,1,1,2,2,2,26.25525368902225,0.011448709891335302,25.237710062776152,0.011004739456861083
2026-03-16 18:00:00.000 UTC,1,1,2,2,2,6647.171250170934,2.8525351967298294,6404.055576923655,2.7482057024946465
2026-03-16 20:00:00.000 UTC,2,2,4,4,4,15521.31267012032,6.627287562246702,14863.299900850272,6.346215685060518
2026-03-16 22:00:00.000 UTC,1,1,2,2,2,158.33112058664295,0.06717603408100169,150.57208371847744,0.06388321984246251
2026-03-17 00:00:00.000 UTC,2,2,4,4,4,269363.0599166269,114.28996252690723,256431.75973249163,108.80344232212039
2026-03-18 12:00:00.000 UTC,2,2,4,4,4,15986.974149918391,7.116701345184283,15396.751877236155,6.854055387620891
2026-03-18 14:00:00.000 UTC,3,3,6,6,6,5403.39154275348,2.4523862324682555,5115.327831727617,2.3217977286311937
2026-03-18 16:00:00.000 UTC,1,1,2,2,2,797.7645416389099,0.36495304263681366,763.4418061303319,0.34925137177191445
2026-03-18 18:00:00.000 UTC,1,1,2,2,2,7.733514354204295,0.003521490445446788,7.395380767775002,0.003367520742768749
2026-03-18 20:00:00.000 UTC,3,3,6,6,6,9058.663402374581,4.1417117785444635,8605.880148486314,3.934747521800651
2026-03-19 04:00:00.000 UTC,5,5,10,10,4,0.9265329052403963,0.0004218720296711471,0.8895157944858332,0.0004050179932112188
2026-03-19 06:00:00.000 UTC,3,3,6,6,5,20367.840246178348,9.356552713630345,19390.44160016379,8.90774799163261
2026-03-19 12:00:00.000 UTC,3,3,6,6,5,39328.329826336274,18.355775449319943,36931.58208391462,17.237589675046657
2026-03-19 14:00:00.000 UTC,4,4,8,8,6,18398.141501263464,8.672832202051893,17539.21791844167,8.267944876288905
2026-03-19 16:00:00.000 UTC,3,3,6,6,5,0.16173275211088764,7.644606999306127e-05,0.15410515062187782,7.284080219883836e-05
2026-03-19 18:00:00.000 UTC,2,2,4,4,4,3.986606077278982e-05,1.8703450678863813e-08,3.74013883312914e-05,1.7547058785389724e-08
2026-03-19 20:00:00.000 UTC,12,12,24,23,17,9.867764493964938,0.004597269606723926,9.434815315216632,0.0043955675087972
2026-03-20 08:00:00.000 UTC,6,6,12,11,8,3.2990837962608994,0.0015302371768166315,3.165979888825258,0.0014684985473820491
2026-03-20 14:00:00.000 UTC,3,3,6,6,5,1933.7398033565642,0.9074386600224008,1809.3200089623865,0.8490536273660734
2026-03-21 06:00:00.000 UTC,3,3,6,6,5,3.487264370496718,0.0016180670689017029,3.2866836241904696,0.0015249988877448517
2026-03-21 08:00:00.000 UTC,5,5,10,10,7,3.517447485494695,0.0016322722791439564,3.3538886160068233,0.0015563732686270982
2026-03-21 10:00:00.000 UTC,1,1,2,2,2,0.590011459476066,0.000273747470686789,0.5652013625156251,0.000262236352126834
2026-03-21 22:00:00.000 UTC,5,5,10,6,7,179049.85241569663,83.3932210403278,166793.4386673709,77.68509802651019
2026-03-22 18:00:00.000 UTC,2,2,4,3,3,3146.8402715876095,1.520576174220834,3063.977641551358,1.4805390711902429
2026-03-22 20:00:00.000 UTC,6,6,12,12,7,7218.193223259452,3.512529136131534,6840.286833502889,3.3287160011973516
2026-03-23 00:00:00.000 UTC,1,1,2,2,2,24.67744630958333,0.012021619865587706,23.453512877981243,0.011425380326626726
2026-03-23 04:00:00.000 UTC,1,1,2,2,2,4315.035394694999,2.094271557196653,4038.080266121285,1.9598458952736968
2026-03-23 06:00:00.000 UTC,6,6,12,12,8,323118.08212729415,158.00703912039194,299272.32074407773,146.3501923652027
2026-03-23 10:00:00.000 UTC,3,3,6,4,4,3476.0993316915074,1.663506112164423,3320.28408920992,1.588793176391564
2026-03-23 12:00:00.000 UTC,1,1,2,1,1,183.7035824415981,0.0857955044366774,175.7929018579886,0.08210096118342335
2026-03-23 16:00:00.000 UTC,1,1,2,2,2,56.71751444989875,0.026559991000261015,54.52869992522988,0.02553500016138055
2026-03-24 00:00:00.000 UTC,1,1,2,2,2,36079.388505265146,16.83936684096934,34457.78813474756,16.082532162314426
2026-03-24 02:00:00.000 UTC,4,4,8,2,4,33737.13212113782,15.787888829046212,32295.191319168905,15.113108176059914
2026-03-24 14:00:00.000 UTC,1,1,2,2,2,1133.1101095650752,0.5305055180231012,1076.567417728772,0.5040331469525928
2026-03-24 20:00:00.000 UTC,1,1,2,2,2,0.6144447947148334,0.0002872273737875702,0.5930903843475,0.00027724504368791225
2026-03-25 22:00:00.000 UTC,1,1,2,2,2,4.144918080835001,0.0019105554881884632,3.9980188164645143,0.0018428438987733668
2026-03-26 04:00:00.000 UTC,1,1,2,2,2,0.39627026981666663,0.00018476434921812265,0.3801587032550022,0.000177251890783817
2026-03-26 12:00:00.000 UTC,1,1,2,2,2,961.0791602423643,0.4633524579890072,928.2043251401626,0.44750237871480136
2026-03-26 16:00:00.000 UTC,1,1,2,2,2,17030.425093388734,8.245557063356777,16174.511418441683,7.831154521906108
2026-03-27 02:00:00.000 UTC,1,1,2,1,1,312.6153762717895,0.15120151835993095,299.15347011654495,0.14469044819132149
2026-03-27 08:00:00.000 UTC,1,1,2,2,2,0.12854549879640434,6.2699488605164e-05,0.12287301744999998,5.9932596684940384e-05
2026-03-27 10:00:00.000 UTC,21,21,42,41,20,6536031.929713008,3246.9665841475544,6168937.774672481,3064.9486425819264
2026-03-27 12:00:00.000 UTC,8,8,16,16,12,131701.47125646254,66.21723219912019,125328.6976718444,63.01311334350815
2026-03-27 14:00:00.000 UTC,5,5,10,10,6,13706.998078545967,6.9003449106399195,12966.374286654262,6.527553563023663
2026-03-27 16:00:00.000 UTC,5,5,10,10,6,7357.041484122904,3.705684963617286,6981.433271132091,3.516494087697495
2026-03-27 18:00:00.000 UTC,2,2,4,4,4,20312.905071822053,10.24129873578484,19004.65585084881,9.58162359429018
2026-03-28 04:00:00.000 UTC,2,2,4,4,4,1116.0282868438692,0.5607704600605163,1041.6661283656038,0.5234058827155458
2026-03-29 10:00:00.000 UTC,1,1,2,2,2,7.140369485373935,0.003572121892962295,6.680367668999999,0.00334199019997197
2026-03-29 12:00:00.000 UTC,1,1,2,2,2,166.50325174080587,0.0833850237236116,155.39675498442233,0.0778231203598464
2026-03-29 22:00:00.000 UTC,13,13,26,24,14,84467.2243000492,42.56046296033844,80496.32374327608,40.55966887288753
2026-03-30 16:00:00.000 UTC,2,2,4,4,2,57565.17797779482,27.970868556134114,54685.37660213574,26.571943580754617
2026-03-30 18:00:00.000 UTC,1,1,2,2,2,1178.4446825173168,0.5809365103762258,1130.88260399268,0.5574953923225063
2026-03-30 22:00:00.000 UTC,2,2,4,4,4,26663.26304609581,13.141164984989572,25279.56746165229,12.4592855871729
