time_bucket,as_collateral_tx_count,as_debt_tx_count,liquidation_tx_count,unique_liquidated_users,unique_liquidators,liquidated_collateral_value_usd,liquidated_collateral_value_eth,liquidation_debt_covered_value_usd,liquidation_debt_covered_value_eth,borrow_tx_count,unique_borrowers,borrow_amount_value_usd,borrow_amount_value_eth,liquidation_rate,liquidation_volume_ratio_eth,liquidation_severity_usd,liquidation_severity_eth,avg_liquidation_debt_usd,avg_liquidation_debt_eth,liquidator_concentration,liquidation_user_ratio,market_stress_index_usd,market_stress_index_eth
2025-04-01 00:00:00.000 UTC,6,6,12,12,12,83457.13917558301,44.521713126791475,79215.71182632571,42.262463076257454,861.0,603.0,295655002.0869922,157527.25014451818,0.013937282229965157,0.0002682866807964028,6954.761597965251,3.7101427605659563,6601.309318860476,3.5218719230214544,1.0,0.01990049751243781,0.0032151951944185664,0.003219440169556834
2025-04-02 00:00:00.000 UTC,27,27,54,51,41,933136.5389787264,501.70240045698495,907043.3671373248,487.46671403909886,895.0,610.0,263365998.9966048,140443.12862894734,0.060335195530726256,0.003470918932082413,17280.30627738382,9.290785193647869,16797.09939143194,9.027161371094424,0.7592592592592593,0.08360655737704918,0.1859782280629436,0.1874296223324503
2025-04-03 00:00:00.000 UTC,74,74,148,147,55,1239253.364366173,695.940476587922,1164971.9120343493,654.2396827123094,868.0,655.0,227103283.1268962,126283.40596153153,0.17050691244239632,0.005180725668039109,8373.333543014684,4.70230051748596,7871.431838069928,4.420538396704794,0.3716216216216216,0.22442748091603054,0.7591957307140498,0.766747398869788
2025-04-04 00:00:00.000 UTC,12,12,24,23,17,18543.8602673799,10.33557228003082,17143.93878525979,9.555658860700808,741.0,569.0,217732247.91219062,120225.72102700244,0.032388663967611336,7.948098609077692e-05,772.6608444741624,0.4306488450012842,714.3307827191579,0.39815245252920034,0.7083333333333334,0.040421792618629174,0.0018897271065339424,0.0019075436661786461
2025-04-05 00:00:00.000 UTC,4,4,8,8,8,132.97715402450362,0.0743062736005876,126.73301681415464,0.0708169147186646,519.0,404.0,128024899.86069097,71004.92760647979,0.015414258188824663,9.973521149284569e-07,16.622144253062952,0.00928828420007345,15.84162710176933,0.008852114339833074,1.0,0.019801980198019802,7.919273013425227e-06,7.978816919427655e-06
2025-04-06 00:00:00.000 UTC,1059,1059,2118,2087,401,45410545.20511867,27618.565484934028,43011624.03996829,26162.28559946525,1057.0,708.0,303370795.65287447,177134.018008566,2.0037842951750235,0.14769769180192183,21440.295186552725,13.039927046711062,20307.660075527994,12.352353918538833,0.18932955618508027,2.9477401129943503,300.28803372652413,312.8237112364704
2025-04-07 00:00:00.000 UTC,904,904,1808,1752,292,47465110.05690096,31916.6354265402,44687568.1662392,30059.38193456976,1701.0,1136.0,437796022.0876094,287549.78551966295,1.0629041740152851,0.10453626971150798,26252.8263589054,17.65300631998905,24716.5753131854,16.625764344341682,0.16150442477876106,1.5422535211267605,184.54969704679542,189.00157563840645
2025-04-08 00:00:00.000 UTC,31,31,62,62,42,42235.857882885095,27.982700073767173,39950.057401165934,26.473826239637795,1267.0,798.0,280705517.1429453,182123.026271526,0.0489344909234412,0.0001453623233789677,681.2235142400822,0.45133387215753507,644.3557645349345,0.42699719741351283,0.6774193548387096,0.07769423558897243,0.008823850646337528,0.009012464049495999
2025-04-09 00:00:00.000 UTC,195,195,390,383,95,1943256.738791666,1338.19657891481,1798063.0077810397,1238.4368346185452,1625.0,1034.0,358037817.89088506,236706.99272886847,0.24,0.005231940215797043,4982.709586645297,3.4312732792687437,4610.417968669332,3.1754790631244747,0.24358974358974358,0.3704061895551257,1.9585768262287742,2.040456684160847
2025-04-10 00:00:00.000 UTC,12,12,24,24,23,42433.25882652306,27.496043128033698,40139.25871067769,26.01303604339538,1128.0,784.0,371419356.55224293,236049.81059425604,0.02127659574468085,0.0001102014696724708,1768.0524511051274,1.1456684636680707,1672.4691129449038,1.0838765018081409,0.9583333333333334,0.030612244897959183,0.002593677987056561,0.0026448352721392993
2025-04-11 00:00:00.000 UTC,4,4,8,8,8,2769.2440657786815,1.7914510936682448,2587.05724662729,1.6735155195762843,982.0,732.0,525538184.3521898,337689.35120929615,0.008146639511201629,4.95578410626001e-06,346.1555082223352,0.2239313867085306,323.38215582841127,0.20918943994703554,1.0,0.01092896174863388,3.9381454267742754e-05,3.964627285008008e-05
2025-04-12 00:00:00.000 UTC,2,2,4,3,3,7641.751720478241,4.791817294796289,7344.22267512819,4.605251277553135,898.0,678.0,210365634.37054276,130458.73830023964,0.004454342984409799,3.5300443171192897e-05,1910.4379301195602,1.1979543236990722,1836.0556687820474,1.1513128193882838,0.75,0.004424778761061947,0.00013964681440680393,0.00014120177268477159
2025-04-13 00:00:00.000 UTC,2,2,4,4,4,112.59070811888763,0.0688501517870623,106.8965585781256,0.0653693876312822,785.0,609.0,275054673.03949213,171135.29948657157,0.005095541401273885,3.819748925405744e-07,28.14767702972191,0.017212537946765576,26.7241396445314,0.01634234690782055,1.0,0.006568144499178982,1.55454997214721e-06,1.5278995701622976e-06
2025-04-14 00:00:00.000 UTC,0,0,0,0,0,0.0,0.0,0.0,0.0,931.0,693.0,222218037.77258146,135635.06677505135,0.0,0.0,,,,,,0.0,0.0,0.0
2025-04-15 00:00:00.000 UTC,2,2,4,4,4,20.68140682736822,0.0127527474401388,19.423602749016673,0.0119794457413508,892.0,680.0,360688847.43402386,221432.88297919673,0.004484304932735426,5.4099669300138454e-08,5.170351706842055,0.0031881868600347,4.855900687254168,0.0029948614353377,1.0,0.0058823529411764705,2.154056371545514e-07,2.1639867720055381e-07
2025-04-16 00:00:00.000 UTC,40,40,80,77,32,641391.4709197312,403.4045551003341,603331.2101830175,379.4671364095375,833.0,629.0,373853129.4672899,236237.21769385147,0.09603841536614646,0.0016062970099034223,8017.39338649664,5.042556938754176,7541.640127287719,4.743339205119218,0.4,0.12241653418124006,0.12910550430169518,0.1285037607922738
2025-04-17 00:00:00.000 UTC,6,6,12,11,10,185.5208094949163,0.1172136888943522,177.03778497611864,0.1118547676827967,764.0,597.0,224443242.34163475,140556.19938798103,0.015706806282722512,7.958010259941719e-07,15.460067457909693,0.009767807407862683,14.753148748009886,0.009321230640233059,0.8333333333333334,0.018425460636515914,9.465437219445e-06,9.549612311930063e-06
2025-04-18 00:00:00.000 UTC,4,4,8,8,7,182758.0826223165,114.6513203097411,175152.39229896676,109.88026075158066,560.0,447.0,234619127.4746189,147867.65265011316,0.014285714285714285,0.0007430987019965829,22844.76032778956,14.331415038717637,21894.049037370845,13.735032593947583,0.875,0.017897091722595078,0.005972314164979229,0.005944789615972663
2025-04-19 00:00:00.000 UTC,0,0,0,0,0,0.0,0.0,0.0,0.0,562.0,434.0,164380464.31454554,102489.70847453592,0.0,0.0,,,,,,0.0,0.0,0.0
2025-04-20 00:00:00.000 UTC,6,6,12,12,9,13337.916798629769,8.43138066011219,12772.360771453126,8.074046883931883,522.0,396.0,107341081.66128111,67238.77889362437,0.022988505747126436,0.00012008021288883742,1111.4930665524807,0.7026150550093492,1064.3633976210938,0.6728372403276569,0.75,0.030303030303030304,0.0014278627239949157,0.001440962554666049
2025-04-21 00:00:00.000 UTC,9,9,18,18,17,494486.7814592434,309.02812134554637,464856.3045438796,290.52820795702974,977.0,722.0,289139233.3319221,179854.03473809623,0.01842374616171955,0.0016153555208260823,27471.487858846856,17.168228963641464,25825.350252437755,16.14045599761276,0.9444444444444444,0.024930747922437674,0.02893904568178862,0.029076399374869482
2025-04-22 00:00:00.000 UTC,19,19,38,38,28,1006744.4724534733,638.3885035776732,957792.9877049052,607.3565329279704,1253.0,930.0,727265093.9092934,434012.39033944235,0.030327214684756583,0.0013993990642823702,26493.275590880876,16.799697462570347,25205.078623813297,15.983066655999222,0.7368421052631579,0.04086021505376344,0.050045208875824074,0.05317716444273007
2025-04-23 00:00:00.000 UTC,6,6,12,11,11,4946.214247607813,2.742707671501531,4835.453080375474,2.680942379750395,1380.0,1010.0,429036708.0661464,239369.1963051166,0.008695652173913044,1.1200030835768358e-05,412.18452063398445,0.2285589726251276,402.95442336462287,0.2234118649791996,0.9166666666666666,0.01089108910891089,0.00013524585629526057,0.00013440037002922028
2025-04-24 00:00:00.000 UTC,4,4,8,8,8,3623.749509607315,2.069979357009403,3431.4834715819907,1.9602239509576291,819.0,682.0,424817099.60288197,240334.12946674717,0.009768009768009768,8.15624462204752e-06,452.96868870091436,0.25874741962617537,428.93543394774883,0.24502799386970364,1.0,0.011730205278592375,6.46204397099784e-05,6.524995697638016e-05
2025-04-25 00:00:00.000 UTC,4,4,8,6,6,4667.768167578103,2.599557759792716,4463.9060818519265,2.486007828933764,934.0,735.0,595160777.4837347,332926.98432748416,0.008565310492505354,7.467126264804052e-06,583.4710209472629,0.3249447199740895,557.9882602314908,0.3107509786167205,0.75,0.00816326530612245,6.000269171936716e-05,5.973701011843242e-05
2025-04-26 00:00:00.000 UTC,0,0,0,0,0,0.0,0.0,0.0,0.0,730.0,566.0,213191648.67726994,118271.0065240554,0.0,0.0,,,,,,0.0,0.0,0.0
2025-04-27 00:00:00.000 UTC,2,2,4,4,4,12.961025903217251,0.0071049273607288,12.423799811343686,0.0068100479993095,655.0,515.0,255682461.55679846,140997.04431159454,0.0061068702290076335,4.8299225225315545e-08,3.240256475804313,0.0017762318401822,3.1059499528359216,0.001702511999827375,1.0,0.007766990291262136,1.9436295685981272e-07,1.9319690090126218e-07
2025-04-28 00:00:00.000 UTC,3,3,6,5,3,695.4634851206575,0.3915871359475028,664.2761071540549,0.3740315745310351,988.0,702.0,422752830.3510145,236320.1987503419,0.006072874493927126,1.5827321426983776e-06,115.91058085344292,0.06526452265791713,110.71268452567581,0.06233859575517251,0.5,0.007122507122507123,9.427865070980157e-06,9.496392856190265e-06
2025-04-29 00:00:00.000 UTC,1,1,2,2,2,2.438594401708178,0.0013385356277429,2.3294632258333334,0.0012786346417173,903.0,718.0,321680604.61479706,177182.28953937077,0.0022148394241417496,7.216492376531691e-09,1.219297200854089,0.00066926781387145,1.1647316129166667,0.00063931732085865,1.0,0.002785515320334262,1.4483081618320111e-08,1.4432984753063383e-08
2025-04-30 00:00:00.000 UTC,6,6,12,12,10,14718.453194847132,8.255710108811579,13487.566565494571,7.5660591433572675,1106.0,729.0,295742958.3005732,165404.82923782448,0.0108499095840868,4.574267376727278e-05,1226.537766237261,0.6879758424009649,1123.963880457881,0.6305049286131056,0.8333333333333334,0.01646090534979424,0.0005472684783975164,0.0005489120852072733
2025-05-01 00:00:00.000 UTC,7,7,14,11,9,145349.3673326033,78.68394505203793,116096.55623549483,62.858850823149155,1134.0,852.0,474890359.0748207,258090.8424587659,0.012345679012345678,0.00024355320097493134,10382.09766661452,5.620281789431281,8292.611159678203,4.489917915939225,0.6428571428571429,0.012910798122065728,0.0034225832473487794,0.003409744813649039
2025-05-02 00:00:00.000 UTC,0,0,0,0,0,0.0,0.0,0.0,0.0,942.0,689.0,386358874.20244503,209744.98142408102,0.0,0.0,,,,,,0.0,0.0,0.0
2025-05-03 00:00:00.000 UTC,1,1,2,2,2,0.4613727857548205,0.0002526298765891,0.4411181323076274,0.0002415392212943,603.0,493.0,201867479.51533952,110291.3019308991,0.003316749585406302,2.190011515555703e-09,0.23068639287741025,0.00012631493829455,0.2205590661538137,0.00012076961064715,1.0,0.004056795131845842,4.3703734089978345e-09,4.380023031111406e-09
2025-05-04 00:00:00.000 UTC,1,1,2,2,2,15.22511572950891,0.0083186238419155,14.268178181748336,0.0077957794798,636.0,470.0,353820177.17292917,193233.1074787115,0.0031446540880503146,4.0343911980294896e-08,7.612557864754455,0.00415931192095775,7.134089090874168,0.0038978897399,1.0,0.00425531914893617,8.065214536803978e-08,8.068782396058979e-08
2025-05-05 00:00:00.000 UTC,0,0,0,0,0,0.0,0.0,0.0,0.0,1082.0,724.0,447685971.32234013,246964.04363549734,0.0,0.0,,,,,,0.0,0.0,0.0
2025-05-06 00:00:00.000 UTC,4,4,8,8,8,8597.185268407724,4.805884316278395,8037.213554819955,4.492891970447497,885.0,653.0,296194373.7891083,165183.43307091104,0.00903954802259887,2.719941029751306e-05,1074.6481585509655,0.6007355395347994,1004.6516943524944,0.5616114963059371,1.0,0.01225114854517611,0.00021707943880237203,0.00021759528238010447
2025-05-07 00:00:00.000 UTC,0,0,0,0,0,0.0,0.0,0.0,0.0,813.0,642.0,381855812.69318277,210317.5646788622,0.0,0.0,,,,,,0.0,0.0,0.0
2025-05-08 00:00:00.000 UTC,7,7,14,14,14,29070.62712938104,14.151008364506604,27406.95061012434,13.341764735143157,1651.0,1228.0,676919689.9280888,344248.3127203872,0.008479709267110842,3.8756224045693124e-05,2076.47336638436,1.0107863117504716,1957.6393292945957,0.9529831953673683,1.0,0.011400651465798045,0.0005668284055712755,0.0005425871366397038
2025-05-09 00:00:00.000 UTC,19,19,38,35,30,254010.804746272,109.51569434317054,240297.34891700203,103.59268008093603,1456.0,1071.0,674371736.5421982,290161.05955961853,0.0260989010989011,0.0003570178584202859,6684.494861744,2.8819919563992245,6323.614445184264,2.7261231600246325,0.7894736842105263,0.032679738562091505,0.013540453675692702,0.013566678619970865
2025-05-10 00:00:00.000 UTC,7,7,14,14,14,18000.620469586236,7.2299442717822044,17149.083357229167,6.8879540673294555,1204.0,885.0,327863253.6283964,135400.0986887128,0.011627906976744186,5.087111556074255e-05,1285.7586049704455,0.516424590841586,1224.9345255163691,0.4919967190949611,1.0,0.015819209039548022,0.0007322783640563929,0.0007121956178503957
2025-05-11 00:00:00.000 UTC,3,3,6,6,6,1348674.440515908,536.7113956895344,1266988.0728476122,504.2366023150039,953.0,785.0,449898178.3573558,179447.78064154956,0.0062959076600209865,0.0028099350157036844,224779.07341931798,89.45189928158906,211164.67880793536,84.03943371916732,1.0,0.007643312101910828,0.016896997593636474,0.016859610094222106
2025-05-12 00:00:00.000 UTC,3,3,6,6,6,131893.71534300223,52.921428824348745,125208.85753237228,50.23913875070373,1431.0,1022.0,708547049.4570861,281479.43478790915,0.0041928721174004195,0.0001784824485972065,21982.28589050037,8.820238137391458,20868.142922062045,8.373189791783956,1.0,0.005870841487279843,0.0010602727733745705,0.001070894691583239
2025-05-13 00:00:00.000 UTC,1,1,2,2,2,155.90322189869627,0.0639784835512849,148.59767945285842,0.0609804904056748,1394.0,984.0,710652878.7363418,279784.7210858323,0.0014347202295552368,2.1795504117956184e-07,77.95161094934814,0.03198924177564245,74.29883972642921,0.0304902452028374,1.0,0.0020325203252032522,4.182004573515262e-07,4.359100823591237e-07
2025-05-14 00:00:00.000 UTC,3,3,6,6,6,2946.2142151368807,1.1398343634663444,2788.672297051116,1.0788910955936728,1090.0,836.0,602334314.1902584,229879.5372851707,0.005504587155963303,4.693288964886354e-06,491.03570252281344,0.18997239391105739,464.778716175186,0.17981518259894547,1.0,0.007177033492822967,2.7778649477740985e-05,2.8159733789318122e-05
2025-05-15 00:00:00.000 UTC,5,5,10,10,10,108592.60927827052,42.68896600266002,101585.72658745186,39.93100293538893,1074.0,756.0,451767469.7925986,176793.7613237006,0.00931098696461825,0.0002258620589121199,10859.260927827052,4.268896600266002,10158.572658745186,3.9931002935388933,1.0,0.013227513227513227,0.0022486286282208134,0.002258620589121199
2025-05-16 00:00:00.000 UTC,5,5,10,8,7,183871.07081717884,71.25630205476845,176322.74559284924,68.33135838442486,993.0,726.0,627309448.1797004,241809.1503653078,0.010070493454179255,0.00028258384052545066,18387.107081717884,7.1256302054768454,17632.274559284924,6.833135838442486,0.7,0.011019283746556474,0.00281077777649444,0.0028258384052545064
2025-05-17 00:00:00.000 UTC,8,8,16,15,15,68325.5362813792,27.319757018351275,64293.48267661991,25.70795563355383,816.0,580.0,325871913.4313233,130948.34308217,0.0196078431372549,0.00019632135106453468,4270.3460175862,1.7074848136469547,4018.3426672887445,1.6067472270971144,0.9375,0.02586206896551724,0.003156748650087985,0.003141141617032555
2025-05-18 00:00:00.000 UTC,24,24,48,48,33,2470135.6643343917,1009.1850114382308,2318196.9773038523,947.1626561894324,1031.0,707.0,269700172.23101795,108538.38813605337,0.04655674102812803,0.008726522223659335,51461.15967363316,21.024687738296475,48295.77036049692,19.73255533727984,0.6875,0.06789250353606789,0.4125820684136273,0.41887306673564806
2025-05-19 00:00:00.000 UTC,3,3,6,6,6,3078.2443090050783,1.2912785861802063,2931.8656496429744,1.2298787598912446,1123.0,804.0,404129501.9939751,165058.29776705164,0.005342831700801425,7.451178017278382e-06,513.0407181675131,0.21521309769670105,488.64427494049573,0.20497979331520744,1.0,0.007462686567164179,4.35286060806323e-05,4.47070681036703e-05
2025-05-20 00:00:00.000 UTC,2,2,4,4,4,2205.195607259985,0.8844025067537568,2094.4144649775285,0.8399822318366226,1446.0,985.0,689314090.9091752,274906.4980547856,0.0027662517289073307,3.055519741367569e-06,551.2989018149963,0.2211006266884392,523.6036162443821,0.20999555795915564,1.0,0.0040609137055837565,1.2153614687986938e-05,1.2222078965470275e-05
2025-05-21 00:00:00.000 UTC,2,2,4,4,4,20157.930053557808,7.885272391009555,18617.070531346293,7.283424040317879,1191.0,928.0,701873545.5338519,275601.168094044,0.0033585222502099076,2.6427406279470264e-05,5039.482513389452,1.9713180977523888,4654.267632836573,1.8208560100794697,1.0,0.004310344827586207,0.00010609928611676605,0.00010570962511788106
2025-05-22 00:00:00.000 UTC,1,1,2,2,2,416.891606942979,0.1604650535493822,398.04810137336455,0.1532106804239558,1292.0,1005.0,390574828.01549786,147786.9293816308,0.0015479876160990713,1.0366998019717918e-06,208.4458034714895,0.0802325267746911,199.02405068668227,0.0766053402119779,1.0,0.001990049751243781,2.0382680747545264e-06,2.0733996039435835e-06
2025-05-23 00:00:00.000 UTC,10,10,20,20,19,125971.08193733006,48.12268420705757,118044.20108887133,45.08809092744894,1375.0,994.0,703253010.8949776,268230.58084335056,0.014545454545454545,0.00016809452071306087,6298.554096866503,2.4061342103528784,5902.210054443566,2.254404546372447,0.95,0.02012072434607646,0.003357090528162696,0.0033618904142612175
2025-05-24 00:00:00.000 UTC,1,1,2,1,1,1002.7571356506083,0.3935906100881564,963.7262234310864,0.3782706487469572,916.0,746.0,271380223.6761189,106309.42412657781,0.002183406113537118,3.5582042876703716e-06,501.3785678253042,0.1967953050440782,481.8631117155432,0.1891353243734786,0.5,0.0013404825737265416,7.102405697632955e-06,7.116408575340743e-06
2025-05-25 00:00:00.000 UTC,1,1,2,2,2,32368.52656871628,12.911188288742444,30739.04261315588,12.26129023305792,767.0,647.0,125131333.3473704,49803.02020181384,0.002607561929595828,0.00024619571631142483,16184.26328435814,6.455594144371222,15369.52130657794,6.13064511652896,1.0,0.0030911901081916537,0.0004913084803120074,0.0004923914326228497
2025-05-26 00:00:00.000 UTC,3,3,6,6,6,2413.1945553756345,0.9460901233308344,2308.0190867452347,0.904855015234594,961.0,774.0,533767070.59990144,208655.43925305596,0.006243496357960458,4.336599220580067e-06,402.19909256260576,0.15768168722180573,384.66984779087244,0.15080916920576568,1.0,0.007751937984496124,2.594411548263458e-05,2.6019595323480402e-05
2025-05-27 00:00:00.000 UTC,0,0,0,0,0,0.0,0.0,0.0,0.0,1133.0,779.0,561077983.4216259,212108.58155625264,0.0,0.0,,,,,,0.0,0.0,0.0
2025-05-28 00:00:00.000 UTC,5,5,10,10,9,1663.1512209933012,0.6284455464300385,1582.9443056213252,0.5981399965068082,1163.0,752.0,764417414.0216802,288810.84137348493,0.008598452278589854,2.071044125844654e-06,166.31512209933013,0.06284455464300384,158.2944305621325,0.059813999650680814,0.9,0.013297872340425532,2.0707852497672562e-05,2.0710441258446543e-05
2025-05-29 00:00:00.000 UTC,4,4,8,8,8,14690.061691507492,5.3864600700791305,13930.15383018406,5.1073924395447605,1018.0,773.0,897051902.8525677,333332.9388831615,0.007858546168958742,1.5322195450162165e-05,1836.2577114384364,0.6733075087598913,1741.2692287730074,0.6384240549430951,1.0,0.01034928848641656,0.000124230527004175,0.00012257756360129732
2025-05-30 00:00:00.000 UTC,16,16,32,32,25,88559.77984664185,34.36894457390444,82639.3576820385,32.072830433490346,1046.0,765.0,509695466.4637507,195398.07499997236,0.030592734225621414,0.00016414097443639034,2767.4931202075577,1.0740295179345138,2582.4799275637033,1.0022759510465733,0.78125,0.04183006535947712,0.005188312668685086,0.005252511181964491
2025-05-31 00:00:00.000 UTC,7,7,14,14,12,114683.4977848094,45.71735293027471,106131.83695215096,42.30688658615653,1189.0,726.0,767025035.4310583,302639.87268274423,0.011774600504625737,0.00013979283764273392,8191.6784132006715,3.2655252093053364,7580.845496582211,3.021920470439752,0.8571428571428571,0.01928374655647383,0.0019371541327788437,0.0019570997269982753
2025-06-01 00:00:00.000 UTC,3,3,6,6,6,40576.65551345448,16.269323541223592,38527.92192856938,15.447878604847585,845.0,672.0,258100700.62957454,102402.65471085676,0.007100591715976331,0.00015085427861676124,6762.77591890908,2.711553923537265,6421.32032142823,2.5746464341412643,1.0,0.008928571428571428,0.0008956486015246714,0.0009051256717005675
2025-06-02 00:00:00.000 UTC,2,2,4,4,4,571.9121111549208,0.2266984759226278,533.164271293633,0.2113565135228096,899.0,699.0,349902245.87071234,138658.397613905,0.004449388209121246,1.524296524119173e-06,142.9780277887302,0.05667461898065695,133.29106782340824,0.0528391283807024,1.0,0.005722460658082976,6.095008278290792e-06,6.097186096476692e-06
2025-06-03 00:00:00.000 UTC,1,1,2,2,2,16232.323674972971,6.213202795849644,15394.611168182031,5.892565859681511,1007.0,755.0,588253657.9179844,224459.02586834275,0.0019860973187686196,2.6252300779108863e-05,8116.161837486486,3.106601397924822,7697.305584091016,2.9462829298407556,1.0,0.0026490066225165563,5.2340043996219e-05,5.2504601558217726e-05
2025-06-04 00:00:00.000 UTC,2,2,4,4,4,171.61340061016335,0.0658889535703921,162.10749437126924,0.0622389531661694,940.0,698.0,374319519.6630044,142243.66879667345,0.00425531914893617,4.3755165831060833e-07,42.90335015254084,0.016472238392598024,40.52687359281731,0.01555973829154235,1.0,0.0057306590257879654,1.7322900447960905e-06,1.7502066332424333e-06
2025-06-05 00:00:00.000 UTC,36,36,72,72,49,1157103.850750883,468.9859664076174,1096544.402506607,444.5323001331174,1337.0,894.0,513850813.2818435,199215.54918604446,0.05385190725504862,0.0022314136720220333,16070.886815984488,6.513693977883575,15229.783368147318,6.174059724071075,0.6805555555555556,0.08053691275167785,0.15364614580685995,0.1606617843855864
2025-06-06 00:00:00.000 UTC,8,8,16,16,8,29991.67247078973,12.27516722978664,28408.841687462504,11.626890336764458,1034.0,807.0,608576996.4005296,245356.00333450644,0.015473887814313346,4.738783717842404e-05,1874.4795294243581,0.767197951861665,1775.5526054664065,0.7266806460477786,0.5,0.01982651796778191,0.0007468922908486793,0.0007582053948547847
2025-06-07 00:00:00.000 UTC,4,4,8,8,8,2596.446339365376,1.042559843767076,2473.8242912818973,0.9933225307534104,834.0,635.0,548099007.1769712,218910.97823453188,0.009592326139088728,4.53756380225576e-06,324.555792420672,0.1303199804708845,309.22803641023717,0.1241653163441763,1.0,0.012598425196850394,3.610769965117845e-05,3.630051041804608e-05
2025-06-08 00:00:00.000 UTC,5,5,10,10,9,6.01256253934246,0.0023903797384066,5.779106375545633,0.0022975628188373,644.0,534.0,410026420.8976424,162767.8547836418,0.015527950310559006,1.4115580879844622e-08,0.6012562539342461,0.00023903797384066,0.5779106375545633,0.00022975628188373,0.9,0.018726591760299626,1.4094473138813437e-07,1.4115580879844623e-07
2025-06-09 00:00:00.000 UTC,3,3,6,6,5,7.587939734950893,0.0028516079624027,7.210612834169014,0.0027098176534803,1175.0,908.0,613774060.7703865,240283.1803794649,0.005106382978723404,1.1277600243183258e-08,1.2646566224918154,0.00047526799373378333,1.2017688056948357,0.00045163627558005,0.8333333333333334,0.006607929515418502,7.048795276670885e-08,6.766560145909955e-08
2025-06-10 00:00:00.000 UTC,4,4,8,8,8,18274.13520307264,6.716073492843167,17269.193555881546,6.346162816469841,1348.0,994.0,1034591287.3094295,379874.00750624016,0.005934718100890208,1.670596748150923e-05,2284.26690038408,0.8395091866053959,2158.649194485193,0.7932703520587301,1.0,0.008048289738430584,0.00013353442092706592,0.00013364773985207384
2025-06-11 00:00:00.000 UTC,4,4,8,8,7,617.0088466060319,0.2193899655218786,588.1520776566412,0.2091302228724704,1092.0,885.0,682843736.5315841,243980.77442291402,0.007326007326007326,8.571586157439029e-07,77.12610582575398,0.027423745690234824,73.51900970708014,0.0261412778590588,0.875,0.00903954802259887,6.89061987322702e-06,6.857268925951223e-06
2025-06-12 00:00:00.000 UTC,8,8,16,15,10,15560.31752088546,5.83458761351905,14727.227526623112,5.522415375163052,966.0,736.0,496577937.7095961,181983.83028643884,0.016563146997929608,3.0345637667208582e-05,972.5198450553413,0.3646617258449406,920.4517204139445,0.34515096094769077,0.625,0.020380434782608696,0.00047451894764557974,0.0004855302026753373
2025-06-13 00:00:00.000 UTC,28,28,56,56,40,946540.339990612,373.6377897666633,894853.9123912446,353.2800894168722,1310.0,883.0,826528868.3711838,325964.8968697771,0.042748091603053436,0.0010837979574162783,16902.50607126093,6.672103388690416,15979.534149843652,6.30857302530129,0.7142857142857143,0.06342015855039637,0.060629242379233034,0.060692685615311576
2025-06-14 00:00:00.000 UTC,2,2,4,4,4,9586.298526916458,3.811808925091306,9141.351502889907,3.634896119073676,698.0,497.0,672177294.838021,264357.6943477628,0.0057306590257879654,1.3749916105305286e-05,2396.5746317291146,0.9529522312728265,2285.337875722477,0.908724029768419,1.0,0.008048289738430584,5.4398454533295466e-05,5.4999664421221146e-05
2025-06-15 00:00:00.000 UTC,3,3,6,5,5,37042.402921332025,14.59669872370374,36541.04410370393,14.39854237874267,612.0,476.0,413702333.96792763,163088.0362582203,0.00980392156862745,8.828693207112502e-05,6173.733820222004,2.43278312061729,6090.174017283988,2.3997570631237783,0.8333333333333334,0.01050420168067227,0.0005299613916106663,0.0005297215924267502
2025-06-16 00:00:00.000 UTC,1,1,2,2,2,176.5643298330833,0.0686463234081452,165.76332686903416,0.0644470125535222,1046.0,803.0,605755467.9066659,231640.8886837523,0.0019120458891013384,2.7821950140032694e-07,88.28216491654165,0.0343231617040726,82.88166343451708,0.0322235062767611,1.0,0.0024906600249066002,5.472945293977099e-07,5.564390028006539e-07
2025-06-17 00:00:00.000 UTC,7,7,14,14,13,389274.2609981507,151.42840548112164,366788.45600347634,142.68527071369098,984.0,693.0,581605362.1700187,227626.1703116324,0.014227642276422764,0.0006268403607473922,27805.304357010762,10.816314677222975,26199.175428819737,10.191805050977928,0.9285714285714286,0.020202020202020204,0.008829076755567395,0.00877576505046349
2025-06-18 00:00:00.000 UTC,4,4,8,8,8,50112.31481223396,19.95225414405688,46502.46908067714,18.51522319231347,856.0,652.0,814031086.2972606,323106.0523799874,0.009345794392523364,5.730385752891663e-05,6264.039351529245,2.49403176800711,5812.808635084642,2.314402899039184,1.0,0.012269938650306749,0.0004570092701712453,0.00045843086023133307
2025-06-19 00:00:00.000 UTC,3,3,6,5,5,60.15532227759658,0.0237238639677617,58.06391206838077,0.0228990560974791,738.0,567.0,935545566.5888714,371342.4066438313,0.008130081300813009,6.166561019636645e-08,10.025887046266098,0.003953977327960283,9.677318678063463,0.00381650934957985,0.8333333333333334,0.008818342151675485,3.72385359785883e-07,3.699936611781987e-07
2025-06-20 00:00:00.000 UTC,25,25,50,48,35,252956.08270102495,102.56587717615962,234554.8925230044,95.11250628149104,858.0,642.0,896566238.3616428,362479.70093525504,0.05827505827505827,0.00026239402106127793,5059.121654020499,2.0513175435231923,4691.097850460088,1.9022501256298208,0.7,0.07476635514018691,0.013080734165923017,0.013119701053063898
2025-06-21 00:00:00.000 UTC,84,84,168,168,91,3990264.032071625,1695.5228892857508,3706689.807887352,1575.3510248822913,832.0,597.0,1001703758.4018273,418532.084319499,0.20192307692307693,0.003763991062820646,23751.571619473958,10.092398150510421,22063.629808853286,9.377089433823162,0.5416666666666666,0.2814070351758794,0.6216647212331545,0.6323504985538686
2025-06-22 00:00:00.000 UTC,82,82,164,163,93,1957349.632208489,887.5043156713385,1844164.879418601,836.296269972537,1172.0,830.0,802700347.6006535,357400.5821249641,0.13993174061433447,0.0023399409844277433,11935.058732978592,5.411611680922796,11244.907801332933,5.0993674998325424,0.5670731707317073,0.1963855421686747,0.3767819973277464,0.3837503214461499
2025-06-23 00:00:00.000 UTC,2,2,4,4,4,1978.8529168959828,0.8221165905515928,1923.7489775408224,0.799202219317012,1248.0,890.0,701269358.0035278,305637.7227035951,0.003205128205128205,2.6148677337583472e-06,494.7132292239957,0.2055291476378982,480.9372443852056,0.199800554829253,1.0,0.0044943820224719105,1.0972953291543333e-05,1.0459470935033389e-05
2025-06-24 00:00:00.000 UTC,0,0,0,0,0,0.0,0.0,0.0,0.0,985.0,746.0,750934145.8994052,310333.8008247616,0.0,0.0,,,,,,0.0,0.0,0.0
2025-06-25 00:00:00.000 UTC,0,0,0,0,0,0.0,0.0,0.0,0.0,762.0,602.0,768671271.4772525,315496.24909078947,0.0,0.0,,,,,,0.0,0.0,0.0
2025-06-26 00:00:00.000 UTC,0,0,0,0,0,0.0,0.0,0.0,0.0,840.0,629.0,968284596.259463,395411.222953522,0.0,0.0,,,,,,0.0,0.0,0.0
2025-06-27 00:00:00.000 UTC,1,1,2,2,2,53.710403543226384,0.0223384585331257,51.26015225978499,0.0213194089932733,783.0,642.0,901335275.3701117,370358.6387652485,0.002554278416347382,5.7564227647965264e-08,26.855201771613192,0.01116922926656285,25.630076129892494,0.01065970449663665,1.0,0.003115264797507788,1.137426963318089e-07,1.1512845529593053e-07
2025-06-28 00:00:00.000 UTC,0,0,0,0,0,0.0,0.0,0.0,0.0,615.0,485.0,786086824.5761162,323252.57743634825,0.0,0.0,,,,,,0.0,0.0,0.0
2025-06-29 00:00:00.000 UTC,2,2,4,4,4,15881.8181001823,6.3894503776902365,14876.48156268789,5.985158057417038,777.0,580.0,922932255.8335621,376007.65972913033,0.005148005148005148,1.591764928865717e-05,3970.454525045575,1.5973625944225591,3719.1203906719725,1.4962895143542596,1.0,0.006896551724137931,6.447485812163729e-05,6.367059715462867e-05
2025-06-30 00:00:00.000 UTC,1,1,2,2,2,10.708369229533378,0.0042659779292503,10.3233560262,0.004112595795282,901.0,729.0,867825893.3330983,348695.22036371555,0.0022197558268590455,1.17942419485769e-08,5.354184614766689,0.00213298896462515,5.1616780131,0.002056297897641,1.0,0.0027434842249657062,2.3791306771340087e-08,2.35884838971538e-08
2025-07-01 00:00:00.000 UTC,1,1,2,2,2,104.73058400684586,0.0432264065599672,100.19824276578495,0.041355855760659,1001.0,803.0,1202827619.579818,490815.306243041,0.001998001998001998,8.425950705820182e-08,52.36529200342293,0.0216132032799836,50.09912138289248,0.0206779278803295,1.0,0.0024906600249066002,1.6660449283794641e-07,1.6851901411640363e-07
2025-07-02 00:00:00.000 UTC,3,3,6,5,5,66.62630762707832,0.026124294380078,61.508250071967694,0.0241172787041879,1225.0,867.0,1118581042.670703,444615.93124997744,0.004897959183673469,5.4242947697320335e-08,11.104384604513053,0.004354049063346333,10.251375011994616,0.004019546450697984,0.8333333333333334,0.0057670126874279125,3.2992647501934286e-07,3.2545768618392206e-07
2025-07-03 00:00:00.000 UTC,3,3,6,6,6,78.19718336583117,0.0302964945984392,74.37529685035275,0.0288150786757173,1114.0,841.0,1236511623.0550106,477807.39094909455,0.005385996409335727,6.030689190152618e-08,13.032863894305194,0.0050494157664065335,12.395882808392125,0.0048025131126195495,1.0,0.007134363852556481,3.6089574313873105e-07,3.6184135140915704e-07
2025-07-04 00:00:00.000 UTC,6,6,12,11,10,24684.349678014936,9.689310385048522,23528.933280975027,9.2357895153681,898.0,644.0,1276861192.5243196,502810.28785865626,0.013363028953229399,1.8368338393991553e-05,2057.029139834578,0.8074425320873768,1960.7444400812522,0.7696491262806751,0.8333333333333334,0.017080745341614908,0.0002211259931970425,0.00022042006072789863
2025-07-05 00:00:00.000 UTC,1,1,2,1,1,0.1097356965836666,4.355807757419885e-05,0.105922483186625,4.2044474889509294e-05,631.0,460.0,912785592.4594917,362446.85925061436,0.003169572107765452,1.1600176361422845e-10,0.0548678482918333,2.1779038787099423e-05,0.0529612415933125,2.1022237444754647e-05,0.5,0.002173913043478261,2.320862293656891e-10,2.320035272284569e-10
2025-07-06 00:00:00.000 UTC,2,2,4,4,4,11.529168138802714,0.0045598194437206,11.040113329448182,0.0043662521593687,728.0,538.0,994079725.2736883,389605.04094565386,0.005494505494505495,1.1206867726277058e-08,2.8822920347006784,0.00113995486093015,2.7600283323620456,0.001091563039842175,1.0,0.007434944237918215,4.442345236005548e-08,4.482747090510823e-08
2025-07-07 00:00:00.000 UTC,3,3,6,6,6,1738.388087063396,0.6847209966908071,1636.281938371475,0.6444836786413948,844.0,661.0,706622640.3245519,276145.6073086308,0.0071090047393364926,2.3338545375487193e-06,289.7313478438993,0.11412016611513452,272.71365639524583,0.10741394644023246,1.0,0.009077155824508321,1.3893825459257267e-05,1.4003127225292318e-05
2025-07-08 00:00:00.000 UTC,1,1,2,2,2,1217.176937586708,0.4734977770333942,1137.9313876608826,0.4426727582760101,1044.0,782.0,930709347.4553075,362375.2885361675,0.0019157088122605363,1.2215864941127968e-06,608.588468793354,0.2367488885166971,568.9656938304413,0.22133637913800505,1.0,0.0025575447570332483,2.4452991490246655e-06,2.4431729882255937e-06
2025-07-09 00:00:00.000 UTC,2,2,4,4,4,49.63791746603607,0.0190284442106648,47.53670589804971,0.0182229969794658,1193.0,886.0,979493724.1745237,366165.49428208976,0.003352891869237217,4.976710603273559e-08,12.409479366509018,0.0047571110526662,11.884176474512428,0.00455574924486645,1.0,0.004514672686230248,1.941276589111856e-07,1.9906842413094237e-07
2025-07-10 00:00:00.000 UTC,7,7,14,13,13,32808.95370156855,11.73208460276603,31112.85964717452,11.126213931337809,1446.0,1095.0,2175169289.5878263,756660.8974880036,0.009681881051175657,1.4704359599227484e-05,2343.4966929691823,0.8380060430547164,2222.3471176553226,0.7947295665241292,0.9285714285714286,0.011872146118721462,0.00020025109638385045,0.00020586103438918475
2025-07-11 00:00:00.000 UTC,5,5,10,10,10,45319.411255457286,15.189513813663526,42907.53823794645,14.381093953825845,1481.0,1126.0,1196637427.036609,401862.59390081535,0.00675219446320054,3.578609746737283e-05,4531.941125545729,1.5189513813663527,4290.753823794645,1.4381093953825845,1.0,0.008880994671403197,0.00035856757668197,0.00035786097467372833
2025-07-12 00:00:00.000 UTC,4,4,8,7,7,174.35668593807304,0.0588246343868061,169.9409230993839,0.0573323216857666,1156.0,874.0,926873840.952517,314493.63266740384,0.006920415224913495,1.8230042115478702e-07,21.79458574225913,0.007353079298350763,21.242615387422987,0.007166540210720825,0.875,0.008009153318077803,1.4667879540088549e-06,1.4584033692382961e-06
2025-07-13 00:00:00.000 UTC,5,5,10,10,7,20135.870140986404,6.832755421110824,17112.866668204464,5.806711742027324,1139.0,867.0,999643530.6444978,336913.5724022964,0.00877963125548727,1.723501876348792e-05,2013.5870140986403,0.6832755421110824,1711.2866668204465,0.5806711742027324,0.7,0.011534025374855825,0.00017118969056070744,0.0001723501876348792
2025-07-14 00:00:00.000 UTC,6,6,12,12,12,9601.463882673886,3.1645886034554147,8974.969019186374,2.958069122604066,1500.0,1136.0,1444073345.670168,477403.06301860884,0.008,6.1961670373463075e-06,800.1219902228239,0.2637157169546179,747.9140849321979,0.24650576021700552,1.0,0.01056338028169014,7.458044188209504e-05,7.43540044481557e-05
2025-07-15 00:00:00.000 UTC,5,5,10,10,10,66262.55677378604,21.400898621431494,63438.435870688576,20.48750265131815,1344.0,1024.0,1029075875.0050049,340194.65389600163,0.00744047619047619,6.022288244888537e-05,6626.255677378604,2.1400898621431494,6343.843587068857,2.048750265131815,1.0,0.009765625,0.0006164602378845975,0.0006022288244888537
2025-07-16 00:00:00.000 UTC,12,12,24,24,23,117715.272065168,36.47083404946008,107669.57392267208,33.374343189120935,1984.0,1375.0,1543099271.3172767,480350.6437120363,0.012096774193548387,6.94791266047067e-05,4904.803002715334,1.51961808539417,4486.232246778003,1.390597632880039,0.9583333333333334,0.017454545454545455,0.0016745972356906253,0.001667499038512961
2025-07-17 00:00:00.000 UTC,7,7,14,13,13,486552.646397808,141.784385455195,461209.1644362756,134.3910400618366,1667.0,1179.0,1434330061.6085057,419775.3627085376,0.008398320335932814,0.0003201498992096596,34753.76045698628,10.127456103942501,32943.51174544826,9.5993600044169,0.9285714285714286,0.01102629346904156,0.0045017032515283426,0.004482098588935234
2025-07-18 00:00:00.000 UTC,7,7,14,14,13,373588.3898385178,103.6277980189838,356246.7189815168,98.8078618972114,2155.0,1408.0,2047557766.3648422,569662.808735397,0.0064965197215777265,0.00017344973268758137,26684.884988465557,7.4019855727845565,25446.194212965485,7.057704421229386,0.9285714285714286,0.009943181818181818,0.0024358062798861962,0.002428296257626139
2025-07-19 00:00:00.000 UTC,3,3,6,6,6,74.7572475256712,0.0208702359867025,71.71285234687099,0.0200204977592138,1425.0,916.0,973427552.8802558,273088.1866401618,0.004210526315789474,7.331147496905119e-08,12.459541254278534,0.0034783726644504165,11.952142057811832,0.0033367496265356337,1.0,0.006550218340611353,4.4202273996466133e-07,4.3986884981430713e-07
2025-07-20 00:00:00.000 UTC,9,9,18,18,18,445758.251142062,121.98311538193644,425540.8716308313,116.44872911152387,1845.0,1262.0,915833653.7563007,246378.78721899897,0.00975609756097561,0.0004726410517152841,24764.347285670112,6.776839743440913,23641.159535046183,6.469373839529104,1.0,0.014263074484944533,0.008363675715495365,0.008507538930875113
2025-07-21 00:00:00.000 UTC,20,20,40,33,29,552018.4130508901,145.4755819467941,415976.8271681181,109.60441126706176,1830.0,1279.0,1906294106.5014749,500881.13270060497,0.02185792349726776,0.0002188231979833354,13800.460326272252,3.6368895486698527,10399.420679202953,2.740110281676544,0.725,0.02580140734949179,0.0087284921198553,0.008752927919333414
2025-07-22 00:00:00.000 UTC,12,12,24,23,20,735176.3273130552,201.62917436541795,702424.5701284244,192.64739825026723,2008.0,1185.0,968256287.5884657,261659.77795461423,0.01195219123505976,0.0007362514779924738,30632.346971377297,8.401215598559082,29267.690422017684,8.026974927094468,0.8333333333333334,0.019409282700421943,0.017410875508042514,0.017670035471819372
2025-07-23 00:00:00.000 UTC,11,11,22,21,18,79850.03526649042,22.16159463889758,74402.51558366275,20.64919897831272,1607.0,1125.0,1138120390.6127734,314061.6051754004,0.013690105787181083,6.574888059551355e-05,3629.5470575677464,1.0073452108589809,3381.932526530125,0.9385999535596692,0.8181818181818182,0.018666666666666668,0.0014382093110196226,0.0014464753731012981
2025-07-24 00:00:00.000 UTC,8,8,16,16,14,73125.03998697017,20.371523522383065,67763.86843178073,18.88009106312156,1601.0,1116.0,828675135.2893685,226196.9370182189,0.009993753903810118,8.346749214203938e-05,4570.314999185635,1.2732202201489415,4235.241776986296,1.1800056914450976,0.875,0.014336917562724014,0.0013083799051480985,0.00133547987427263
2025-07-25 00:00:00.000 UTC,4,4,8,8,8,877.7307020179643,0.2358132526587945,835.1019337767078,0.224358158147873,1673.0,1129.0,790209803.8718895,215430.2417116383,0.004781829049611476,1.0414422616123927e-06,109.71633775224554,0.02947665658234931,104.38774172208848,0.028044769768484124,1.0,0.0070859167404783,8.454483147992897e-06,8.331538092899142e-06
2025-07-26 00:00:00.000 UTC,7,7,14,14,14,1252.1399188217165,0.333410956458177,1180.1009174759863,0.3142291326286467,1377.0,873.0,790118450.6689991,211115.67201873445,0.010167029774872912,1.4884216298293666e-06,89.43856563012261,0.023815068318441213,84.29292267685616,0.022444938044903336,1.0,0.016036655211912942,2.091004561490117e-05,2.083790281761113e-05
2025-07-27 00:00:00.000 UTC,2,2,4,4,4,363.0343975319475,0.0963327466560364,344.03708854825993,0.0912918430376241,2007.0,1147.0,1018396597.9697328,267964.55851856683,0.001993024414549078,3.4068625919161854e-07,90.75859938298687,0.0240831866640091,86.00927213706498,0.022822960759406024,1.0,0.0034873583260680036,1.3512892294971506e-06,1.3627450367664742e-06
2025-07-28 00:00:00.000 UTC,8,8,16,16,16,613990.5707076907,160.30792807602617,586308.1859073566,153.08156018500156,1703.0,1182.0,853727325.4418898,222216.9256487128,0.009395184967704051,0.0006888834400805162,38374.41066923067,10.019245504751636,36644.261619209785,9.567597511562598,1.0,0.01353637901861252,0.010988205127043496,0.01102213504128826
2025-07-29 00:00:00.000 UTC,1,1,2,2,2,21560.590627633977,5.7385824264632905,20422.49563132445,5.435691521503583,1628.0,1015.0,774614774.4516225,204021.7516904916,0.0012285012285012285,2.6642705870645226e-05,10780.295313816989,2.8692912132316453,10211.247815662226,2.7178457607517914,1.0,0.0019704433497536944,5.272942449563337e-05,5.328541174129045e-05
2025-07-30 00:00:00.000 UTC,3,3,6,6,6,5107.158783276567,1.357043492421527,4727.25279867858,1.2562299479626948,3213.0,1576.0,2077114898.408035,548882.5017442844,0.0018674136321195146,2.288704675355004e-06,851.1931305460945,0.22617391540358786,787.87546644643,0.20937165799378246,1.0,0.0038071065989847717,1.3655246907048886e-05,1.3732228052130023e-05
2025-07-31 00:00:00.000 UTC,13,13,26,25,17,18340.852085303584,4.939187184238473,17553.18520338991,4.7270722335051625,2129.0,1308.0,1465944877.1816108,383421.92598828516,0.012212306247064349,1.2328643494554849e-05,705.4173878962918,0.1899687378553259,675.1225078226888,0.18181047051942933,0.6538461538461539,0.0191131498470948,0.000311323312623847,0.00032054473085842605
2025-08-01 00:00:00.000 UTC,62,62,124,123,81,6664855.474393759,1888.8091107247749,6329896.371282909,1793.9312728480231,1869.0,1292.0,690120012.0998057,191445.29696638483,0.06634563937934725,0.00937046405043323,53748.83447091741,15.232331538103024,51047.55138131378,14.467187684258251,0.6532258064516129,0.09520123839009288,1.1373487745281712,1.1619375422537206
2025-08-02 00:00:00.000 UTC,19,19,38,38,25,979775.1201508448,286.79032894980946,928329.8571840236,271.7718323407288,1717.0,1103.0,769447547.9850817,222558.45976839762,0.0221316249271986,0.0012211255982969346,25783.555793443284,7.547113919731828,24429.733083790095,7.151890324756021,0.6578947368421053,0.03445149592021759,0.04584657481250022,0.046402772735283516
2025-08-03 00:00:00.000 UTC,2,2,4,4,4,14367.459568202365,4.219118083992632,12910.360189101297,3.7912804561493783,2951.0,1464.0,1367983853.0074334,395747.6228984908,0.0013554727211114877,9.580046061633176e-06,3591.864892050591,1.054779520998158,3227.590047275324,0.9478201140373446,1.0,0.00273224043715847,3.775003677336868e-05,3.83201842465327e-05
2025-08-04 00:00:00.000 UTC,5,5,10,10,10,519304.4493294847,143.5853856826405,496346.91285022366,137.2274032476875,2320.0,1335.0,993237966.2317848,276523.5703334783,0.004310344827586207,0.0004962593354418063,51930.44493294847,14.358538568264049,49634.69128502237,13.72274032476875,1.0,0.00749063670411985,0.004997260774608718,0.004962593354418063
2025-08-05 00:00:00.000 UTC,6,6,12,12,12,93479.009539508,25.601953701481083,89236.67771969564,24.440027110928774,1629.0,1048.0,499719187.22496384,137716.76224538728,0.007366482504604052,0.00017746588514316728,7789.917461625667,2.1334961417900904,7436.389809974637,2.0366689259107313,1.0,0.011450381679389313,0.0021428837635451376,0.002129590621718007
2025-08-06 00:00:00.000 UTC,1,1,2,2,2,20.646649841338206,0.0057368905685376,19.298511849657,0.0053622978545453,2170.0,1161.0,1284056594.9137492,353038.5213962257,0.0009216589861751152,1.5188987970315658e-08,10.323324920669103,0.0028684452842688,9.6492559248285,0.00268114892727265,1.0,0.0017226528854435831,3.0058662408027725e-08,3.0377975940631317e-08
2025-08-07 00:00:00.000 UTC,4,4,8,8,8,252994.75640703447,65.89707648282689,241891.34723599156,63.00391552492041,2353.0,1401.0,1245534127.8674982,329181.23156954104,0.003399915002124947,0.00019139583148321306,31624.34455087931,8.237134560353361,30236.418404498945,7.875489440615051,1.0,0.005710206995003569,0.0015536553632625912,0.0015311666518657045
2025-08-08 00:00:00.000 UTC,8,8,16,16,16,2836290.8719754387,701.6881983154815,2706447.7040295484,669.5574611548693,1851.0,1298.0,1114780739.738829,282647.8803235052,0.00864397622906537,0.0023688748714072293,177268.17949846492,43.85551239471759,169152.98150184678,41.84734132217933,1.0,0.012326656394453005,0.03884455635160852,0.03790199794251567
2025-08-09 00:00:00.000 UTC,9,9,18,17,17,176086.43789383996,42.00386887160738,168461.67936881175,40.18498375389512,2877.0,1681.0,2182315860.5340824,522558.6109423235,0.006256517205422315,7.690043358280907e-05,9782.57988299111,2.3335482706448545,9358.982187156209,2.232499097438618,0.9444444444444444,0.010113027959547887,0.0013894919078746503,0.0013842078044905633
2025-08-10 00:00:00.000 UTC,5,5,10,9,9,1135836.7368532412,268.02411080012394,1079500.1918471856,254.73483570465217,1705.0,1135.0,748406110.4604063,177313.28349217627,0.005865102639296188,0.0014366370679492382,113583.67368532412,26.802411080012394,107950.01918471856,25.473483570465216,0.9,0.007929515418502203,0.014423989552718858,0.014366370679492382
2025-08-11 00:00:00.000 UTC,8,8,16,16,16,6314.010667668865,1.4874890459686814,5892.875828975651,1.3882336182551136,2128.0,1502.0,1203768026.8330526,282586.0304771137,0.007518796992481203,4.912605254800609e-06,394.62566672930404,0.09296806537304259,368.30473931097816,0.0867646011409446,1.0,0.010652463382157125,7.832573316610168e-05,7.860168407680974e-05
2025-08-12 00:00:00.000 UTC,10,10,20,20,20,96751.53328317424,21.287359317577984,93814.46026023455,20.637433046660767,2690.0,1773.0,2256165606.8495474,512882.3830273653,0.007434944237918215,4.023813983402046e-05,4837.576664158712,1.0643679658788991,4690.723013011728,1.0318716523330385,1.0,0.011280315848843767,0.0008316274299672061,0.0008047627966804091
2025-08-13 00:00:00.000 UTC,7,7,14,14,13,62663.00003089512,13.388695872654678,59780.396272411184,12.77285476612028,2549.0,1690.0,1390067501.5495455,298913.84662841,0.005492349941153394,4.27308902220199e-05,4475.928573635366,0.9563354194753341,4270.028305172227,0.9123467690085915,0.9285714285714286,0.008284023668639054,0.000602075472508215,0.0005982324631082787
2025-08-14 00:00:00.000 UTC,16,16,32,32,24,1915783.4791443872,414.99103543817967,1804114.3535964813,390.86739835088434,2221.0,1530.0,1223772456.3462749,262236.58161693724,0.014407924358397118,0.0014905143894906505,59868.2337232621,12.968469857443115,56378.57354989004,12.214606198465136,0.75,0.02091503267973856,0.04717515827039649,0.04769646046370082
2025-08-15 00:00:00.000 UTC,7,7,14,14,9,447339.2472230243,101.01897047571248,426439.0427158749,96.30267616606584,2000.0,1289.0,1585320650.3834321,352090.53593977354,0.007,0.0002735167984820211,31952.803373073166,7.215640748265177,30459.931622562493,6.878762583290417,0.6428571428571429,0.010861132660977503,0.0037658921534758816,0.003829235178748295
2025-08-16 00:00:00.000 UTC,5,5,10,10,10,2420.9164923059475,0.5439156103694557,2243.9370909044956,0.5041550387969902,1228.0,875.0,579968050.0931984,130837.45983510998,0.008143322475570033,3.853292775879016e-06,242.09164923059475,0.05439156103694557,224.39370909044956,0.05041550387969902,1.0,0.011428571428571429,3.869070185062616e-05,3.8532927758790165e-05
2025-08-17 00:00:00.000 UTC,14,14,28,28,26,39916.340369612226,8.817892838681894,38069.614417812816,8.409824179411872,1472.0,968.0,476666988.26941496,105671.10297705271,0.019021739130434784,7.958490015229736e-05,1425.583584629008,0.3149247442386391,1359.6290863504578,0.300350863550424,0.9285714285714286,0.028925619834710745,0.002236255561915016,0.002228377204264326
2025-08-18 00:00:00.000 UTC,24,24,48,47,36,509251.9994503177,117.60523531463777,484946.8806153566,111.99158214948218,1876.0,1193.0,989975615.0420852,229274.69856346154,0.0255863539445629,0.000488460274296179,10609.416655214953,2.4501090690549536,10103.06001281993,2.3331579614475455,0.75,0.039396479463537304,0.02351315518872408,0.023446093166216594
2025-08-19 00:00:00.000 UTC,18,18,36,35,28,4200611.6513864305,983.467886155182,3967545.2770630377,928.9260785875516,1753.0,1197.0,805598597.4589498,190825.66158773814,0.02053622361665716,0.004867930606704321,116683.6569829564,27.3185523931995,110209.59102952882,25.803502182987543,0.7777777777777778,0.029239766081871343,0.17729875700478426,0.17524550184135557
2025-08-20 00:00:00.000 UTC,1,1,2,2,2,1683.5510109367094,0.4018454680524535,1602.0617552938045,0.3823952100802811,1830.0,1255.0,1034439985.8441284,242663.6050577436,0.001092896174863388,1.5758243185635e-06,841.7755054683547,0.20092273402622676,801.0308776469022,0.19119760504014055,1.0,0.0015936254980079682,3.0974474637820245e-06,3.151648637127e-06
2025-08-21 00:00:00.000 UTC,1,1,2,2,2,574.0224103830686,0.1343707064064524,533.3177542424445,0.1248462236125284,1300.0,951.0,688292746.370803,160945.8308041867,0.0015384615384615385,7.757033716792666e-07,287.0112051915343,0.0671853532032262,266.65887712122225,0.0624231118062642,1.0,0.002103049421661409,1.5496829134245472e-06,1.5514067433585333e-06
2025-08-22 00:00:00.000 UTC,9,9,18,18,17,298299.65780307027,63.756975540409485,287948.18931024097,61.54901616794274,2547.0,1435.0,1116474331.9872022,244532.80960681417,0.007067137809187279,0.00025170044161725285,16572.20321128168,3.5420541966894157,15997.12162834672,3.4193897871079297,0.9444444444444444,0.012543554006968641,0.004642352501162337,0.004530607949110551
2025-08-23 00:00:00.000 UTC,7,7,14,13,12,10120.274305119394,2.1458848929660137,9648.888365043424,2.045931155098424,1522.0,1031.0,588097078.730932,124064.47495349168,0.009198423127463863,1.6490870217807204e-05,722.8767360799567,0.15327749235471527,689.2063117888159,0.14613793964988742,0.8571428571428571,0.012609117361784675,0.0002296975142303201,0.00023087218304930086
2025-08-24 00:00:00.000 UTC,16,16,32,32,25,4148724.075658712,845.4805025049365,3859058.5163075393,786.4562226360702,1712.0,1176.0,900472674.8447399,188117.34892061417,0.018691588785046728,0.004180668221982843,129647.62736433475,26.421265703279264,120595.5786346106,24.576756957377192,0.78125,0.027210884353741496,0.13713894488040235,0.13378138310345097
2025-08-25 00:00:00.000 UTC,31,31,62,61,44,2584713.9726315564,578.4399123075264,2467341.3899623333,552.2220715140384,2233.0,1351.0,905277971.3963321,196845.48125976822,0.027765338110165697,0.0028053581315656186,41688.93504244446,9.329676004960103,39795.828870360216,8.906807605065135,0.7096774193548387,0.04515173945225759,0.1689814300260841,0.17393220415706834
2025-08-26 00:00:00.000 UTC,7,7,14,14,12,146984.32115118578,33.52390295528794,139605.96319650713,31.842255596694613,1843.0,1309.0,721904260.5219939,160979.81718254325,0.007596310363537711,0.00019780278145419342,10498.880082227555,2.3945644968062814,9971.854514036224,2.2744468283353294,0.8571428571428571,0.0106951871657754,0.002707399847367369,0.0027692389403587083
2025-08-27 00:00:00.000 UTC,6,6,12,11,11,9983.989923271158,2.1678451928026155,9403.975221065366,2.041974476912678,1352.0,974.0,622125889.3442885,135429.42411104764,0.008875739644970414,1.5077775677745823e-05,831.9991602725964,0.18065376606688463,783.6646017554472,0.17016453974272316,0.9166666666666666,0.011293634496919919,0.00018139046226114171,0.00018093330813294988
2025-08-28 00:00:00.000 UTC,4,4,8,8,8,138249.6853722565,30.13073221240919,130021.36687885044,28.338042253238815,1704.0,1053.0,531089665.8952964,116900.08844792095,0.004694835680751174,0.00024241249625626612,17281.210671532062,3.7663415265511486,16252.670859856305,3.542255281654852,1.0,0.007597340930674264,0.0019585599227906494,0.001939299970050129
2025-08-29 00:00:00.000 UTC,19,19,38,38,31,1246619.2203006474,283.27195085908056,1178251.5736439787,267.7527308510947,1628.0,1051.0,534471063.3543217,122032.31754238637,0.02334152334152334,0.0021941132991930125,32805.7689552802,7.454525022607383,31006.62035905207,7.04612449608144,0.8157894736842105,0.03615604186489058,0.08377171912259176,0.08337630536933448
2025-08-30 00:00:00.000 UTC,2,2,4,4,4,28.75454531433684,0.0066022998662878,27.33794942568052,0.0062771184562797,1051.0,760.0,289048425.0607516,66241.46445986618,0.003805899143672693,9.476116670220699e-08,7.18863632858421,0.00165057496657195,6.83448735642013,0.001569279614069925,1.0,0.005263157894736842,3.783165318397384e-07,3.7904466680882797e-07
2025-08-31 00:00:00.000 UTC,2,2,4,4,3,121.23986520424592,0.0273114839926485,115.45017488126123,0.0260079087554058,1090.0,769.0,248270648.32476002,55697.99619641862,0.003669724770642202,4.6694514222179694e-07,30.30996630106148,0.006827870998162125,28.86254372031531,0.00650197718885145,0.75,0.005201560468140442,1.8600696564056524e-06,1.8677805688871878e-06
2025-09-01 00:00:00.000 UTC,14,14,28,28,18,111652.45251557491,25.816747494711947,104599.66651478312,24.18910148393759,1324.0,862.0,522152735.15309584,119454.3767399608,0.021148036253776436,0.00020249656935211874,3987.5875898419613,0.9220266962397125,3735.702375527969,0.8638964815691997,0.6428571428571429,0.03248259860788863,0.005609068889690297,0.0056699039418593245
2025-09-02 00:00:00.000 UTC,1,1,2,2,2,26.479087084800007,0.0061288123887952,25.240823111959383,0.0058421977504546,1473.0,1013.0,404941501.6763026,93026.58797825116,0.0013577732518669382,6.28013762239722e-08,13.239543542400003,0.0030644061943976,12.620411555979691,0.0029210988752273,1.0,0.0019743336623889436,1.2466404657202114e-07,1.256027524479444e-07
2025-09-03 00:00:00.000 UTC,2,2,4,3,3,17.174476222415368,0.0038420888304884,16.986832653556295,0.0038001076720631,1262.0,931.0,578851345.2388107,131199.06797157635,0.003169572107765452,2.8964441065132988e-08,4.293619055603842,0.0009605222076221,4.246708163389074,0.000950026918015775,0.75,0.00322234156820623,1.1738304000346213e-07,1.1585776426053195e-07
2025-09-04 00:00:00.000 UTC,8,8,16,14,15,168417.4545949217,38.16907674080039,159470.68017272977,36.13798048589327,1311.0,906.0,661865346.8362862,152174.48902597657,0.012204424103737605,0.00023747725862069055,10526.090912182606,2.3855672963000245,9966.91751079561,2.2586237803683296,0.9375,0.01545253863134658,0.0038550603909994446,0.003799636137931049
2025-09-05 00:00:00.000 UTC,1,1,2,2,2,1056.2621088800586,0.2441818520765371,1004.1263232457418,0.2321299707283427,1250.0,874.0,473950454.55099463,109209.10014930599,0.0016,2.125555200170907e-06,528.1310544400293,0.12209092603826854,502.0631616228709,0.11606498536417136,1.0,0.002288329519450801,4.237262834559442e-06,4.251110400341814e-06
2025-09-06 00:00:00.000 UTC,0,0,0,0,0,0.0,0.0,0.0,0.0,977.0,654.0,318318984.44092155,74134.54145220177,0.0,0.0,,,,,,0.0,0.0,0.0
2025-09-07 00:00:00.000 UTC,2,2,4,4,4,4.5347955481588595,0.0010536982982709,4.3351266335575005,0.0010072910170372,874.0,666.0,617662010.9941118,143813.3831719657,0.004576659038901602,7.004153541348276e-09,1.1336988870397149,0.000263424574567725,1.0837816583893751,0.0002518227542593,1.0,0.006006006006006006,2.8074426183862084e-08,2.8016614165393104e-08
2025-09-08 00:00:00.000 UTC,3,3,6,6,6,903.7156279807992,0.2099803003128081,861.1045605695423,0.2000805548404003,1105.0,881.0,484869864.9140951,112068.21402287015,0.005429864253393665,1.7853461535451003e-06,150.61927133013322,0.03499671671880135,143.51742676159037,0.03334675914006672,1.0,0.00681044267877412,1.0655699059236505e-05,1.0712076921270602e-05
2025-09-09 00:00:00.000 UTC,1,1,2,2,2,268.24749737891665,0.062558599651992,256.6538207063498,0.0598548129299192,1300.0,879.0,802516422.1891421,185520.26632251212,0.0015384615384615385,3.226322068008807e-07,134.12374868945832,0.031279299825996,128.3269103531749,0.0299274064649596,1.0,0.0022753128555176336,6.396226011331641e-07,6.452644136017614e-07
2025-09-10 00:00:00.000 UTC,3,3,6,6,6,7698.275216424302,1.775943860604387,7353.96433495874,1.6965302478975404,1136.0,841.0,531959819.85779285,122203.38655965345,0.00528169014084507,1.3882841512492627e-05,1283.0458694040503,0.2959906434340645,1225.6607224931233,0.28275504131625673,1.0,0.007134363852556481,8.294571199296201e-05,8.329704907495577e-05
2025-09-11 00:00:00.000 UTC,1,1,2,2,2,1726.512976212313,0.3904853858779543,1645.2476281950555,0.3721068811006409,1271.0,940.0,577651123.552154,130701.79790693778,0.0015735641227380016,2.8469912966735794e-06,863.2564881061566,0.19524269293897714,822.6238140975278,0.18605344055032044,1.0,0.002127659574468085,5.6963366333572525e-06,5.693982593347159e-06
2025-09-12 00:00:00.000 UTC,1,1,2,2,2,61.77075167990105,0.013737703885184,57.46091991730858,0.0127791807194783,1602.0,1098.0,944095429.928602,206555.596115109,0.0012484394506866417,6.186799563811738e-08,30.885375839950527,0.006868851942592,28.73045995865429,0.00638959035973915,1.0,0.0018214936247723133,1.217269316125259e-07,1.2373599127623477e-07
2025-09-13 00:00:00.000 UTC,6,6,12,12,12,20537.49926502043,4.398767720208248,19596.599734079264,4.197194121759399,1274.0,882.0,616178903.0660336,131462.95682522774,0.009419152276295133,3.192681971499638e-05,1711.4582720850358,0.3665639766840207,1633.0499778399387,0.3497661768132832,1.0,0.013605442176870748,0.00038164110396968594,0.00038312183657995656
2025-09-14 00:00:00.000 UTC,0,0,0,0,0,0.0,0.0,0.0,0.0,1006.0,768.0,382872293.02325034,82357.9921560042,0.0,0.0,,,,,,0.0,0.0,0.0
2025-09-15 00:00:00.000 UTC,6,6,12,12,11,195090.32182613964,42.93125537420374,187288.82909703505,41.21502250764752,1302.0,904.0,821672446.693506,181029.35511847443,0.009216589861751152,0.00022767038241214746,16257.52681884497,3.577604614516978,15607.402424752921,3.4345852089706264,0.9166666666666666,0.01327433628318584,0.002735233435426067,0.0027320445889457696
2025-09-16 00:00:00.000 UTC,3,3,6,6,5,1204051.506630534,270.08306119823123,1147055.2844509,257.30072794359904,1209.0,897.0,623445294.8321741,138652.16879758105,0.004962779156327543,0.0018557281157226871,200675.251105089,45.01384353303854,191175.88074181668,42.883454657266505,0.8333333333333334,0.006688963210702341,0.011039191030478566,0.011134368694336124
2025-09-17 00:00:00.000 UTC,1,1,2,2,2,22.952655658945822,0.0050137818849981,22.066284945916713,0.0048199486454898,1332.0,961.0,623493236.2486504,138482.19301590722,0.0015015015015015015,3.480554821179168e-08,11.476327829472911,0.00250689094249905,11.033142472958357,0.0024099743227449,1.0,0.002081165452653486,7.078275645356523e-08,6.961109642358335e-08
2025-09-18 00:00:00.000 UTC,3,3,6,6,6,128808.01649842924,27.99163374744564,123858.91625727642,26.916145681115623,1813.0,1108.0,1392691944.37927,303080.5085704868,0.003309431880860452,8.880856709680422e-05,21468.002749738207,4.66527229124094,20643.15270954607,4.486024280185937,1.0,0.005415162454873646,0.000533609389027439,0.0005328514025808253
2025-09-19 00:00:00.000 UTC,3,3,6,6,6,1922.305633291524,0.4268177821201235,1796.8256604377546,0.3989708304344788,1398.0,961.0,601393120.3171598,132871.58112073562,0.004291845493562232,3.00267993403306e-06,320.384272215254,0.07113629702002058,299.4709434062924,0.06649513840574646,1.0,0.006243496357960458,1.7926633342498032e-05,1.801607960419836e-05
2025-09-20 00:00:00.000 UTC,0,0,0,0,0,0.0,0.0,0.0,0.0,1041.0,753.0,630582548.299637,140701.8179207235,0.0,0.0,,,,,,0.0,0.0,0.0
2025-09-21 00:00:00.000 UTC,0,0,0,0,0,0.0,0.0,0.0,0.0,1398.0,881.0,327295012.3912405,73043.6931002572,0.0,0.0,,,,,,0.0,0.0,0.0
2025-09-22 00:00:00.000 UTC,119,119,238,227,107,15116259.173498616,3589.5226248043596,14223327.583033329,3377.3965073737795,2383.0,1530.0,1002432785.8311882,238571.64490950268,0.09987410826689047,0.01415673898989516,63513.694006296704,15.082027835312434,59761.880600980374,14.190741627620922,0.4495798319327731,0.14836601307189543,3.376936601245601,3.369303879595048
2025-09-23 00:00:00.000 UTC,9,9,18,18,17,7678.323893623958,1.8367150000103496,7335.886052795184,1.7547936331328196,1814.0,1166.0,910046991.6168635,217511.07496272767,0.009922822491730982,8.06760590665794e-06,426.5735496457754,0.1020397222227972,407.549225155288,0.09748853517404553,0.9444444444444444,0.015437392795883362,0.0001450979456738929,0.00014521690631984292
2025-09-24 00:00:00.000 UTC,5,5,10,10,10,210555.24204874423,50.55541588814046,201348.84594920112,48.34324726209862,1693.0,1159.0,1086716899.3983376,260247.63825960472,0.005906674542232723,0.00018575863967639468,21055.524204874422,5.055541588814046,20134.884594920113,4.8343247262098625,1.0,0.008628127696289905,0.0018528178411569582,0.001857586396763947
2025-09-25 00:00:00.000 UTC,97,97,194,193,83,3715219.779838203,928.2107373125842,3511678.806239956,877.3577311736146,2618.0,1826.0,2238440008.4254556,557326.714264261,0.07410236822001529,0.0015742251514568677,19150.617421846408,4.78459142944631,18101.437145566782,4.522462531822756,0.42783505154639173,0.10569550930996714,0.30434842383368654,0.3053996793826323
2025-09-26 00:00:00.000 UTC,4,4,8,8,8,52.128565136417336,0.0132493238955573,49.7818868350691,0.0126525806865119,1845.0,1315.0,1168624619.2202115,295215.10059333063,0.004336043360433604,4.285885329403011e-08,6.516070642052167,0.0016561654869446626,6.222735854383638,0.0015815725858139874,1.0,0.006083650190114068,3.4078958129967913e-07,3.428708263522409e-07
2025-09-27 00:00:00.000 UTC,2,2,4,4,4,13979.150822708414,3.477692358831048,12661.387577550164,3.1498496086220396,1176.0,858.0,651192584.3179739,162207.6751386305,0.003401360544217687,1.9418622490767015e-05,3494.7877056771035,0.869423089707762,3165.346894387541,0.7874624021555099,1.0,0.004662004662004662,7.777353663086357e-05,7.767448996306806e-05
2025-09-28 00:00:00.000 UTC,1,1,2,1,1,5.704583930975946,0.0014264113546897,5.4589319913645395,0.0013649869422868,1119.0,828.0,365879247.5959118,90746.4632700086,0.0017873100983020554,1.504176463853356e-08,2.852291965487973,0.00071320567734485,2.7294659956822698,0.0006824934711434,0.5,0.0012077294685990338,2.9840074435670376e-08,3.008352927706712e-08
2025-09-29 00:00:00.000 UTC,0,0,0,0,0,0.0,0.0,0.0,0.0,1436.0,1090.0,606262821.1346766,146448.61197754042,0.0,0.0,,,,,,0.0,0.0,0.0
2025-09-30 00:00:00.000 UTC,2,2,4,4,4,321.71609556105017,0.077409388471214,309.0169901943706,0.0743758718592004,1511.0,1044.0,716177691.5662811,172614.31915677234,0.0026472534745201853,4.308789225744969e-07,80.42902389026254,0.0193523471178035,77.25424754859264,0.0185939679648001,1.0,0.0038314176245210726,1.725923573623469e-06,1.7235156902979875e-06
2025-10-01 00:00:00.000 UTC,1,1,2,2,2,86.02041933381479,0.0199264599126538,82.7065797881765,0.019158815902171,1587.0,1196.0,866157425.1882845,202832.0066107333,0.001260239445494644,9.445657133856491e-08,43.01020966690739,0.0099632299563269,41.35328989408825,0.0095794079510855,1.0,0.0016722408026755853,1.9097355141924188e-07,1.8891314267712982e-07
2025-10-02 00:00:00.000 UTC,0,0,0,0,0,0.0,0.0,0.0,0.0,1776.0,1354.0,615894523.6250604,139162.0201502209,0.0,0.0,,,,,,0.0,0.0,0.0
2025-10-03 00:00:00.000 UTC,2,2,4,3,3,101.8669929799159,0.0225219716283797,96.69976616416078,0.021380007607645,1578.0,1157.0,706324106.1961164,156984.13320972273,0.0025348542458808617,1.3619215630590136e-07,25.466748244978977,0.005630492907094925,24.174941541040194,0.00534500190191125,0.75,0.0025929127052722557,5.476226299846056e-07,5.447686252236054e-07
2025-10-04 00:00:00.000 UTC,2,2,4,4,4,4973.209363375912,1.1066538426988486,4790.253803033161,1.0659371106898747,1119.0,841.0,301743163.91004884,67185.77173908474,0.0035746201966041107,1.5865518592678086e-05,1243.302340843978,0.27666346067471215,1197.5634507582902,0.2664842776724687,1.0,0.0047562425683709865,6.350107476782685e-05,6.346207437071234e-05
2025-10-05 00:00:00.000 UTC,1,1,2,1,1,4578.681679649441,1.014198251920181,4381.513569042528,0.9705246429858192,1409.0,1052.0,493528175.6574725,108624.9225871751,0.0014194464158978,8.93464059508941e-06,2289.3408398247207,0.5070991259600905,2190.756784521264,0.4852623214929096,0.5,0.0009505703422053232,1.775588015093779e-05,1.786928119017882e-05
2025-10-06 00:00:00.000 UTC,2,2,4,4,4,1739.4810697863284,0.3713354864507108,1655.634436828335,0.3534351959891471,1738.0,1256.0,525685617.3470499,113766.87201865386,0.0023014959723820483,3.1066618051272067e-06,434.8702674465821,0.0928338716126777,413.90860920708377,0.08835879899728677,1.0,0.0031847133757961785,1.2597905532844812e-05,1.2426647220508827e-05
2025-10-07 00:00:00.000 UTC,13,13,26,25,22,616430.7772975609,136.61444631532044,584362.7673291772,129.51087837043332,1617.0,1171.0,696357112.7797679,150733.01208870788,0.016079158936301793,0.0008592071277273679,23708.87604990619,5.254401781358478,22475.4910511222,4.981187629632051,0.8461538461538461,0.02134927412467976,0.021818448712196514,0.022339385320911564
2025-10-08 00:00:00.000 UTC,3,3,6,5,4,4941.164754509,1.1107960019292509,4703.277620469351,1.0573184351348812,1312.0,1006.0,703118063.592063,156356.6516619444,0.004573170731707317,6.7622222904906426e-06,823.5274590848334,0.1851326669882085,783.8796034115585,0.17621973918914688,0.6666666666666666,0.004970178926441352,4.013503163131459e-05,4.057333374294385e-05
2025-10-09 00:00:00.000 UTC,14,14,28,28,23,1378016.4136736435,317.31024058864523,1311094.9947083185,301.9030012507422,1387.0,994.0,413693541.3212763,94528.97141133495,0.020187454938716654,0.0031937616240108697,49214.871916915836,11.332508592451616,46824.8212395828,10.782250044669365,0.8214285714285714,0.028169014084507043,0.0887387792774924,0.08942532547230435
2025-10-10 00:00:00.000 UTC,792,792,1584,1151,288,147779564.578306,38016.83810628563,122082771.9029602,31455.219472382443,1660.0,1271.0,671396074.0818471,162840.91794289483,0.9542168674698795,0.19316532889733024,93295.17965802146,24.000529107503553,77072.45700944457,19.85809310125154,0.18181818181818182,0.90558615263572,288.02538197552065,305.9738809733711
2025-10-11 00:00:00.000 UTC,110,110,220,218,117,473346.80139615334,126.69365559606555,447734.09767107654,119.84361221966404,2131.0,1516.0,569144078.5947323,149549.53617662904,0.1032379164711403,0.0008013639846941409,2151.576369982515,0.5758802527093889,2035.1549894139844,0.5447436919075638,0.5318181818181819,0.1437994722955145,0.1730695358033872,0.176300076632711
2025-10-12 00:00:00.000 UTC,10,10,20,19,16,15170383.31111262,4064.621005812005,14350743.285139,3845.026757080753,1726.0,1253.0,446172961.6312516,111352.1060720786,0.011587485515643106,0.03453034605912037,758519.165555631,203.23105029060025,717537.16425695,192.25133785403767,0.8,0.015163607342378291,0.6432816203237101,0.6906069211824075
2025-10-13 00:00:00.000 UTC,7,7,14,10,12,23221.14908806354,5.5645526778865815,21584.181687034325,5.172951545808173,1633.0,1219.0,919645455.7547674,221186.96427929183,0.008573178199632579,2.3387235150423735e-05,1658.6535062902528,0.3974680484204701,1541.7272633595946,0.3694965389862981,0.8571428571428571,0.008203445447087777,0.000328581565567002,0.00032742129210593226
2025-10-14 00:00:00.000 UTC,7,7,14,14,11,869808.2007818003,211.21671678088768,823859.7715370768,200.06183819512256,1472.0,1036.0,595668021.2789958,147313.56141900964,0.009510869565217392,0.0013580680303158172,62129.15719870002,15.086908341491977,58847.12653836263,14.29013129965161,0.7857142857142857,0.013513513513513514,0.01936319625947626,0.01901295242442144
2025-10-15 00:00:00.000 UTC,8,8,16,16,16,112574.87340982996,28.294388248447728,106897.36198718467,26.86774394936613,1243.0,949.0,521109904.7270064,128329.96251538335,0.012872083668543845,0.00020936454295422552,7035.929588114373,1.768399265527983,6681.085124199042,1.679233996835383,1.0,0.01685985247629083,0.0032821440856914035,0.0033498326872676083
2025-10-16 00:00:00.000 UTC,32,32,64,57,47,2470618.146268886,628.3103865278821,2342540.5536162164,595.7337313335936,1250.0,959.0,347753005.40544707,87339.0388644893,0.0512,0.006820932988029591,38603.408535451345,9.817349789498158,36602.19615025338,9.3083395520874,0.734375,0.05943691345151199,0.43111804384448754,0.43653971123389385
2025-10-17 00:00:00.000 UTC,106,106,212,211,117,5976384.276897224,1590.1685868411755,5648731.830865892,1503.0481162208882,1346.0,957.0,354715625.31025183,93242.28537091747,0.1575037147102526,0.0161198120599658,28190.491872156716,7.500795220948941,26644.961466348544,7.089849604815511,0.5518867924528302,0.22048066875653083,3.3760315664023794,3.41740015671275
2025-10-18 00:00:00.000 UTC,1,1,2,2,2,1143.2224627902876,0.2970451545598406,1090.129149954209,0.2832522505199557,816.0,632.0,225313101.25566489,58251.384710660306,0.0024509803921568627,4.862583987091366e-06,571.6112313951438,0.1485225772799203,545.0645749771045,0.14162612525997784,1.0,0.0031645569620253164,9.676571347861651e-06,9.725167974182733e-06
2025-10-19 00:00:00.000 UTC,0,0,0,0,0,0.0,0.0,0.0,0.0,908.0,676.0,354071904.5989997,89976.95279828674,0.0,0.0,,,,,,0.0,0.0,0.0
2025-10-20 00:00:00.000 UTC,6,6,12,12,12,141510.18685375171,34.74488612282113,141151.1647508464,34.65662711041108,1128.0,854.0,493189492.8809866,122347.82844431412,0.010638297872340425,0.00028326311591369874,11792.515571145976,2.895407176901761,11762.597062570532,2.8880522592009235,1.0,0.01405152224824356,0.003434408075313351,0.0033991573909643853
2025-10-21 00:00:00.000 UTC,7,7,14,14,12,1727396.3141908816,433.6773121179762,1639942.635083635,411.6266372238742,1382.0,939.0,496311762.4641013,126319.18339753171,0.010130246020260492,0.0032586233234936936,123385.4510136344,30.97695086556973,117138.75964883108,29.401902658848154,0.8571428571428571,0.014909478168264111,0.046259626766011926,0.045620726528911706
2025-10-22 00:00:00.000 UTC,17,17,34,32,29,588367.7141428917,153.7354693727459,556675.5478757867,145.4551292105593,1178.0,877.0,439153921.1798909,114703.88656520275,0.028862478777589132,0.0012680924209824067,17304.93276890858,4.5216314521395855,16372.810231640784,4.278092035604685,0.8529411764705882,0.036488027366020526,0.04309871258105807,0.04311514231340183
2025-10-23 00:00:00.000 UTC,1,1,2,2,2,15.45256489223334,0.0040378025009427,14.899615948687098,0.0038933152195676,948.0,762.0,737202292.8783085,190393.24679696024,0.002109704641350211,2.0448809425050254e-08,7.72628244611667,0.00201890125047135,7.449807974343549,0.0019466576097838,1.0,0.0026246719160104987,4.042205536424344e-08,4.089761885010051e-08
2025-10-24 00:00:00.000 UTC,0,0,0,0,0,0.0,0.0,0.0,0.0,934.0,745.0,413892941.4333278,105471.71381965722,0.0,0.0,,,,,,0.0,0.0,0.0
2025-10-25 00:00:00.000 UTC,0,0,0,0,0,0.0,0.0,0.0,0.0,672.0,544.0,139572088.44751397,35468.44992283029,0.0,0.0,,,,,,0.0,0.0,0.0
2025-10-26 00:00:00.000 UTC,4,4,8,7,7,78215.36027973816,18.94036350404672,75351.40545849242,18.247536160447464,1044.0,804.0,239761565.96101272,59097.04618955772,0.007662835249042145,0.00030877238943410597,9776.92003496727,2.36754543800584,9418.925682311552,2.280942020055933,0.875,0.008706467661691543,0.0025142113217844165,0.0024701791154728477
2025-10-27 00:00:00.000 UTC,3,3,6,6,6,2079.886411128828,0.4951780286676612,1990.02292297105,0.4737826328133547,1453.0,1157.0,717219976.502686,171851.33014080577,0.0041293874741913286,2.7569331725577135e-06,346.64773518813803,0.0825296714446102,331.67048716184166,0.07896377213555912,1.0,0.005185825410544511,1.6647803922095e-05,1.654159903534628e-05
2025-10-28 00:00:00.000 UTC,7,7,14,14,12,491744.49171905994,123.2087839762633,469806.5802642015,117.71455222355628,1195.0,895.0,475055185.2723931,115837.69463891815,0.011715481171548118,0.001016202477013105,35124.60655136142,8.80062742687595,33557.61287601439,8.408182301682592,0.8571428571428571,0.01564245810055866,0.01384532224383037,0.014226834678183467
2025-10-29 00:00:00.000 UTC,10,10,20,20,16,623243.8111645434,158.40551491114104,591332.0672060701,150.2978188086715,1241.0,941.0,356284520.15903187,89402.61590083409,0.016116035455278,0.001681134464514805,31162.19055822717,7.920275745557052,29566.603360303503,7.514890940433576,0.8,0.021253985122210415,0.033194373246534646,0.033622689290296104
2025-10-30 00:00:00.000 UTC,33,33,66,64,53,985768.7949366953,257.6383000984575,936360.0058814208,244.7129481345864,1564.0,1125.0,526516658.1926641,137088.23294911382,0.04219948849104859,0.0017850762452049558,14935.89083237417,3.903610607552386,14187.272816385164,3.7077719414331276,0.803030303030303,0.05688888888888889,0.11737474859828628,0.11781503218352708
2025-10-31 00:00:00.000 UTC,0,0,0,0,0,0.0,0.0,0.0,0.0,1071.0,778.0,303075255.15026504,78757.89915946318,0.0,0.0,,,,,,0.0,0.0,0.0
2025-11-01 00:00:00.000 UTC,0,0,0,0,0,0.0,0.0,0.0,0.0,854.0,647.0,392531622.574168,101724.7204896818,0.0,0.0,,,,,,0.0,0.0,0.0
2025-11-02 00:00:00.000 UTC,0,0,0,0,0,0.0,0.0,0.0,0.0,733.0,572.0,184474071.69986206,47638.17573411689,0.0,0.0,,,,,,0.0,0.0,0.0
2025-11-03 00:00:00.000 UTC,99,99,198,194,119,2081783.936851512,564.931309588489,1934746.3038680856,525.07453965215,1434.0,981.0,442458656.88854825,120364.8383446467,0.13807531380753138,0.00436235820089483,10514.060287128848,2.8531884322650956,9771.445979131746,2.6518916144047977,0.601010101010101,0.19775739041794088,0.8657978823598329,0.8637469237771762
2025-11-04 00:00:00.000 UTC,575,575,1150,1132,356,98856497.005082,29735.073448798612,93395141.84328504,28088.883520857773,2025.0,1354.0,748296422.604719,219871.57412483922,0.5679012345679012,0.12775131861706415,85962.17130876695,25.856585607650967,81213.16682024786,24.425116105093714,0.3095652173913043,0.8360413589364845,143.5319077778262,146.91401640962377
2025-11-05 00:00:00.000 UTC,13,13,26,24,18,312.6830631035514,0.0959926655931125,294.1666550214113,0.0903068795640312,1843.0,1288.0,563001265.3408887,168148.55112807456,0.01410743353228432,5.370660583048778e-07,12.026271657828898,0.003692025599735096,11.314102116208128,0.003473341521693508,0.6923076923076923,0.018633540372670808,1.3584930445805915e-05,1.3963717515926819e-05
2025-11-06 00:00:00.000 UTC,7,7,14,14,12,78928.20697514337,23.621703066444677,73407.5946818545,21.97356360955036,1187.0,897.0,486781054.8900628,145489.47515897505,0.011794439764111205,0.00015103198073633878,5637.729069653098,1.6872645047460484,5243.399620132464,1.5695402578250257,0.8571428571428571,0.01560758082497213,0.002111229094111039,0.002114447730308743
2025-11-07 00:00:00.000 UTC,5,5,10,10,9,64969.79998140688,20.0966540828004,61921.83603651954,19.153856772076814,1564.0,1078.0,695332724.1725545,208678.86726734554,0.00639386189258312,9.178627919011157e-05,6496.979998140689,2.00966540828004,6192.183603651954,1.9153856772076814,0.9,0.00927643784786642,0.0008905353348672967,0.0009178627919011157
2025-11-08 00:00:00.000 UTC,1,1,2,2,2,4.493945681750001,0.0013009185737612,4.177332388803937,0.0012092505641804,858.0,628.0,258776677.62894756,75682.42469079763,0.002331002331002331,1.597795748644183e-08,2.2469728408750007,0.0006504592868806,2.0886661944019687,0.0006046252820902,1.0,0.0031847133757961785,3.228523085680615e-08,3.195591497288366e-08
2025-11-09 00:00:00.000 UTC,3,3,6,6,6,13336.279569702168,3.847085439535785,12523.100939382468,3.613977519658904,931.0,740.0,157511396.4055882,45301.32674488961,0.00644468313641246,7.977641670432076e-05,2222.713261617028,0.6411809065892975,2087.183489897078,0.6023295866098174,1.0,0.008108108108108109,0.00047703599454362427,0.00047865850022592456
2025-11-10 00:00:00.000 UTC,9,9,18,16,15,6333.106119078096,1.7760069885670342,5904.136010386095,1.655672163154556,1188.0,907.0,418797872.92949694,117220.32029106878,0.015151515151515152,1.4124446674803228e-05,351.83922883767195,0.0986670549203908,328.00755613256086,0.09198178684191977,0.8333333333333334,0.017640573318632856,0.00025376071622226364,0.00025424004014645813
2025-11-11 00:00:00.000 UTC,4,4,8,8,8,23993.19340404428,6.910846817031688,22700.92175290013,6.538948948663457,1048.0,775.0,439217238.05093414,123973.107355956,0.007633587786259542,5.27448983745208e-05,2999.149175505535,0.863855852128961,2837.615219112516,0.8173686185829321,1.0,0.01032258064516129,0.0004134796139356917,0.0004219591869961664
2025-11-12 00:00:00.000 UTC,3,3,6,6,4,148715.9198815824,43.60788167913938,142224.39542308793,41.704386587469955,985.0,727.0,639217875.4411466,184229.36713060207,0.006091370558375634,0.00022637208842988258,24785.9866469304,7.267980279856563,23704.06590384799,6.950731097911659,0.6666666666666666,0.008253094910591471,0.0013349851518930122,0.0013582325305792956
2025-11-13 00:00:00.000 UTC,64,64,128,127,67,629108.2104787447,195.14148776659692,601862.3126690659,186.6967910320747,1297.0,905.0,438072712.74820673,129442.89558244926,0.09868928296067848,0.0014423100641561075,4914.907894365193,1.5245428731765385,4702.049317727077,1.4585686799380837,0.5234375,0.14033149171270717,0.17585750899285107,0.18461568821198177
2025-11-14 00:00:00.000 UTC,80,80,160,159,103,3035682.351320116,967.8897516992492,2857408.4428339247,911.0459174063496,1439.0,1029.0,405900835.5351648,127587.76716872452,0.11118832522585129,0.007140542840612337,18973.014695750724,6.049310948120308,17858.80276771203,5.694036983789685,0.64375,0.15451895043731778,1.126347400223127,1.142486854497974
2025-11-15 00:00:00.000 UTC,1,1,2,2,2,15067.344480668871,4.798342524593278,14422.64348407136,4.593001701462539,855.0,605.0,261238354.46409085,82423.84866263885,0.0023391812865497076,5.57241839101898e-05,7533.672240334436,2.399171262296639,7211.32174203568,2.2965008507312694,1.0,0.003305785123966942,0.00011041750369051461,0.0001114483678203796
2025-11-16 00:00:00.000 UTC,119,119,238,235,109,35554806.1815848,11550.676073396253,33445781.348053284,10865.614651974443,1059.0,690.0,269467044.6502725,85605.13851006234,0.2247403210576015,0.12692713125739827,149389.9419394319,48.53225240922795,140528.4930590474,45.65384307552287,0.4579831932773109,0.34057971014492755,29.540146444132652,30.20865723926079
2025-11-17 00:00:00.000 UTC,81,81,162,159,70,3889112.2754739663,1285.6697105347944,3676573.762551545,1215.437662205771,1260.0,882.0,506061847.50292623,161667.23745976662,0.12857142857142856,0.007518144562272559,24006.865897987445,7.936232781078978,22694.899768836698,7.502701618554141,0.43209876543209874,0.18027210884353742,1.1769410250392496,1.2179394190881545
2025-11-18 00:00:00.000 UTC,46,46,92,92,54,924153.4052919628,307.3375289955541,877391.1142500911,291.7915767796827,1398.0,968.0,307150806.38794965,100044.10458928613,0.06580829756795423,0.0029166294003787918,10045.145709695247,3.3406253151690666,9536.85993750099,3.1716475736922036,0.5869565217391305,0.09504132231404959,0.2628024437254912,0.2683299048348488
2025-11-19 00:00:00.000 UTC,116,116,232,232,101,9219175.66153298,3180.7337356279613,8797770.144519428,3035.4602975850016,1289.0,920.0,172706934.75940013,57254.13320514471,0.1799844840961986,0.053017312945927944,39737.826127297325,13.710059205292938,37921.42303672167,13.083880593038801,0.4353448275862069,0.25217391304347825,11.818185971350607,12.300016603455283
2025-11-20 00:00:00.000 UTC,179,179,358,358,135,34871745.13124155,12203.218895242771,33027794.521333534,11559.260469728664,1282.0,929.0,343605505.5721479,118696.51005718378,0.2792511700468019,0.09738500705842001,97407.109305144,34.087203617996565,92256.40927746797,32.28843706628118,0.3770949720670391,0.38536060279870826,34.411411478838176,34.863832526914365
2025-11-21 00:00:00.000 UTC,503,503,1006,978,323,58288269.85601746,21144.356491705268,54299181.25941065,19698.254086963865,1751.0,1201.0,481972669.2483246,175594.87966389346,0.5745288406624786,0.11218011666779998,57940.62609942094,21.018247009647382,53975.3292837084,19.580769470143007,0.3210735586481113,0.8143213988343048,113.33625292936047,112.85319736780677
2025-11-22 00:00:00.000 UTC,8,8,16,16,16,12978.920914140232,4.746467424162227,12059.658864850271,4.410285509523447,914.0,642.0,153846022.91691557,56008.06871776615,0.0175054704595186,7.87437526501333e-05,811.1825571337645,0.2966542140101392,753.728679053142,0.2756428443452154,1.0,0.024922118380062305,0.0012542055893236142,0.0012599000424021328
2025-11-23 00:00:00.000 UTC,3,3,6,4,6,582143.1985308921,206.0556577010265,555652.0419969973,196.67824715278485,1083.0,785.0,148415845.53499615,52729.22596533027,0.00554016620498615,0.0037299665138665564,97023.86642181536,34.34260961683775,92608.67366616621,32.77970785879747,1.0,0.005095541401273885,0.022463317444065326,0.02237979908319934
2025-11-24 00:00:00.000 UTC,6,6,12,10,9,77171.46577520951,27.36626828852135,73455.41003258934,26.04828060810969,1214.0,863.0,395954406.026384,136391.03074204418,0.009884678747940691,0.00019098235761099788,6430.955481267459,2.280522357376779,6121.284169382445,2.1706900506758076,0.75,0.011587485515643106,0.0022261778300109044,0.0022917882913319745
2025-11-25 00:00:00.000 UTC,4,4,8,8,7,30.277267475580327,0.0103463369017347,28.971010732009297,0.0098998221563496,1180.0,865.0,277760427.9892455,95173.22853711258,0.006779661016949152,1.0401898000643309e-07,3.784658434447541,0.0012932921127168375,3.621376341501162,0.0012374777695437,0.875,0.009248554913294798,8.344172261465847e-07,8.321518400514647e-07
2025-11-26 00:00:00.000 UTC,14,14,28,27,23,37436.280561894615,12.468040045763429,35730.72591357294,11.899462085380447,1186.0,822.0,270564552.40354466,90641.43599011091,0.023608768971332208,0.00013128059982057976,1337.0100200676648,0.44528714449155105,1276.0973540561765,0.4249807887635874,0.8214285714285714,0.032846715328467155,0.0036976770116133486,0.0036758567949762336
2025-11-27 00:00:00.000 UTC,18,18,36,34,21,1561719.9125231232,512.2406152765382,1501037.2108144157,492.33716557067635,1172.0,817.0,654389715.4811862,216292.1797349973,0.030716723549488054,0.0022762596695538938,43381.10868119787,14.228905979903837,41695.47807817822,13.676032376963231,0.5833333333333334,0.0416156670746634,0.08257669445428892,0.08194534810394016
2025-11-28 00:00:00.000 UTC,2,2,4,4,4,1829.4776906665425,0.6018433979090979,1747.5292367795546,0.5748627981025415,1012.0,718.0,473740231.00184894,155677.6318962359,0.003952569169960474,3.692648655432438e-06,457.3694226666356,0.15046084947727448,436.88230919488865,0.14371569952563537,1.0,0.005571030640668524,1.4755168528405891e-05,1.4770594621729751e-05
2025-11-29 00:00:00.000 UTC,3,3,6,6,6,31.311803936308053,0.0104024685162821,30.15500349036688,0.0100181733427849,625.0,467.0,293638921.3418242,97480.75098170762,0.0096,1.0277078543090852e-07,5.218633989384675,0.0017337447527136834,5.025833915061146,0.0016696955571308166,1.0,0.01284796573875803,6.161649828824334e-07,6.166247125854512e-07
2025-11-30 00:00:00.000 UTC,5,5,10,10,10,11.879634608430845,0.0039511496374986,6007.960058788157,1.9780951795665744,774.0,568.0,190509559.14562035,62931.127620546315,0.012919896640826873,3.143269879881746e-05,1.1879634608430845,0.00039511496374986,600.7960058788157,0.19780951795665744,1.0,0.017605633802816902,0.0003153626561172101,0.0003143269879881746
2025-12-01 00:00:00.000 UTC,34,34,68,68,58,2180199.3707302622,757.3431866400703,2088577.532789365,725.5645188358122,1580.0,1009.0,675378848.4928719,239731.56358039335,0.043037974683544304,0.003026570669291514,32061.755451915622,11.137399803530444,30714.37548219654,10.670066453467827,0.8529411764705882,0.06739345887016848,0.21028682279080252,0.20580680551182295
2025-12-02 00:00:00.000 UTC,5,5,10,10,10,3587940.8566938182,1231.4813108701096,3337574.728186892,1145.211615854099,1343.0,916.0,524935868.15126044,181426.44528215833,0.007446016381236039,0.006312263981543821,358794.08566938184,123.14813108701097,333757.4728186892,114.52116158540989,1.0,0.010917030567685589,0.0635806187133162,0.06312263981543821
2025-12-03 00:00:00.000 UTC,6,6,12,12,11,4623.440707845275,1.4893191673305393,4291.350403859738,1.38200220843206,1449.0,1067.0,380593474.76249725,123551.36905710668,0.008281573498964804,1.1185648681831156e-05,385.2867256537729,0.12410993061087827,357.6125336549782,0.11516685070267167,0.9166666666666666,0.011246485473289597,0.00013530501246363243,0.00013422778418197386
2025-12-04 00:00:00.000 UTC,7,7,14,14,9,385.9038642880879,0.122997756931357,364.39841023516266,0.1161466336452915,1048.0,818.0,230743179.71295652,72487.6004325039,0.013358778625954198,1.6022965714452126e-06,27.56456173486342,0.0087855540665255,26.02845787394019,0.00829618811752082,0.6428571428571429,0.017114914425427872,2.2109332763978622e-05,2.2432152000232975e-05
2025-12-05 00:00:00.000 UTC,0,0,0,0,0,0.0,0.0,0.0,0.0,1115.0,842.0,532774663.94540125,172453.4880289636,0.0,0.0,,,,,,0.0,0.0,0.0
2025-12-06 00:00:00.000 UTC,2,2,4,4,4,1232.5414114901862,0.4052510690670451,1178.7709952855396,0.3875717657743468,645.0,502.0,95978684.31035131,31581.15177603629,0.006201550387596899,1.2272249236597996e-05,308.13535287254655,0.10131276726676128,294.6927488213849,0.0968929414435867,1.0,0.00796812749003984,4.912636607828178e-05,4.9088996946391985e-05
2025-12-07 00:00:00.000 UTC,6,6,12,12,7,247791.82812191168,83.22566085732149,234547.7226311769,78.77855424356915,693.0,552.0,119856693.3463057,39098.71845054215,0.017316017316017316,0.002014862823271815,20649.319010159306,6.935471738110124,19545.643552598074,6.564879520297429,0.5833333333333334,0.021739130434782608,0.023482815961240393,0.024178353879261778
2025-12-08 00:00:00.000 UTC,2,2,4,4,4,6612.982184312366,2.1190143744200136,6175.155171265231,1.9786669537833104,822.0,658.0,396345096.45822674,126723.71980946872,0.004866180048661801,1.5614022037533856e-05,1653.2455460780916,0.5297535936050034,1543.7887928163077,0.4946667384458276,1.0,0.0060790273556231,6.232099477396783e-05,6.245608815013542e-05
2025-12-09 00:00:00.000 UTC,11,11,22,21,11,2656563.592678987,797.0146442954131,2573075.22430619,771.8718534141802,1307.0,930.0,446540561.7914493,140977.79100875746,0.016832440703902066,0.0054751308549460245,120752.89057631759,36.22793837706423,116957.96474119044,35.0850842460991,0.5,0.02258064516129032,0.12676934589689975,0.12045287880881256
2025-12-10 00:00:00.000 UTC,3,3,6,6,6,10.03732873984156,0.002973517475853,9.595545563148445,0.0028427368224049,1086.0,839.0,912025616.3627654,271112.45470488165,0.0055248618784530384,1.0485452708173623e-08,1.6728881233069266,0.0004955862459755,1.5992575938580742,0.0004737894704008167,1.0,0.007151370679380214,6.312681611783856e-08,6.291271624904175e-08
2025-12-11 00:00:00.000 UTC,4,4,8,8,8,4975.122899482681,1.5396773896672662,4677.234842920261,1.4476238353370297,1130.0,804.0,392103787.4390669,122229.1562369297,0.007079646017699115,1.1843523099602744e-05,621.8903624353351,0.19245967370840827,584.6543553650326,0.1809529794171287,1.0,0.009950248756218905,9.54285062833698e-05,9.474818479682195e-05
2025-12-12 00:00:00.000 UTC,10,10,20,20,17,244646.99981328216,76.47950227075813,224811.12679072737,70.28972609990073,1080.0,823.0,207198810.09433433,65289.87341904062,0.018518518518518517,0.0010765792981213224,12232.349990664108,3.8239751135379065,11240.556339536368,3.5144863049950366,0.85,0.024301336573511544,0.021700040332121064,0.02153158596242645
2025-12-13 00:00:00.000 UTC,0,0,0,0,0,0.0,0.0,0.0,0.0,736.0,541.0,138085896.2918216,44472.85091870233,0.0,0.0,,,,,,0.0,0.0,0.0
2025-12-14 00:00:00.000 UTC,5,5,10,10,9,27534.63896762997,8.876374054335042,26182.05032630407,8.440376298032454,719.0,565.0,180565668.1859529,58319.12215657278,0.013908205841446454,0.00014472742362911566,2753.463896762997,0.8876374054335041,2618.205032630407,0.8440376298032455,0.9,0.017699115044247787,0.0014500015750137435,0.0014472742362911567
2025-12-15 00:00:00.000 UTC,30,30,60,60,47,562054.8497095667,187.4729512892988,527958.669111603,176.13385880048727,1374.0,930.0,394196665.92475134,129764.77899418426,0.043668122270742356,0.0013573317826741042,9367.580828492779,3.12454918815498,8799.31115186005,2.9355643133414544,0.7833333333333333,0.06451612903225806,0.08035968562134704,0.08143990696044624
2025-12-16 00:00:00.000 UTC,5,5,10,10,10,3596.386927963402,1.226755618292864,3410.8513320082284,1.1634478143675795,1022.0,718.0,197027763.7370955,66980.89508117492,0.009784735812133072,1.736984572925733e-05,359.6386927963402,0.1226755618292864,341.08513320082284,0.11634478143675794,1.0,0.013927576601671309,0.000173115263925926,0.0001736984572925733
2025-12-17 00:00:00.000 UTC,19,19,38,35,27,61728.367412911626,21.674683233627555,58659.152806909195,20.597429829852334,1013.0,791.0,224963406.3697103,78111.01098259565,0.03751233958538993,0.0002636943187746189,1624.4307213924112,0.5703864008849356,1543.6619159712945,0.5420376271013773,0.7105263157894737,0.04424778761061947,0.009908490641359147,0.010020384113435518
2025-12-18 00:00:00.000 UTC,17,17,34,34,31,560853.2365456589,194.6704871835045,514663.8629816173,178.71008443987114,1162.0,808.0,340666642.4959779,118985.78942108633,0.029259896729776247,0.0015019447726435863,16495.683427813496,5.72560256422072,15137.172440635803,5.256178954113857,0.9117647058823529,0.04207920792079208,0.0513656729439883,0.05106612226988193
2025-12-19 00:00:00.000 UTC,2,2,4,4,4,8.702230029194002,0.0029433437618438,8.368198575252677,0.0028303623778762,963.0,763.0,466321467.4013559,157435.00989933428,0.004153686396677051,1.7977973131173083e-08,2.1755575072985005,0.00073583594046095,2.0920496438131693,0.00070759059446905,1.0,0.005242463958060288,7.178051331743896e-08,7.191189252469233e-08
2025-12-20 00:00:00.000 UTC,0,0,0,0,0,0.0,0.0,0.0,0.0,642.0,480.0,149240557.68870836,50059.46625487273,0.0,0.0,,,,,,0.0,0.0,0.0
2025-12-21 00:00:00.000 UTC,10,10,20,20,16,22272.340144052756,7.443923947027238,20490.643762407493,6.848415304413335,618.0,472.0,93227556.66350463,31271.125990632085,0.032362459546925564,0.0002190012379619755,1113.6170072026378,0.3721961973513619,1024.5321881203747,0.3424207652206667,0.8,0.0423728813559322,0.0043958341279641995,0.00438002475923951
2025-12-22 00:00:00.000 UTC,9,9,18,18,16,6856.818029913626,2.2939365077820684,6369.582094494687,2.1308066649550588,976.0,721.0,289008069.33874786,95150.74992167593,0.018442622950819672,2.2394008105128425e-05,380.9343349952014,0.1274409170990038,353.8656719163715,0.11837814805305882,0.8888888888888888,0.024965325936199722,0.00039671029934641586,0.0004030921458923117
2025-12-23 00:00:00.000 UTC,4,4,8,8,7,1249.6765240408026,0.4262819388711232,1185.3673526533992,0.404349227518704,848.0,659.0,433629480.0331509,146732.57533388794,0.009433962264150943,2.7556882076022513e-06,156.20956550510033,0.0532852423588904,148.1709190816749,0.050543653439838,0.875,0.012139605462822459,2.1868759523688803e-05,2.204550566081801e-05
2025-12-24 00:00:00.000 UTC,9,9,18,18,17,78375.24393589278,26.835172927186143,74258.69011994901,25.42574938674483,657.0,515.0,183587699.42175084,62493.19041658284,0.0273972602739726,0.0004068563185405557,4354.18021866071,1.4908429403992303,4125.482784441611,1.4125416325969349,0.9444444444444444,0.03495145631067961,0.007280751522946095,0.007323413733730002
2025-12-25 00:00:00.000 UTC,1,1,2,1,1,73.31525017008676,0.0248433613704883,70.76761605223189,0.0239800785625756,575.0,449.0,102464704.73737387,34863.733310499345,0.0034782608695652175,6.878230265533241e-07,36.65762508504338,0.01242168068524415,35.38380802611594,0.0119900392812878,0.5,0.0022271714922048997,1.3813071776006297e-06,1.3756460531066481e-06
2025-12-26 00:00:00.000 UTC,3,3,6,5,5,4098.562061293761,1.3845937387473957,3903.573277394961,1.3187611450819552,735.0,564.0,171836610.29192686,58203.71706689236,0.00816326530612245,2.2657679123247913e-05,683.0936768822935,0.23076562312456594,650.5955462324936,0.21979352418032586,0.8333333333333334,0.008865248226950355,0.00013630063828994272,0.00013594607473948748
2025-12-27 00:00:00.000 UTC,2,2,4,4,4,5.629921127456635,0.0019154899530542,5.332469174540014,0.0018142874788471,480.0,396.0,138968574.1395408,47433.21741664007,0.008333333333333333,3.824930244370538e-08,1.4074802818641587,0.00047887248826355,1.3331172936350035,0.000453571869711775,1.0,0.010101010101010102,1.534870515167145e-07,1.5299720977482153e-07
2025-12-28 00:00:00.000 UTC,1,1,2,2,2,23.212800196748542,0.007889274359035,22.4198672422055,0.007619782302969,504.0,391.0,129510859.90697913,43954.63012354981,0.003968253968253968,1.7335562332229724e-07,11.606400098374271,0.0039446371795175,11.20993362110275,0.0038098911514845,1.0,0.005115089514066497,3.4622374151956853e-07,3.467112466445945e-07
2025-12-29 00:00:00.000 UTC,3,3,6,6,6,4177.000935515839,1.3889721116734897,3941.668849492458,1.3107504041548876,941.0,705.0,470623205.0711945,158578.26211734136,0.006376195536663124,8.26563733675544e-06,696.1668225859731,0.2314953519455816,656.944808248743,0.21845840069248126,1.0,0.00851063829787234,5.025254352550899e-05,4.959382402053264e-05
2025-12-30 00:00:00.000 UTC,0,0,0,0,0,0.0,0.0,0.0,0.0,786.0,604.0,196055742.31448856,66099.95379053679,0.0,0.0,,,,,,0.0,0.0,0.0
2025-12-31 00:00:00.000 UTC,6,6,12,12,11,17670.076721985344,5.941139687087547,16428.972516918897,5.523890421913403,768.0,597.0,387532105.0541589,129937.6450820611,0.015625,4.2511855732223193e-05,1472.5063934987786,0.49509497392396223,1369.0810430765748,0.4603242018261169,0.9166666666666666,0.020100502512562814,0.0005087260323256952,0.0005101422687866783
2026-01-01 00:00:00.000 UTC,0,0,0,0,0,0.0,0.0,0.0,0.0,527.0,423.0,141341485.69408303,47402.130862222126,0.0,0.0,,,,,,0.0,0.0,0.0
2026-01-02 00:00:00.000 UTC,2,2,4,3,3,29635.792958091675,9.677553339952803,28482.179828908414,9.300841123118632,890.0,711.0,188270341.29629356,61227.458240809676,0.0044943820224719105,0.00015190637322454425,7408.948239522919,2.419388334988201,7120.544957227104,2.325210280779658,0.75,0.004219409282700422,0.0006051336526571461,0.000607625492898177
2026-01-03 00:00:00.000 UTC,1,1,2,2,2,0.000322909761875,1.036848437866494e-07,0.0003094417586919,9.9360194292e-08,771.0,550.0,177602900.68210912,57183.745900261434,0.0025940337224383916,1.737560083337348e-12,0.0001614548809375,5.18424218933247e-08,0.00015472087934595,4.9680097146e-08,1.0,0.0036363636363636364,3.4846475761763465e-12,3.475120166674696e-12
2026-01-04 00:00:00.000 UTC,1,1,2,1,1,4689.855375797811,1.4904829019435335,4648.023167292181,1.4771882080708956,763.0,613.0,64946858.42070716,20682.57862658961,0.002621231979030144,7.142185869279453e-05,2344.9276878989053,0.7452414509717668,2324.0115836460905,0.7385941040354478,0.5,0.0016313213703099511,0.00014313311776171272,0.00014284371738558906
2026-01-05 00:00:00.000 UTC,3,3,6,6,5,467420.823227776,147.46734696186317,448889.5966720952,141.6166431121405,1285.0,1011.0,236507776.33451718,74110.807297972,0.004669260700389105,0.00191087708089257,77903.47053796267,24.57789116031053,74814.93277868253,23.602773852023418,0.8333333333333334,0.005934718100890208,0.011387945131339394,0.01146526248535542
2026-01-06 00:00:00.000 UTC,3,3,6,5,5,91639.39455957268,28.1577828024571,86132.30340877025,26.46485249015931,1173.0,894.0,323873367.42374885,99811.89754672296,0.005115089514066497,0.0002651472734277078,15273.232426595447,4.692963800409516,14355.38390146171,4.410808748359885,0.8333333333333334,0.005592841163310962,0.0015956663079877754,0.001590883640566247
2026-01-07 00:00:00.000 UTC,6,6,12,12,10,180961.3975133469,56.93515531002223,171435.26407433598,53.939120547285185,935.0,712.0,280395370.488763,87289.85495799892,0.012834224598930482,0.0006179311510282491,15080.116459445575,4.744596275835186,14286.272006194666,4.494926712273766,0.8333333333333334,0.016853932584269662,0.007336865674016099,0.007415173812338988
2026-01-08 00:00:00.000 UTC,8,8,16,16,12,75053.40995958765,24.2249077444168,71217.4508982383,22.986726949266966,919.0,743.0,205394521.77560014,65832.86921981526,0.017410228509249184,0.0003491679342201314,4690.838122474228,1.51405673402605,4451.090681139894,1.4366704343291854,0.75,0.021534320323014805,0.005547758550331391,0.005586686947522102
2026-01-09 00:00:00.000 UTC,1,1,2,2,2,5.410283561611556,0.0017564582097223,5.155779768557001,0.0016738335210363,872.0,622.0,286066884.42105126,92268.20162668332,0.0022935779816513763,1.814095746450789e-08,2.705141780805778,0.00087822910486115,2.5778898842785005,0.00083691676051815,1.0,0.003215434083601286,3.6045974206286664e-08,3.628191492901578e-08
2026-01-10 00:00:00.000 UTC,1,1,2,2,2,1.4872394228709749,0.0004804754703613,1.3796930470261417,0.000445730967723,622.0,455.0,158597115.79121614,51334.85130331601,0.003215434083601286,8.68281404166077e-09,0.7436197114354874,0.00024023773518065,0.6898465235130709,0.0002228654838615,1.0,0.004395604395604396,1.7398715482851874e-08,1.736562808332154e-08
2026-01-11 00:00:00.000 UTC,1,1,2,2,2,8262.200621438384,2.6432053909485345,7927.669535899618,2.536183346453296,578.0,438.0,96154883.03003567,30956.988975860408,0.0034602076124567475,8.192603448710588e-05,4131.100310719192,1.3216026954742672,3963.834767949809,1.268091673226648,1.0,0.0045662100456621,0.0001648937482129383,0.00016385206897421176
2026-01-12 00:00:00.000 UTC,1,1,2,2,2,249999.982234022,80.08059640846514,238973.23200166415,76.54875500347454,975.0,749.0,286475364.36969084,91762.0237960245,0.0020512820512820513,0.0008342095328415255,124999.991117011,40.04029820423257,119486.61600083207,38.27437750173727,1.0,0.0026702269692923898,0.0016683684653125976,0.001668419065683051
2026-01-13 00:00:00.000 UTC,7,7,14,14,13,137521.30759392606,41.60525743154615,130505.57015364787,39.482078679795755,1102.0,842.0,232211361.96055424,72989.93640871668,0.012704174228675136,0.00054092496339099,9822.95054242329,2.9718041022532966,9321.826439546277,2.820148477128268,0.9285714285714286,0.0166270783847981,0.007868167891205237,0.007572949487473861
2026-01-14 00:00:00.000 UTC,1,1,2,2,2,1883.0612226905348,0.5593166872415088,1795.960520439969,0.5334451693161206,1476.0,1166.0,390940511.75531775,117086.20406396082,0.0013550135501355014,4.556003617853346e-06,941.5306113452674,0.2796583436207544,897.9802602199845,0.2667225846580603,1.0,0.0017152658662092624,9.18789670774272e-06,9.112007235706692e-06
2026-01-15 00:00:00.000 UTC,6,6,12,12,12,263977.20986268425,79.29845236481853,251937.8796096924,75.68246407419494,1114.0,853.0,537205297.5892476,161647.78301899176,0.010771992818671455,0.000468193640894556,21998.100821890355,6.6082043637348775,20994.8233008077,6.306872006182911,1.0,0.01406799531066823,0.0056277452379628595,0.005618323690734672
2026-01-16 00:00:00.000 UTC,2,2,4,4,4,28637.88022315043,8.692309249480072,27190.876706803836,8.253167081400512,977.0,741.0,428955132.7044301,130053.10161965636,0.0040941658137154556,6.345997887491459e-05,7159.470055787608,2.173077312370018,6797.719176700959,2.063291770350128,1.0,0.005398110661268556,0.00025355450613562985,0.00025383991549965835
2026-01-17 00:00:00.000 UTC,0,0,0,0,0,0.0,0.0,0.0,0.0,670.0,529.0,184932119.00946558,55887.996227616626,0.0,0.0,,,,,,0.0,0.0,0.0
2026-01-18 00:00:00.000 UTC,2,2,4,4,4,8689.222632015142,2.6064983316096817,8262.114052457615,2.478415212751244,762.0,578.0,188004666.64959058,56533.98776631839,0.005249343832020997,4.383938424785639e-05,2172.3056580037855,0.6516245829024204,2065.5285131144037,0.619603803187811,1.0,0.006920415224913495,0.00017578529724172903,0.00017535753699142556
2026-01-19 00:00:00.000 UTC,18,18,36,35,25,3777592.906802048,1176.7907319323824,3656160.766508547,1138.9723150552552,1122.0,804.0,558228871.5589379,173687.25959756176,0.03208556149732621,0.006557604269272749,104933.13630005688,32.68863144256618,101560.0212919041,31.63811986264598,0.6944444444444444,0.043532338308457715,0.23578462938818284,0.23607375369381894
2026-01-20 00:00:00.000 UTC,48,48,96,95,67,4418555.19750448,1419.1517618592009,4225985.3260651855,1357.2635572048375,1371.0,1009.0,783122679.9564693,255865.52788104423,0.0700218818380744,0.005304597178232818,46026.61664067167,14.782830852700009,44020.68047984568,14.138162054217057,0.6979166666666666,0.09415262636273539,0.518047301764787,0.5092413291103505
2026-01-21 00:00:00.000 UTC,21,21,42,42,35,111275.80295842011,38.01937542851338,104783.24594732262,35.80349454229729,1229.0,904.0,733860795.3454189,246717.8660801764,0.03417412530512612,0.00014511918050824155,2649.4238799623836,0.9052232244884137,2494.839189221967,0.852464155768983,0.8333333333333334,0.046460176991150445,0.005996908892940798,0.006095005581346145
2026-01-22 00:00:00.000 UTC,12,12,24,24,19,6686.446664526565,2.2606392332670864,6331.0292514188295,2.140497328383096,904.0,669.0,464680853.56392187,156234.89544770404,0.02654867256637168,1.3700507317839101e-05,278.60194435527353,0.0941933013861286,263.79288547578454,0.089187388682629,0.7916666666666666,0.03587443946188341,0.0003269872233140122,0.00032881217562813844
2026-01-23 00:00:00.000 UTC,4,4,8,8,8,726.3946755080401,0.2484189887239921,694.1696493026886,0.2373978635298631,913.0,685.0,357365636.34128755,121161.00298650352,0.008762322015334063,1.959358685370965e-06,90.79933443850501,0.031052373590499012,86.77120616283608,0.02967473294123289,1.0,0.01167883211678832,1.553970675881662e-05,1.567486948296772e-05
2026-01-24 00:00:00.000 UTC,0,0,0,0,0,0.0,0.0,0.0,0.0,687.0,539.0,226201671.12585258,76486.5804733165,0.0,0.0,,,,,,0.0,0.0,0.0
2026-01-25 00:00:00.000 UTC,52,52,104,102,58,851284.4121128322,301.5871045730485,807390.0516724823,286.04524132099317,958.0,743.0,317907505.7196429,109971.1554155338,0.10855949895615867,0.0026010933525264057,8185.427039546464,2.899876005510082,7763.365881466176,2.7504350127018573,0.5576923076923077,0.13728129205921938,0.26412891757261175,0.27051370866274616
2026-01-26 00:00:00.000 UTC,1,1,2,2,2,9347.157970198492,3.2216988984983206,8937.52146897572,3.080509065197965,1160.0,834.0,503998817.7015463,173837.04413103152,0.0017241379310344827,1.7720670991598306e-05,4673.578985099246,1.6108494492491603,4468.76073448786,1.5402545325989825,1.0,0.002398081534772182,3.5466438233862145e-05,3.544134198319661e-05
2026-01-27 00:00:00.000 UTC,3,3,6,6,6,1049.6345313491197,0.3601668669769727,933.4890738786676,0.3203269257814963,1108.0,804.0,658014095.1580452,222675.31953366345,0.005415162454873646,1.4385380762104177e-06,174.93908855818663,0.060027811162828786,155.58151231311126,0.053387820963582716,1.0,0.007462686567164179,8.5118760897162e-06,8.631228457262508e-06
2026-01-28 00:00:00.000 UTC,6,6,12,11,8,2136.5955155049287,0.7090573076514679,2039.311918303314,0.6767798930687202,1095.0,827.0,424566092.28162056,141077.89983405804,0.010958904109589041,4.797207031468275e-06,178.0496262920774,0.059088108970955656,169.94265985860952,0.05639832442239335,0.6666666666666666,0.013301088270858524,5.7639419314266206e-05,5.7566484377619304e-05
2026-01-29 00:00:00.000 UTC,69,69,138,137,84,5023315.92521321,1769.5367156289403,4733028.549336887,1667.578111337717,1490.0,1050.0,482775090.33371043,167289.9599883235,0.09261744966442953,0.009968190030376661,36400.840037776885,12.822729823398118,34297.30832852817,12.08389935751969,0.6086956521739131,0.13047619047619047,1.3529238622419513,1.3756102241919792
2026-01-30 00:00:00.000 UTC,151,151,302,301,135,2672605.125956828,969.1334406930612,2496203.0389921665,905.2538453221896,1624.0,1113.0,440411798.7605944,161424.45018567218,0.18596059113300492,0.005607910352372002,8849.685847539165,3.209051128122719,8265.572976795253,2.997529289146323,0.4470198675496689,0.27044025157232704,1.7117010032363484,1.6935889264163448
2026-01-31 00:00:00.000 UTC,1204,1204,2408,2306,504,124917782.8771108,51296.76798059604,117465016.80888364,48236.83367366071,2078.0,1485.0,538234667.5748152,216014.25792955136,1.1588065447545717,0.22330393436062987,51876.15567986329,21.302644510214304,48781.1531598354,20.03190767178601,0.20930232558139536,1.552861952861953,525.5249754726633,537.7158739403967
2026-02-01 00:00:00.000 UTC,305,305,610,605,199,10287032.300018106,4481.0133398543985,9603735.268963885,4183.519667999878,1688.0,1148.0,588873306.7933857,250503.8842409798,0.3613744075829384,0.016700418361479036,16863.98737707886,7.34592350795803,15743.82830977686,6.858228963934226,0.3262295081967213,0.5270034843205574,9.94828335141947,10.18725520050221
2026-02-02 00:00:00.000 UTC,788,788,1576,670,249,36331844.54945588,16163.24691321554,33795992.61279354,15037.418368282057,2077.0,1324.0,852512615.7544166,372695.9456251674,0.7587867116032739,0.0403476843383901,23053.20085625373,10.25586733072052,21444.15774923448,9.54150911693024,0.157994923857868,0.5060422960725075,62.4770629471904,63.58795051730281
2026-02-03 00:00:00.000 UTC,209,209,418,418,105,23848726.641442172,11008.590688853445,22590317.552885342,10427.751255639048,1759.0,1133.0,450954192.0064825,197964.4587263934,0.23763501989766914,0.05267486559317821,57054.36995560328,26.336341360893407,54043.82189685488,24.946773338849397,0.2511961722488038,0.36893203883495146,20.939494308926022,22.018093817948493
2026-02-04 00:00:00.000 UTC,141,141,282,280,111,4501910.004181659,2110.1813680691057,4266369.22847436,1999.8533413228756,1621.0,1114.0,411679012.1721631,188708.88189454854,0.17396668723010486,0.01059755810773339,15964.219872984606,7.482912652727325,15128.96889529915,7.091678515329346,0.39361702127659576,0.2513464991023339,2.9224616433121184,2.988511386380816
2026-02-05 00:00:00.000 UTC,1873,1873,3746,3705,829,122657834.8694316,62578.42444105851,115017180.28336312,58698.20637746185,2583.0,1880.0,815961936.3504821,405308.24907408725,1.4502516453735965,0.1448236163748354,32743.682559912333,16.705398943154968,30703.999007838527,15.669569241180419,0.2213027229044314,1.9707446808510638,528.0324217922984,542.5092669401334
2026-02-06 00:00:00.000 UTC,680,680,1360,1309,242,90970196.43267852,48957.540285373005,83345136.12308632,44875.532643181345,2722.0,2018.0,676402718.3242772,345725.0081228502,0.4996326230712711,0.12980123389637824,66889.85031814597,35.99819138630368,61283.188325798765,32.996715178809815,0.17794117647058824,0.6486620416253717,167.5767735058925,176.5296780990744
2026-02-07 00:00:00.000 UTC,19,19,38,37,21,1639.7222504847211,0.80039565834695,1564.5796799317854,0.763716351349026,1433.0,933.0,473758346.553493,229834.77085524373,0.026517794836008374,3.3228930005113788e-06,43.150585539071606,0.02106304364070921,41.17314947188909,0.02009779871971121,0.5526315789473685,0.03965702036441586,0.00012549441771300755,0.00012626993401943241
2026-02-08 00:00:00.000 UTC,44,44,88,87,35,14373.35830901926,6.875780518743374,13709.820266376317,6.558384835530174,1129.0,860.0,225249939.19020057,107159.11294608413,0.07794508414526129,6.120230613358986e-05,163.33361714794614,0.07813386953117471,155.79341211791268,0.07452710040375198,0.3977272727272727,0.10116279069767442,0.005356113248147783,0.005385802939755908
2026-02-09 00:00:00.000 UTC,10,10,20,19,18,90712.4159255406,44.24240562806549,86194.91012463979,42.03941694655131,1222.0,846.0,387451388.519529,186320.40203973482,0.016366612111292964,0.00022562970284695905,4535.6207962770295,2.2121202814032745,4309.74550623199,2.1019708473275656,0.9,0.022458628841607566,0.004449327718452363,0.004512594056939182
2026-02-10 00:00:00.000 UTC,10,10,20,20,18,88529.67135805626,43.97969998956896,82941.59902672296,41.20324282243378,1159.0,809.0,486868777.85606146,240011.9297420896,0.01725625539257981,0.00017167164509993184,4426.483567902813,2.198984999478448,4147.079951336148,2.060162141121689,0.9,0.024721878862793572,0.003407143887597735,0.0034334329019986365
2026-02-11 00:00:00.000 UTC,17,17,34,34,32,170801.98037184135,87.1820837482501,161778.46053575265,82.58194805121093,1584.0,982.0,434750524.4197782,221978.55424959995,0.021464646464646464,0.0003720266956885983,5023.587657995334,2.5641789337720615,4758.190015757431,2.4288808250356158,0.9411764705882353,0.034623217922606926,0.012652009254172978,0.012648907653412342
2026-02-12 00:00:00.000 UTC,3,3,6,6,6,487.00399057131705,0.2477879339894335,464.1891607682296,0.2361795189916017,1301.0,827.0,341023496.78348416,174470.35726617754,0.004611837048424289,1.3536942475063468e-06,81.16733176188617,0.041297988998238916,77.36486012803827,0.03936325316526695,1.0,0.007255139056831923,8.166988465248364e-06,8.12216548503808e-06
2026-02-13 00:00:00.000 UTC,6,6,12,12,12,941751.2223094912,471.3675031109648,893095.813354799,446.9571812083986,1758.0,894.0,466328926.2655916,233125.28303944384,0.006825938566552901,0.0019172402726167427,78479.26852579093,39.28062525924707,74424.65111289991,37.24643176736655,1.0,0.013422818791946308,0.022981953631059492,0.02300688327140091
2026-02-14 00:00:00.000 UTC,3,3,6,6,6,7.815502949413069,0.0037493219489161,7.382752979852365,0.0035417328945268,1581.0,814.0,267548820.48119292,129093.63643544857,0.003795066413662239,2.743537940615526e-08,1.3025838249021782,0.0006248869914860167,1.230458829975394,0.0005902888157544667,1.0,0.007371007371007371,1.6556424281537048e-07,1.6461227643693156e-07
2026-02-15 00:00:00.000 UTC,8,8,16,15,13,14329.899446139669,7.131200759359062,13483.240547499328,6.709515153248423,1848.0,771.0,303550433.2586349,150834.02245014455,0.008658008658008658,4.448277016192505e-05,895.6187153837293,0.44570004745994135,842.702534218708,0.41934469707802646,0.8125,0.019455252918287938,0.000710695242448159,0.0007117243225908008
2026-02-16 00:00:00.000 UTC,8,8,16,10,15,9089.779136151512,4.610099001481187,8158.71506585267,4.138807490374837,1789.0,744.0,268330850.20080438,135673.0001200532,0.008943543879262158,3.0505756390088835e-05,568.1111960094695,0.28813118759257417,509.91969161579186,0.2586754681484273,0.9375,0.013440860215053764,0.0004864868909257136,0.00048809210224142136
2026-02-17 00:00:00.000 UTC,2,2,4,4,4,4.954250485976961,0.0024986251401382,4.696660337399249,0.0023687137787488,1585.0,733.0,386208464.5441333,194792.79550448887,0.002523659305993691,1.2160171389368528e-08,1.2385626214942402,0.00062465628503455,1.1741650843498121,0.0005921784446872,1.0,0.005457025920873124,4.864378457311151e-08,4.864068555747411e-08
2026-02-18 00:00:00.000 UTC,3,3,6,5,5,174076.3226670979,88.94179539941824,161014.1436137144,82.269596330833,1785.0,808.0,367374336.3092339,185475.5202059406,0.0033613445378151263,0.00044356040214625576,29012.72044451632,14.823632566569707,26835.690602285733,13.711599388472166,0.8333333333333334,0.006188118811881188,0.0026297015501624307,0.0026613624128775347
2026-02-19 00:00:00.000 UTC,4,4,8,8,7,10596.545686745118,5.46041510551188,10027.667219181389,5.1673791963311775,1920.0,841.0,325720955.6118239,167025.06490910123,0.004166666666666667,3.09377469731467e-05,1324.5682108431397,0.682551888188985,1253.4584023976736,0.6459223995413972,0.875,0.009512485136741973,0.0002462885373855234,0.0002475019757851736
2026-02-20 00:00:00.000 UTC,5,5,10,10,10,1334.70266388939,0.6866088866773636,1205.7998030659005,0.6203026098713929,1618.0,804.0,290308982.31854576,148142.4880983957,0.006180469715698393,4.187202590113041e-06,133.470266388939,0.06866088866773637,120.57998030659004,0.062030260987139284,1.0,0.012437810945273632,4.1535049774754096e-05,4.187202590113042e-05
2026-02-21 00:00:00.000 UTC,1,1,2,2,2,235.7217399018382,0.1199677027575123,224.67297786729253,0.1143448725487307,860.0,594.0,205546749.07315335,103980.17659347712,0.002325581395348837,1.09967953791592e-06,117.8608699509191,0.05998385137875615,112.33648893364627,0.05717243627436535,1.0,0.003367003367003367,2.18610100991996e-06,2.19935907583184e-06
2026-02-22 00:00:00.000 UTC,7,7,14,10,9,315.9756234462234,0.1615138325151334,300.5727184617248,0.1536404712607701,822.0,555.0,173357427.2167509,88445.06476013346,0.0170316301703163,1.737128823156489e-06,22.569687389015957,0.011536702322509529,21.4694798901232,0.010974319375769292,0.6428571428571429,0.018018018018018018,2.4273653145548882e-05,2.4319803524190844e-05
2026-02-23 00:00:00.000 UTC,40,40,80,78,48,124035.13892807196,65.60012037726841,116519.04176663749,61.64127223356413,1865.0,940.0,348901567.33602214,184862.43573006737,0.04289544235924933,0.0003334440119764058,1550.4392366008994,0.8200015047158551,1456.4880220829687,0.7705159029195516,0.6,0.08297872340425531,0.02671677118708261,0.026675520958112462
2026-02-24 00:00:00.000 UTC,30,30,60,60,40,507764.5134099306,273.64955152116767,479440.52042922773,258.3891434727186,1820.0,976.0,536459501.7264972,290996.91422129225,0.03296703296703297,0.0008879446167467719,8462.74189016551,4.560825858686128,7990.675340487129,4.30648572454531,0.6666666666666666,0.06147540983606557,0.053622745301694065,0.05327667700480632
2026-02-25 00:00:00.000 UTC,12,12,24,22,18,6688715.614645363,3277.2984265334053,6375862.56330713,3123.762149502733,2108.0,1166.0,317915959.5772944,158181.77778661816,0.011385199240986717,0.01974792667785402,278696.4839435568,136.55410110555854,265660.9401377971,130.15675622928055,0.75,0.018867924528301886,0.48132437806151546,0.47395024026849647
2026-02-26 00:00:00.000 UTC,9,9,18,16,13,5310.296513959984,2.606080984196972,5085.592957892947,2.4957040911495065,1395.0,891.0,388150308.2306502,189690.64058161053,0.012903225806451613,1.3156706538063384e-05,295.0164729977769,0.14478227689983178,282.5329421051637,0.1386502272860837,0.7222222222222222,0.017957351290684626,0.00023583820829449638,0.0002368207176851409
2026-02-27 00:00:00.000 UTC,17,17,34,32,21,58404.46935074589,30.189932771408728,54601.54286860987,28.22368638160871,1495.0,820.0,443430517.1430617,224703.63219869876,0.02274247491638796,0.00012560405056848988,1717.7785103160554,0.8879391991590803,1605.927731429702,0.8301084229884915,0.6176470588235294,0.03902439024390244,0.004186569001821311,0.004270537719328656
2026-02-28 00:00:00.000 UTC,17,17,34,34,24,389673.830948016,207.68897110317192,368224.0590376085,196.2668049666689,1616.0,904.0,137948511.06787026,72462.46494463527,0.02103960396039604,0.002708530618115544,11460.995027882824,6.108499150093292,10830.119383459074,5.772553087254968,0.7058823529411765,0.03761061946902655,0.09075573132586456,0.09209004101592849
2026-03-01 00:00:00.000 UTC,1,1,2,2,2,54.40984205915577,0.0275714606223346,51.515183703591156,0.026105078236379,1669.0,768.0,254844068.1421478,128676.5246043529,0.0011983223487118035,2.028736657027797e-07,27.204921029577886,0.0137857303111673,25.757591851795578,0.0130525391181895,1.0,0.0026041666666666665,4.0428787751776774e-07,4.057473314055594e-07
2026-03-02 00:00:00.000 UTC,13,13,26,25,21,512120.76123314817,258.37253927059277,479140.8138104344,241.6382235638669,1972.0,986.0,473172880.1368974,236537.8957815489,0.013184584178498986,0.001021562412929505,19696.952355121084,9.93740535656126,18428.49283886286,9.293777829379495,0.8076923076923077,0.02535496957403651,0.026327927237645297,0.02656062273616713
2026-03-03 00:00:00.000 UTC,10,10,20,20,17,5198.403464973693,2.645864000328368,4898.471871702364,2.493149077314126,1548.0,885.0,338336137.15206087,171047.75145697818,0.012919896640826873,1.4575748912672501e-05,259.92017324868465,0.1322932000164184,244.92359358511823,0.1246574538657063,0.85,0.022598870056497175,0.00028956244005947306,0.00029151497825345
2026-03-04 00:00:00.000 UTC,10,10,20,19,18,5048680.658724259,2416.7672051482045,4728367.307570335,2263.363014648085,1671.0,1227.0,493042686.1026996,235326.44148901117,0.011968880909634948,0.009617971530639813,252434.03293621293,120.83836025741023,236418.36537851678,113.16815073240426,0.9,0.015484922575387123,0.19180356755501807,0.19235943061279626
2026-03-05 00:00:00.000 UTC,2,2,4,4,4,1356.3964464553287,0.6525306975803348,1289.5398450097612,0.620382732107246,1344.0,943.0,414745879.8407753,196354.91447311096,0.002976190476190476,3.1594968415837737e-06,339.0991116138322,0.1631326743950837,322.3849612524403,0.1550956830268115,1.0,0.0042417815482502655,1.243691530346078e-05,1.2637987366335095e-05
2026-03-06 00:00:00.000 UTC,15,15,30,30,24,83032.8851494987,41.84239444078176,78365.43256438279,39.4884729639172,1431.0,919.0,353970890.0370804,173876.8345753024,0.020964360587002098,0.0002271060032831203,2767.7628383166234,1.394746481359392,2612.181085479426,1.3162824321305733,0.8,0.03264417845484222,0.006641684508817115,0.00681318009849361
2026-03-07 00:00:00.000 UTC,0,0,0,0,0,0.0,0.0,0.0,0.0,1101.0,629.0,256223037.0804801,129500.35643207407,0.0,0.0,,,,,,0.0,0.0,0.0
2026-03-08 00:00:00.000 UTC,29,29,58,54,36,459455.33820105466,236.5445258998085,425951.95687247306,219.29105062256093,1306.0,645.0,121616631.03355385,62369.0585469796,0.0444104134762634,0.003516023100739601,7921.643762087149,4.078353894824284,7343.999256421949,3.780880183147602,0.6206896551724138,0.08372093023255814,0.20314009102741307,0.20392933984289685
2026-03-09 00:00:00.000 UTC,1,1,2,2,2,7.810002216560492,0.0038619508161305,7.452427791466665,0.0036851356297957,1701.0,865.0,355132628.12003076,176861.33516228656,0.0011757789535567313,2.0836298823675896e-08,3.905001108280246,0.00193097540806525,3.7262138957333324,0.00184256781489785,1.0,0.0023121387283236996,4.196982874211056e-08,4.167259764735179e-08
2026-03-10 00:00:00.000 UTC,41,41,82,80,35,21817597.91940636,10577.622619939968,21013145.98646659,10187.607670966388,1366.0,899.0,452865817.54972094,221147.69348927925,0.060029282576866766,0.04606698586915292,266068.2673098336,128.99539780414594,256257.8778837389,124.2391179386145,0.4268292682926829,0.08898776418242492,3.8048311533273997,3.7774928412705395
2026-03-11 00:00:00.000 UTC,28,28,56,56,23,920602.4185437668,454.455688197635,877072.1161362407,432.9629913585919,1124.0,770.0,350796897.01749116,172056.05297527238,0.0498220640569395,0.0025164066237228903,16439.328902567264,8.11528014638634,15662.00207386144,7.731481988546284,0.4107142857142857,0.07272727272727272,0.14001275074328975,0.14091877092848187
2026-03-12 00:00:00.000 UTC,6,6,12,11,10,1743.6789852778109,0.8449524587928777,1657.2040317537849,0.8030481430666713,1170.0,697.0,541563141.2851018,263833.39486074995,0.010256410256410256,3.0437698892913704e-06,145.30658210648423,0.07041270489940647,138.10033597948208,0.06692067858888927,0.8333333333333334,0.015781922525107604,3.672046131842704e-05,3.6525238671496446e-05
2026-03-13 00:00:00.000 UTC,1,1,2,2,2,1471.5529235825115,0.695285212570432,1407.9899256028034,0.6652437739720506,1626.0,1025.0,529585312.6394804,248587.66192318816,0.0012300123001230013,2.6760932896887147e-06,735.7764617912558,0.347642606285216,703.9949628014017,0.3326218869860253,1.0,0.001951219512195122,5.317329963647629e-06,5.352186579377429e-06
2026-03-14 00:00:00.000 UTC,2,2,4,4,4,522.0932165581925,0.2508256540653077,494.4961526502413,0.2375678332631532,841.0,575.0,87264859.22392568,41973.165088418675,0.0047562425683709865,5.6599933019753e-06,130.52330413954812,0.06270641351632693,123.62403816256032,0.0593919583157883,1.0,0.006956521739130435,2.2666450484098815e-05,2.26399732079012e-05
2026-03-15 00:00:00.000 UTC,1,1,2,2,2,21.568970136285,0.0102525668090603,20.72016549824386,0.009849067961707,1057.0,617.0,229656379.869706,108767.63453040084,0.001892147587511826,9.055145865982917e-08,10.7844850681425,0.00512628340453015,10.36008274912193,0.0049245339808535,1.0,0.0032414910858995136,1.8044493699673663e-07,1.8110291731965834e-07
2026-03-16 00:00:00.000 UTC,8,8,16,15,15,3944937.908931034,1798.820182981575,3743608.216428907,1706.9395551627235,1973.0,1264.0,336767117.989615,147720.8714826852,0.008109477952356817,0.011555168460827818,246558.61930818963,112.42626143634844,233975.5135268067,106.68372219767022,0.9375,0.011867088607594937,0.17786098542052314,0.1848826953732451
2026-03-17 00:00:00.000 UTC,2,2,4,4,4,269363.0599166269,114.28996252690725,256431.75973249163,108.8034423221204,1582.0,928.0,590476889.9513097,253552.4187258797,0.0025284450063211127,0.0004291161680447224,67340.76497915672,28.57249063172681,64107.93993312291,27.2008605805301,1.0,0.004310344827586207,0.0017371163146021637,0.0017164646721788896
2026-03-18 00:00:00.000 UTC,10,10,20,20,20,31254.52715103957,14.079273889279262,29888.797044348194,13.463219530567418,1233.0,824.0,405498033.27317566,181701.7645817184,0.016220600162206,7.409515015751254e-05,1562.7263575519785,0.7039636944639631,1494.4398522174097,0.6731609765283709,1.0,0.024271844660194174,0.0014741771644654427,0.0014819030031502508
2026-03-19 00:00:00.000 UTC,32,32,64,63,46,78105.26764379547,36.39025597141202,73871.7200761818,34.418155986819436,1387.0,788.0,355235754.5415204,165200.17666509456,0.046142754145638065,0.00020834212578715546,1220.3948069343041,0.5685977495533128,1154.2456261903405,0.5377836872940537,0.71875,0.0799492385786802,0.013308880157566021,0.01333389605037795
2026-03-20 00:00:00.000 UTC,9,9,18,17,13,1937.038887152825,0.9089688971992176,1812.4859888512117,0.8505221259134554,1111.0,727.0,325519549.27259094,151969.73798451826,0.016201620162016202,5.5966545523695076e-06,107.61327150849029,0.0504982720666232,100.69366604728954,0.04725122921741419,0.7222222222222222,0.023383768913342505,0.00010022362058507816,0.00010073978194265114
2026-03-21 00:00:00.000 UTC,14,14,28,24,21,179057.4471390121,83.39674512714653,166800.6444409736,77.68844163501869,908.0,623.0,170560273.11902696,79251.23758710948,0.030837004405286344,0.000980280485205382,6394.908826393289,2.9784551831123762,5957.165872891915,2.7745872012506676,0.75,0.038523274478330656,0.0273828011584384,0.0274478535857507
2026-03-22 00:00:00.000 UTC,8,8,16,15,10,10365.03349484706,5.033105310352368,9904.264475054246,4.809255072387595,1270.0,745.0,720275317.2300271,346844.4576664177,0.012598425196850394,1.3865740005604933e-05,647.8145934279413,0.314569081897023,619.0165296908904,0.3005784420242247,0.625,0.020134228187919462,0.00022001063733558362,0.00022185184008967893
2026-03-23 00:00:00.000 UTC,13,13,26,23,19,331174.3153968818,161.88919390505555,306884.46021407016,150.0178927785394,1372.0,858.0,388554634.95391023,185612.73994693105,0.018950437317784258,0.0008082305817016189,12737.473669110837,6.226507457886752,11803.24846977193,5.7699189530207455,0.7307692307692307,0.026806526806526808,0.020535068296154233,0.021013995124242093
2026-03-24 00:00:00.000 UTC,7,7,14,8,10,70950.24518076277,33.15804841541244,67830.13996202959,31.69995073037062,1155.0,761.0,212142102.8988003,98909.30629487343,0.012121212121212121,0.0003204951274844161,5067.874655768769,2.368432029672317,4845.009997287828,2.264282195026473,0.7142857142857143,0.010512483574244415,0.004476348383901046,0.004486931784781825
2026-03-25 00:00:00.000 UTC,1,1,2,2,2,4.144918080835001,0.0019105554881884,3.9980188164645143,0.0018428438987733,1141.0,789.0,282968020.3287711,130327.44169764378,0.0017528483786152498,1.4140106448560919e-08,2.0724590404175003,0.0009552777440942,1.9990094082322571,0.00092142194938665,1.0,0.0025348542458808617,2.8257743131675088e-08,2.8280212897121837e-08
2026-03-26 00:00:00.000 UTC,3,3,6,6,6,17991.900523900917,8.709094285695002,17103.095902285102,8.278834152511694,1290.0,788.0,376832083.85726494,180512.0364826972,0.004651162790697674,4.5863058850955086e-05,2998.6500873168193,1.4515157142825004,2850.5159837141837,1.3798056920852824,1.0,0.007614213197969543,0.0002723191039449287,0.00027517835310573053
2026-03-27 00:00:00.000 UTC,43,43,86,84,51,6709423.089525732,3334.1824091745652,6333518.212096095,3147.732177551234,1391.0,909.0,342508726.5388216,169805.03759364758,0.06182602444284687,0.01853733094234768,78016.54755262479,38.76956289737866,73645.56060576855,36.601536948270166,0.5930232558139535,0.0924092409240924,1.5902735435224808,1.5942104610419003
2026-03-28 00:00:00.000 UTC,2,2,4,4,4,1116.0282868438692,0.5607704600605163,1041.6661283656038,0.5234058827155458,903.0,601.0,126475247.63491337,63166.01521522971,0.004429678848283499,8.286194418503535e-06,279.0070717109673,0.14019261501512909,260.41653209140094,0.13085147067888644,1.0,0.0066555740432612314,3.2944505675055196e-05,3.314477767401414e-05
2026-03-29 00:00:00.000 UTC,15,15,30,28,18,84640.86792127538,42.647420105955014,80658.4008659295,40.640833983447344,678.0,482.0,176157635.18090913,88156.8280221006,0.04424778761061947,0.0004610060830825133,2821.3622640425124,1.4215806701985005,2688.61336219765,1.3546944661149114,0.6,0.058091286307053944,0.013736288089317646,0.013830182492475399
2026-03-30 00:00:00.000 UTC,5,5,10,10,8,85406.88570640795,41.69297005149991,81095.8266677807,39.58872456025002,1047.0,785.0,231568384.0672779,113394.1169682637,0.009551098376313277,0.0003491250306339081,8540.688570640796,4.169297005149991,8109.582666778069,3.958872456025002,0.8,0.012738853503184714,0.003502024984732795,0.0034912503063390813
