time_bucket,liquidation_tx_count,unique_liquidated_users,unique_liquidators,as_collateral_tx_count,as_debt_tx_count,liquidated_collateral_value_usd,liquidated_collateral_value_eth,liquidation_debt_covered_value_usd,liquidation_debt_covered_value_eth,liquidation_rate,liquidation_volume_ratio_eth,liquidation_severity_usd,liquidation_severity_eth,avg_liquidation_debt_usd,avg_liquidation_debt_eth,liquidator_concentration,liquidation_user_ratio,market_stress_index_usd,market_stress_index_eth,has_liquidation,avg_total_collateral_base,avg_total_debt_base,avg_available_borrows_base,avg_current_liquidation_threshold,avg_ltv,borrow_capacity_utilization,remaining_borrow_capacity,risk_buffer,ltv_utilization,distance_to_liquidation,debt_expansion_ratio,capital_efficiency,overcollateral_margin,has_sampled_borrow_position,borrow_tx_count,unique_borrowers,borrow_amount_value_usd,borrow_amount_value_eth,repay_amount_value_usd,borrow_repay_ratio,repayment_discipline,net_borrow_demand_usd,borrower_participation_rate,leverage_indicator,collateral_enabled_count,collateral_disabled_count,collateral_usage_rate,net_liquidity_flow_usd,supply_withdrawal_ratio,protocol_turnover_usd,flashloan_usage_intensity,flashloan_amount_value_usd,user_activity,target_next_1d,target_fwd_max_1d,target_fwd_max_3d,target_fwd_max_7d,y_reg_log1p,y_stress_1d,y_stress_3d,y_stress_7d
2025-04-01 00:00:00.000 UTC,12,12,12,6,6,83457.13917558301,44.521713126791475,79215.71182632571,42.262463076257454,0.0139372822299651,0.0002682866807964,6954.761597965251,3.710142760565956,6601.309318860476,3.5218719230214544,1.0,0.0199004975124378,0.0032151951944185,0.0032194401695568,1,101139269.53311454,41530811.84615004,41661461.569367275,0.8375,0.8125,0.4992147724911622,0.4119217170708028,0.025,0.9701492537313432,0.0298507462686566,0.4106299366988429,2.923246365648214,59608457.6869645,1,861.0,603.0,295655002.0869922,157527.25014451818,328765327.26605576,0.8992888774056493,0.7097844112769486,-33110325.179063573,0.4674418604651162,0.0756232898965611,992,871,0.5324745034889963,119285034.60863902,1.0314712074890713,8324287370.550538,0.1103296703296703,17995098.822565,1459.0,907043.3671373248,907043.3671373248,1164971.9120343493,44687568.1662392,13.71794664425959,1,0,1
2025-04-02 00:00:00.000 UTC,54,51,41,27,27,933136.5389787264,501.70240045698495,907043.3671373248,487.46671403909886,0.0603351955307262,0.0034709189320824,17280.30627738382,9.290785193647867,16797.09939143194,9.027161371094424,0.7592592592592593,0.0836065573770491,0.1859782280629436,0.1874296223324503,1,52392575.62821847,32115199.78458496,16609169.348717831,0.8646499999999999,0.8285833333333334,0.6591198686784931,0.3170137972711573,0.0360666666666664,0.9582875537307968,0.0417124462692031,0.612972341968388,5.026780910056209,20277375.84363351,1,895.0,610.0,263365998.9966048,140443.12862894734,314802145.7193832,0.8366080173779091,0.8327868852459016,-51436146.722778395,0.4350927246790299,0.0853935378677662,1416,1284,0.5244444444444445,-44621104.317576304,0.9857384311183944,6791077987.800489,0.1505703422053232,23974065.766024612,1622.0,1164971.9120343493,1164971.9120343493,1164971.9120343493,44687568.1662392,13.968208393238957,1,0,1
2025-04-03 00:00:00.000 UTC,148,147,55,74,74,1239253.364366173,695.940476587922,1164971.9120343493,654.2396827123094,0.1705069124423963,0.0051807256680391,8373.333543014684,4.70230051748596,7871.431838069928,4.420538396704794,0.3716216216216216,0.2244274809160305,0.7591957307140498,0.766747398869788,1,30985352.042524926,9922406.56039747,14587083.393577036,0.7943666666666667,0.7693111111111112,0.4048393736071375,0.470773524649887,0.0250555555555554,0.9684584504776692,0.0315415495223307,0.3202289438822499,7.329375597063253,21062945.482127458,1,868.0,655.0,227103283.1268962,126283.40596153152,278318164.8977848,0.8159844083849223,0.9725190839694656,-51214881.77088867,0.4075917859365277,0.1004930918637843,1458,1284,0.5317286652078774,102513144.34362005,1.0475175061941249,4922687303.708814,0.1411174785100286,14685762.851556243,1849.0,17143.93878525979,17143.93878525979,43011624.03996829,44687568.1662392,9.749458294477105,0,1,1
2025-04-04 00:00:00.000 UTC,24,23,17,12,12,18543.8602673799,10.33557228003082,17143.93878525979,9.555658860700808,0.0323886639676113,7.948098609077692e-05,772.6608444741624,0.4306488450012842,714.3307827191579,0.3981524525292003,0.7083333333333334,0.0404217926186291,0.0018897271065339,0.0019075436661786,1,50138002.69030857,40422125.493808165,5059326.66294757,0.83546,0.800625,0.8887606612579086,0.1009080216896137,0.0348349999999999,0.9583044071529456,0.0416955928470542,0.8062173067301216,4.342658985781203,9715877.196500406,1,741.0,569.0,217732247.91219065,120225.72102700244,254293899.31089035,0.8562228527787024,0.8312829525483304,-36561651.39869971,0.4307342922028766,0.0823212051013053,1081,983,0.5237403100775194,96006357.01651168,1.037665733485135,5665841474.528294,0.1103752759381898,47791550.147965856,1473.0,126.73301681415464,126.73301681415464,44687568.1662392,44687568.1662392,4.849942279457007,0,1,1
2025-04-05 00:00:00.000 UTC,8,8,8,4,4,132.97715402450362,0.0743062736005876,126.73301681415464,0.0708169147186646,0.0154142581888246,9.973521149284569e-07,16.622144253062952,0.0092882842000734,15.84162710176933,0.008852114339833,1.0,0.0198019801980198,7.919273013425227e-06,7.978816919427655e-06,1,93039856.5047017,57382177.4692676,23840016.10608027,0.915,0.89375,0.7064839663070112,0.2562344462007584,0.0212499999999999,0.976775956284153,0.0232240437158469,0.616748344472864,1.376022112138805,35657679.035434105,1,519.0,404.0,128024899.86069097,71004.92760647979,148607755.84202474,0.8614954121020838,0.849009900990099,-20582855.98133377,0.4217118997912317,0.0694331461690941,766,667,0.534542916957432,7889587.9954030365,1.0042972338752711,3956460157.435764,0.0948999354422207,8001433.15237195,1055.0,43011624.03996829,43011624.03996829,44687568.1662392,44687568.1662392,17.57698098688663,1,1,1
2025-04-06 00:00:00.000 UTC,2118,2087,401,1059,1059,45410545.20511867,27618.565484934028,43011624.03996829,26162.28559946525,2.0037842951750235,0.1476976918019218,21440.295186552725,13.039927046711062,20307.66007552799,12.352353918538832,0.1893295561850802,2.9477401129943503,300.28803372652413,312.8237112364704,1,31513488.509559173,12114153.419172222,12980327.43102304,0.8106424782969868,0.7802091238418445,0.4827417427556769,0.4118975094453805,0.0304333544551422,0.9624577353519924,0.0375422646480076,0.3844116913777274,9.626696694047414,19399335.09038695,1,1057.0,708.0,303370795.65287447,177134.018008566,288740376.53182137,1.0506698068929086,1.8785310734463276,14630419.1210531,0.3390804597701149,0.1625088523925879,2315,2211,0.5114891736632788,340276591.4502467,1.2229101701697964,3985425596.6871457,0.1554487179487179,50831468.059171155,2578.0,44687568.1662392,44687568.1662392,44687568.1662392,44687568.1662392,17.615205926193283,1,1,1
2025-04-07 00:00:00.000 UTC,1808,1752,292,904,904,47465110.05690096,31916.6354265402,44687568.1662392,30059.38193456976,1.0629041740152851,0.1045362697115079,26252.8263589054,17.65300631998905,24716.5753131854,16.625764344341682,0.161504424778761,1.5422535211267605,184.54969704679544,189.00157563840645,1,64618912.48105012,24296244.057117205,26720986.885757048,0.8198481863127765,0.7921297853239657,0.476236040413925,0.4135165056142524,0.0277184009888107,0.9661908125777862,0.0338091874222138,0.3759927724602642,6.775044724189621,40322668.42393291,1,1701.0,1136.0,437796022.0876094,287549.78551966295,565993468.6210877,0.77350013093649,1.5845070422535212,-128197446.53347825,0.361323155216285,0.109213922104121,2723,2568,0.5146475146475147,123522162.3901454,1.0317939174167043,8897487361.314503,0.1336617927527018,73493751.81803568,3692.0,39950.057401165934,39950.057401165934,1798063.0077810397,1798063.0077810397,10.595410418958435,0,1,0
2025-04-08 00:00:00.000 UTC,62,62,42,31,31,42235.857882885095,27.982700073767173,39950.057401165934,26.473826239637795,0.0489344909234412,0.0001453623233789,681.2235142400822,0.451333872157535,644.3557645349345,0.4269971974135128,0.6774193548387096,0.0776942355889724,0.0088238506463375,0.0090124640494959,1,53017737.27976921,22185619.623480093,20729086.356389884,0.8228521324354657,0.7976856341189674,0.5169700949107449,0.3909839880001781,0.0251664983164983,0.9694155276209702,0.0305844723790298,0.4184565536323972,5.294558605202082,30832117.65628912,1,1267.0,798.0,280705517.1429453,182123.026271526,274019708.91407585,1.0243990049305756,0.956140350877193,6685808.228869475,0.4160583941605839,0.0972654684054332,1747,1527,0.5335980452046426,138742216.33567217,1.050502570219334,6187929040.410799,0.1224858174316658,33715640.39133705,2171.0,1798063.0077810397,1798063.0077810397,1798063.0077810397,1798063.0077810397,14.402221092813338,1,1,0
2025-04-09 00:00:00.000 UTC,390,383,95,195,195,1943256.738791666,1338.19657891481,1798063.0077810397,1238.4368346185452,0.24,0.005231940215797,4982.709586645297,3.4312732792687437,4610.417968669332,3.1754790631244747,0.2435897435897435,0.3704061895551257,1.9585768262287744,2.040456684160847,1,22387282.944290653,12730298.34390089,6195226.741933198,0.8412093121693123,0.8136553439153439,0.6726523193498934,0.2767297289871946,0.0275539682539683,0.9672448130859224,0.0327551869140775,0.5686397217375345,15.99291074231025,9656984.600389764,1,1625.0,1034.0,358037817.89088506,236706.99272886847,364509806.4582995,0.9822446791478712,0.8945841392649904,-6471988.567414422,0.4142628205128205,0.0888794924949989,2443,2296,0.5155096011816839,106675663.32077885,1.0272015519855804,8672574533.020054,0.1322825219473264,37810903.58709923,2857.0,40139.25871067769,40139.25871067769,40139.25871067769,603331.2101830175,10.60013506753827,0,0,0
2025-04-10 00:00:00.000 UTC,24,24,23,12,12,42433.25882652306,27.496043128033698,40139.25871067769,26.01303604339538,0.0212765957446808,0.0001102014696724,1768.0524511051274,1.1456684636680707,1672.4691129449038,1.0838765018081409,0.9583333333333334,0.0306122448979591,0.0025936779870565,0.0026448352721392,1,63385428.61518971,26198650.480996657,24900502.74046688,0.8741842405063291,0.8506950421940929,0.5127022431751814,0.3928426972015413,0.0234891983122362,0.9731301512612132,0.0268698487387868,0.4133229206360277,5.859696221463048,37186778.13419305,1,1128.0,784.0,371419356.55224293,236049.81059425604,328937768.31129956,1.1291477973448756,0.7448979591836735,42481588.240943395,0.4563445867287544,0.1437753550099386,1547,1370,0.5303393897840247,96461970.6526699,1.0387885179281766,5770557500.849741,0.1067807351077313,36243008.041097514,1920.0,2587.05724662729,2587.05724662729,7344.22267512819,603331.2101830175,7.858662775402148,0,0,0
2025-04-11 00:00:00.000 UTC,8,8,8,4,4,2769.2440657786815,1.7914510936682448,2587.05724662729,1.6735155195762843,0.0081466395112016,4.95578410626001e-06,346.1555082223352,0.2239313867085306,323.38215582841127,0.2091894399470355,1.0,0.0109289617486338,3.9381454267742754e-05,3.964627285008008e-05,1,60631826.43563092,32650146.871620048,18236298.041032724,0.86226,0.8348000000000001,0.6416275872221854,0.3007710490198259,0.0274599999999999,0.968153457193886,0.0318465428061141,0.5384984881872675,8.667695090962193,27981679.56401087,1,982.0,732.0,525538184.3521898,337689.35120929615,371074412.9340928,1.4162609062606848,0.6885245901639344,154463771.41809702,0.4692307692307692,0.1645642231635606,1221,1101,0.5258397932816538,157708886.04133743,1.0519496046213417,7125932121.786607,0.0840272520817562,16900016.296735846,1732.0,7344.22267512819,7344.22267512819,7344.22267512819,603331.2101830175,8.901805404707758,0,0,0
2025-04-12 00:00:00.000 UTC,4,3,3,2,2,7641.751720478241,4.791817294796289,7344.22267512819,4.605251277553135,0.0044543429844097,3.5300443171192897e-05,1910.43793011956,1.1979543236990722,1836.0556687820472,1.1513128193882838,0.75,0.0044247787610619,0.0001396468144068,0.0001412017726847,1,120626224.06315891,54391284.5387819,42149401.51146112,0.819,0.7853333333333333,0.5634027140689144,0.3494215444345835,0.0336666666666666,0.9588929588929588,0.0411070411070411,0.4509076277667704,1.7439461112568444,66234939.52437701,1,898.0,678.0,210365634.37054276,130458.73830023964,246492990.1370269,0.8534345510336796,0.6179941002949852,-36127355.76648416,0.4815340909090909,0.1088585708822564,1198,993,0.5467822911912369,-467954194.62905705,0.8050533269840594,4789747525.988111,0.1087221095334685,23404369.33261957,1581.0,106.8965585781256,106.8965585781256,106.8965585781256,603331.2101830175,4.681172977206101,0,0,0
2025-04-13 00:00:00.000 UTC,4,4,4,2,2,112.59070811888763,0.0688501517870623,106.8965585781256,0.0653693876312822,0.0050955414012738,3.819748925405744e-07,28.14767702972191,0.0172125379467655,26.7241396445314,0.0163423469078205,1.0,0.0065681444991789,1.55454997214721e-06,1.5278995701622976e-06,1,76806477.91440949,40883462.95120984,21644890.761169575,0.8347760000000001,0.8086550000000001,0.6538387871087624,0.2818107449906751,0.0261209999999999,0.968708971029354,0.0312910289706459,0.5322918595065507,3.581138993848978,35923014.963199645,1,785.0,609.0,275054673.03949213,171135.29948657157,202203220.0119355,1.3602882932490217,0.5911330049261084,72851453.02755663,0.4848726114649681,0.1051365083839578,1082,855,0.5585957666494579,394825683.30359143,1.1777420086667192,5314766386.853931,0.1090823970037453,15713301.343974125,1430.0,0.0,0.0,603331.2101830175,603331.2101830175,0.0,0,0,0
2025-04-14 00:00:00.000 UTC,0,0,0,0,0,0.0,0.0,0.0,0.0,0.0,0.0,0.0,0.0,0.0,0.0,0.0,0.0,0.0,0.0,0,137254823.8403856,81363884.50201795,31078086.894964144,0.88,0.8575,0.7236077728907706,0.2264261905366985,0.0224999999999999,0.9744318181818182,0.0255681818181817,0.5927943530541154,1.6190180538281125,55890939.33836764,1,931.0,693.0,222218037.77258143,135635.06677505135,221957887.27774292,1.0011720714142185,0.5873015873015873,260150.49483852275,0.5014471780028944,0.0806161857376658,1481,1321,0.5285510349750179,150801855.54480782,1.0578740093793877,5806362205.553138,0.0805509181969949,21559310.198324487,1519.0,19.423602749016673,19.423602749016673,603331.2101830175,603331.2101830175,3.016691229545201,0,0,0
2025-04-15 00:00:00.000 UTC,4,4,4,2,2,20.68140682736822,0.0127527474401388,19.423602749016673,0.0119794457413508,0.0044843049327354,5.4099669300138454e-08,5.170351706842055,0.0031881868600347,4.855900687254168,0.0029948614353377,1.0,0.0058823529411764,2.154056371545514e-07,2.1639867720055381e-07,1,96775423.91601457,62840875.847735785,17997118.40242058,0.8638899999999999,0.8368400000000001,0.7773680733996468,0.1859678591337318,0.0270499999999997,0.9686881431663756,0.0313118568336243,0.6493474614202829,3.72707070492446,33934548.06827878,1,892.0,680.0,360688847.43402386,221432.88297919673,368807139.3006473,0.977987704137133,0.6426470588235295,-8118291.866623469,0.4632152588555858,0.110134186247744,1900,1681,0.5305780508237923,255305400.8276735,1.0845469177968077,7024179462.615332,0.0473840078973346,9251005.672808368,1574.0,603331.2101830175,603331.2101830175,603331.2101830175,957792.9877049052,13.310223252997057,1,0,0
2025-04-16 00:00:00.000 UTC,80,77,32,40,40,641391.4709197312,403.4045551003341,603331.2101830175,379.4671364095375,0.0960384153661464,0.0016062970099034,8017.39338649664,5.042556938754176,7541.640127287719,4.743339205119218,0.4,0.12241653418124,0.1291055043016951,0.1285037607922738,1,63193691.189856395,36098637.99376726,14490392.478891976,0.8112038187255579,0.780618587531631,0.7135665114846729,0.2293012515340758,0.0305852311939268,0.962296490120106,0.037703509879894,0.5712380035740289,5.915988169516823,27095053.196089137,1,833.0,629.0,373853129.4672899,236237.21769385147,329201273.3655532,1.1356369483181017,0.6724960254372019,44651856.10173678,0.4483250178189594,0.223384719458229,1119,978,0.5336194563662375,121070044.18841796,1.0779832160416802,3929152691.14263,0.0996533795493934,12621177.89912466,1552.0,177.03778497611864,177.03778497611864,175152.39229896676,957792.9877049052,5.181995802911638,0,0,0
2025-04-17 00:00:00.000 UTC,12,11,10,6,6,185.5208094949163,0.1172136888943522,177.03778497611864,0.1118547676827967,0.0157068062827225,7.958010259941719e-07,15.460067457909693,0.0097678074078626,14.753148748009886,0.009321230640233,0.8333333333333334,0.0184254606365159,9.465437219445e-06,9.549612311930065e-06,1,43650700.11047351,37742181.9625812,2768463.1120511647,0.87555625,0.8458375,0.9316608484769656,0.0634231090233281,0.02971875,0.9660572921499904,0.0339427078500096,0.8646409305477639,5.141801661224261,5908518.147892311,1,764.0,597.0,224443242.34163475,140556.19938798103,262183985.22493735,0.8560524478605228,0.6566164154103853,-37740742.88330261,0.4653156664068589,0.1050137893845777,849,751,0.530625,-149558238.0777035,0.9346002583033582,4910733477.995049,0.0690647482014388,16796319.9683978,1390.0,175152.39229896676,175152.39229896676,175152.39229896676,957792.9877049052,12.073417396402489,0,0,0
2025-04-18 00:00:00.000 UTC,8,8,7,4,4,182758.0826223165,114.6513203097411,175152.39229896676,109.88026075158066,0.0142857142857142,0.0007430987019965,22844.76032778956,14.331415038717635,21894.049037370845,13.735032593947585,0.875,0.017897091722595,0.0059723141649792,0.0059447896159726,1,38320452.86772051,30635945.27870996,4990392.3333026385,0.8899999999999999,0.8675,0.8599240711282105,0.1302279059834997,0.0224999999999998,0.9747191011235956,0.0252808988764042,0.7994672031790198,6.122556230859472,7684507.589010548,1,560.0,447.0,234619127.4746189,147867.65265011316,191978652.40364817,1.2221105031059196,0.7695749440715883,42640475.07097075,0.441699604743083,0.1224821746432431,680,591,0.5350118017309206,29820409.30318652,1.0158138347659764,4227851209.000955,0.0489949748743718,5359060.982815517,1078.0,0.0,0.0,464856.3045438796,957792.9877049052,0.0,0,0,0
2025-04-19 00:00:00.000 UTC,0,0,0,0,0,0.0,0.0,0.0,0.0,0.0,0.0,0.0,0.0,0.0,0.0,0.0,0.0,0.0,0.0,0,43038756.80568336,34045641.27542144,5778953.22093285,0.8644164383561643,0.8379712328767124,0.8548898414656331,0.1342732376547114,0.0264452054794519,0.9694068688354168,0.0305931311645831,0.7910461129055113,3.8193590269512327,8993115.530261919,1,562.0,434.0,164380464.31454554,102489.70847453592,129051799.40749754,1.2737556939868249,0.6474654377880185,35328664.907048,0.449740932642487,0.1653773763880028,752,598,0.557037037037037,40138454.00953832,1.0420811980950604,2241237601.115769,0.108709079678814,5117068.364243371,1065.0,12772.360771453126,12772.360771453126,957792.9877049052,957792.9877049052,9.455117091492651,0,0,0
2025-04-20 00:00:00.000 UTC,12,12,9,6,6,13337.916798629769,8.43138066011219,12772.360771453126,8.074046883931883,0.0229885057471264,0.0001200802128888,1111.4930665524807,0.7026150550093492,1064.3633976210938,0.6728372403276569,0.75,0.0303030303030303,0.0014278627239949,0.001440962554666,1,41135606.96232452,32905959.398748755,5349118.50412073,0.8642,0.83765,0.8601723275089842,0.1300362119129518,0.0265499999999999,0.9692779449201574,0.0307220550798426,0.799938589185929,2.6094444591420074,8229647.563575767,1,522.0,396.0,107341081.66128112,67238.77889362437,102623594.4401036,1.045968836376423,0.7247474747474747,4717487.221177521,0.4419642857142857,0.0542328032402796,592,529,0.528099910793934,68124950.00468177,1.0356462390232315,4100369444.19754,0.0807799442896936,5020864.2295247335,979.0,464856.3045438796,464856.3045438796,957792.9877049052,957792.9877049052,13.049485765526017,1,0,0
2025-04-21 00:00:00.000 UTC,18,18,17,9,9,494486.7814592434,309.02812134554637,464856.3045438796,290.52820795702974,0.0184237461617195,0.001615355520826,27471.487858846856,17.168228963641464,25825.350252437755,16.14045599761276,0.9444444444444444,0.0249307479224376,0.0289390456817886,0.0290763993748694,1,46625396.69067967,27552997.974301916,10662802.785100734,0.8571872628726287,0.8321813008130081,0.7209844469246861,0.2286908754007922,0.0250059620596205,0.9708278889074716,0.0291721110925282,0.5909439903984711,6.201324897032362,19072398.716377754,1,977.0,722.0,289139233.3319221,179854.03473809623,257822153.6522934,1.1214677607645145,0.6537396121883656,31317079.67962873,0.4700520833333333,0.0999431827123783,1596,1490,0.5171743357096565,-738643423.9893863,0.7966110655978274,7071676966.870859,0.0817740817740817,15467749.292462137,1690.0,957792.9877049052,957792.9877049052,957792.9877049052,957792.9877049052,13.772387989678322,1,0,0
2025-04-22 00:00:00.000 UTC,38,38,28,19,19,1006744.4724534733,638.3885035776732,957792.9877049052,607.3565329279704,0.0303272146847565,0.0013993990642823,26493.275590880876,16.799697462570347,25205.078623813297,15.983066655999222,0.7368421052631579,0.0408602150537634,0.050045208875824,0.05317716444273,1,31713515.75512874,17723308.10989106,7942664.63441829,0.8214822922125564,0.7908132864086573,0.6905371671066185,0.2504504607986831,0.030669005803899,0.9626662606185996,0.0373337393814005,0.5588566164262261,22.932338991512772,13990207.64523768,1,1253.0,930.0,727265093.9092934,434012.3903394423,636977316.585984,1.1417441013554863,0.521505376344086,90287777.32330944,0.478641276376737,0.199788360077291,1417,1299,0.5217231222385862,411410541.7068432,1.127420326866176,8233186876.737249,0.0794979079497908,17934469.968566198,2113.0,4835.453080375474,4835.453080375474,4835.453080375474,4835.453080375474,8.48393689642295,0,0,0
2025-04-23 00:00:00.000 UTC,12,11,11,6,6,4946.214247607813,2.742707671501531,4835.453080375474,2.680942379750395,0.008695652173913,1.1200030835768358e-05,412.1845206339845,0.2285589726251276,402.95442336462287,0.2234118649791996,0.9166666666666666,0.0108910891089108,0.0001352458562952,0.0001344003700292,1,34431481.16273044,21718175.46184112,7072937.72768199,0.8442299999999999,0.81312,0.7543360799868001,0.2054206641373862,0.0311099999999999,0.9631498525283396,0.0368501474716604,0.6307650652377237,12.460594013903393,12713305.70088932,1,1380.0,1010.0,429036708.0661464,239369.1963051166,464785194.68202794,0.9230860039757978,0.502970297029703,-35748486.61588157,0.5,0.1390912645059275,1440,1367,0.5130032062700391,311918894.1777606,1.1124984390471324,6751042524.1273,0.0823838737949167,18688005.09869195,2200.0,3431.4834715819907,3431.4834715819907,4463.9060818519265,13487.566565494571,8.141039322359445,0,0,0
2025-04-24 00:00:00.000 UTC,8,8,8,4,4,3623.749509607315,2.069979357009403,3431.4834715819907,1.9602239509576291,0.0097680097680097,8.15624462204752e-06,452.9686887009144,0.2587474196261753,428.9354339477488,0.2450279938697036,1.0,0.0117302052785923,6.46204397099784e-05,6.524995697638016e-05,1,144594084.5654761,81467171.90928401,34059450.76042148,0.8320000000000001,0.8030000000000002,0.7051809360185436,0.2355521725717516,0.0289999999999999,0.9651442307692308,0.0348557692307691,0.5634198117724069,2.9379977810261897,63126912.65619208,1,819.0,682.0,424817099.602882,240334.12946674717,426070180.4748599,0.9970589801178262,0.5527859237536656,-1253080.871977863,0.4729542302357836,0.1456937786029121,1050,928,0.5308392315470172,249648909.12252504,1.09363567813491,6432882023.505673,0.1221978021978022,12443689.310197083,1603.0,4463.9060818519265,4463.9060818519265,4463.9060818519265,116096.55623549483,8.404003458789695,0,0,0
2025-04-25 00:00:00.000 UTC,8,6,6,4,4,4667.768167578103,2.599557759792716,4463.9060818519265,2.486007828933764,0.0085653104925053,7.467126264804052e-06,583.4710209472629,0.3249447199740895,557.9882602314908,0.3107509786167205,0.75,0.0081632653061224,6.000269171936716e-05,5.973701011843242e-05,1,24283901.332110245,19423030.79136308,3160237.16158399,0.87,0.8466666666666666,0.8600628939899911,0.1301371274065116,0.0233333333333334,0.9731800766283524,0.0268199233716476,0.7998315643656603,24.50844983037229,4860870.540747166,1,934.0,735.0,595160777.4837347,332926.98432748416,411114266.7441743,1.447677265489032,0.5251700680272109,184046510.73956043,0.4976303317535545,0.1600342864472287,930,848,0.5230596175478065,357806332.7017704,1.1064534946202291,8086384556.890798,0.088235294117647,18472417.970033232,1616.0,0.0,0.0,664.2761071540549,116096.55623549483,0.0,0,0,0
2025-04-26 00:00:00.000 UTC,0,0,0,0,0,0.0,0.0,0.0,0.0,0.0,0.0,0.0,0.0,0.0,0.0,0.0,0.0,0.0,0.0,0,47093746.805320896,38325215.130592115,5347094.116809048,0.9027843137254902,0.8810980392156863,0.8775632841735467,0.1135414886165928,0.0216862745098038,0.9759784544546284,0.0240215455453716,0.8138068794785709,4.526962986372162,8768531.674728781,1,730.0,566.0,213191648.6772699,118271.0065240554,373441925.5976896,0.5708830049975216,0.5671378091872792,-160250276.92041966,0.4866723989681857,0.1739313227735365,688,604,0.5325077399380805,-469294500.56477416,0.7231329711184253,3507374373.0415993,0.0598901098901098,3981870.303879814,1244.0,12.423799811343686,12.423799811343686,664.2761071540549,116096.55623549483,2.59702923687108,0,0,0
2025-04-27 00:00:00.000 UTC,4,4,4,2,2,12.961025903217251,0.0071049273607288,12.423799811343686,0.0068100479993095,0.0061068702290076,4.8299225225315545e-08,3.240256475804313,0.0017762318401822,3.1059499528359216,0.0017025119998273,1.0,0.0077669902912621,1.9436295685981277e-07,1.9319690090126218e-07,1,70064941.77179919,62589191.61410224,2571204.2336710114,0.95,0.93,0.9605403834611776,0.0366974433811048,0.0199999999999999,0.9789473684210528,0.0210526315789473,0.8933025566188951,3.649221066786206,7475750.157696955,1,655.0,515.0,255682461.5567985,140997.04431159454,219613129.92148295,1.1642403241018018,0.6368932038834951,36069331.63531548,0.4673321234119782,0.1298000893337856,750,650,0.5357142857142857,324761499.1588784,1.1974167070342114,4090168693.021438,0.0644007155635062,7635120.927227142,1185.0,664.2761071540549,664.2761071540549,13487.566565494571,116096.55623549483,6.500202153212616,0,0,0
2025-04-28 00:00:00.000 UTC,6,5,3,3,3,695.4634851206575,0.3915871359475028,664.2761071540549,0.3740315745310351,0.0060728744939271,1.5827321426983776e-06,115.91058085344292,0.0652645226579171,110.7126845256758,0.0623385957551725,0.5,0.0071225071225071,9.427865070980156e-06,9.496392856190264e-06,1,118368277.60690074,74177086.07135153,23115921.74998836,0.8916666666666666,0.8695833333333334,0.7624092186312468,0.1952881482888176,0.0220833333333332,0.9752336448598132,0.0247663551401867,0.6266635586072521,3.571504451175426,44191191.53554921,1,988.0,702.0,422752830.3510145,236320.1987503419,500325233.54602695,0.8449560446007841,0.5811965811965812,-77572403.19501247,0.5050359712230216,0.1735018646817724,1041,928,0.5286947689182326,-174088177.9862691,0.9333168639948536,5970345341.444049,0.0933997509339975,11795768.152505048,1529.0,2.3294632258333334,2.3294632258333334,116096.55623549483,116096.55623549483,1.2028110975558497,0,0,0
2025-04-29 00:00:00.000 UTC,2,2,2,1,1,2.438594401708178,0.0013385356277429,2.3294632258333334,0.0012786346417173,0.0022148394241417,7.216492376531691e-09,1.219297200854089,0.0006692678138714,1.1647316129166667,0.0006393173208586,1.0,0.0027855153203342,1.4483081618320113e-08,1.4432984753063384e-08,1,47330099.763487466,28622974.81317842,10317941.098121816,0.855,0.83125,0.7350359934618883,0.2179995636958604,0.0237499999999999,0.9722222222222224,0.0277777777777776,0.6047520490387694,6.796533415781129,18707124.95030905,1,903.0,718.0,321680604.61479706,177182.28953937077,263842156.8718132,1.2192160965811254,0.5557103064066853,57838447.74298386,0.5067043048694425,0.105467782115564,968,795,0.5490640952921158,-1558822.4446252286,0.9994891778938424,6687154955.386463,0.0788418708240534,11885738.890762446,1535.0,13487.566565494571,13487.566565494571,116096.55623549483,116096.55623549483,9.509597684511771,0,0,0
2025-04-30 00:00:00.000 UTC,12,12,10,6,6,14718.453194847132,8.255710108811579,13487.566565494571,7.5660591433572675,0.0108499095840868,4.574267376727278e-05,1226.537766237261,0.6879758424009649,1123.963880457881,0.6305049286131056,0.8333333333333334,0.0164609053497942,0.0005472684783975,0.0005489120852072,1,12818286.786853565,9979603.009590138,1717775.75406504,0.7876530612244899,0.7620739795918368,0.8531486593045677,0.1340097770184695,0.0255790816326531,0.9675249384635316,0.0324750615364685,0.7785442138668031,23.07195674572418,2838683.777263427,1,1106.0,729.0,295742958.3005732,165404.82923782448,242497578.98105192,1.2195707666165267,0.5541838134430727,53245379.31952132,0.5090782122905028,0.1365828332593787,933,733,0.5600240096038416,-75569146.53643982,0.9662768753121496,4944411872.146376,0.0690839694656488,13085508.886383248,1550.0,116096.55623549483,116096.55623549483,116096.55623549483,116096.55623549483,11.662186118674573,0,0,0
2025-05-01 00:00:00.000 UTC,14,11,9,7,7,145349.3673326033,78.68394505203793,116096.55623549483,62.858850823149155,0.0123456790123456,0.0002435532009749,10382.09766661452,5.620281789431281,8292.611159678203,4.489917915939225,0.6428571428571429,0.0129107981220657,0.0034225832473487,0.003409744813649,1,57549348.21681565,31063875.38951516,14594311.890300227,0.808,0.7760125,0.6803571766689017,0.2535964757640094,0.0319875,0.96041150990099,0.03958849009901,0.5397780574765648,8.25188075607188,26485472.82730049,1,1134.0,852.0,474890359.0748207,258090.8424587659,211731839.7897417,2.2428859048615744,0.5598591549295775,263158519.285079,0.5020624631703006,0.115200656424476,1077,997,0.5192864030858245,354801509.0197938,1.0941745771739135,8576398000.672026,0.0565693430656934,9285953.133872664,1803.0,0.0,0.0,14.268178181748336,27406.95061012434,0.0,0,0,0
2025-05-02 00:00:00.000 UTC,0,0,0,0,0,0.0,0.0,0.0,0.0,0.0,0.0,0.0,0.0,0.0,0.0,0.0,0.0,0.0,0.0,0,114842135.72984512,70713640.94192316,23172650.8358915,0.8433583333333333,0.808125,0.7531838738425155,0.2017782993029918,0.0352333333333333,0.9582225823345156,0.0417774176654842,0.6157464809629636,3.3642606152093553,44128494.787921965,1,942.0,689.0,386358874.20244503,209744.98142408105,324908703.6508239,1.1891305768701752,0.5805515239477503,61450170.55162105,0.4939068100358423,0.1360961344640171,810,698,0.5371352785145889,329461141.68932146,1.1312904778205175,6059541159.843342,0.0537300177619893,17622530.36856987,1490.0,0.4411181323076274,0.4411181323076274,14.268178181748336,240297.34891700203,0.3654192930518642,0,0,0
2025-05-03 00:00:00.000 UTC,2,2,2,1,1,0.4613727857548205,0.0002526298765891,0.4411181323076274,0.0002415392212943,0.0033167495854063,2.190011515555703e-09,0.2306863928774102,0.0001263149382945,0.2205590661538137,0.0001207696106471,1.0,0.0040567951318458,4.3703734089978345e-09,4.380023031111406e-09,1,23874606.622651502,19095987.784503117,3107396.2304424,0.8899999999999999,0.8675,0.8600485300641221,0.1301548661955417,0.0224999999999998,0.9747191011235956,0.0252808988764042,0.7998451277679032,8.455321702507709,4778618.838148385,1,603.0,493.0,201867479.51533952,110291.3019308991,285393263.5948925,0.7073309193516375,0.5598377281947262,-83525784.07955296,0.4749518304431599,0.1835364451001565,623,566,0.5239697224558453,-70361626.13945332,0.9398741110826544,2757375986.6326485,0.0606060606060606,5573097.932844942,1108.0,14.268178181748336,14.268178181748336,8037.213554819955,240297.34891700203,2.7257708050892075,0,0,0
2025-05-04 00:00:00.000 UTC,2,2,2,1,1,15.22511572950891,0.0083186238419155,14.268178181748336,0.0077957794798,0.0031446540880503,4.0343911980294896e-08,7.612557864754455,0.0041593119209577,7.134089090874168,0.0038978897399,1.0,0.0042553191489361,8.065214536803978e-08,8.068782396058979e-08,1,47947365.78081531,38350206.86659689,6240843.30956135,0.95,0.93,0.8600426927621863,0.1301602957311668,0.0199999999999999,0.9789473684210528,0.0210526315789473,0.7998397042688332,7.379345484595936,9597158.914218418,1,636.0,470.0,353820177.17292917,193233.1074787115,234018637.6078834,1.5119316170269423,0.6276595744680851,119801539.56504574,0.4667328699106256,0.2364218667110826,631,540,0.5388556789069172,17204157.28941044,1.011629470015265,3563760311.179876,0.0499064254522769,4452571.334178266,1069.0,0.0,0.0,8037.213554819955,1266988.0728476122,0.0,0,0,0
2025-05-05 00:00:00.000 UTC,0,0,0,0,0,0.0,0.0,0.0,0.0,0.0,0.0,0.0,0.0,0.0,0.0,0.0,0.0,0.0,0.0,0,115044820.13483427,76383732.59286954,20299706.621277656,0.9026666666666668,0.8804333333333334,0.790039465018252,0.1764504181716838,0.0222333333333334,0.9753692762186114,0.0246307237813886,0.6639476032327805,3.8914048524535514,38661087.54196474,1,1082.0,724.0,447685971.32234013,246964.04363549736,351508567.3017633,1.2736132571642569,0.5096685082872928,96177404.02057683,0.4813829787234042,0.243117880355017,850,677,0.5566470203012442,-161700826.30836636,0.9192761875303572,4643766988.102259,0.0452830188679245,12459223.534404164,1598.0,8037.213554819955,8037.213554819955,27406.95061012434,1266988.0728476122,8.991962142809983,0,0,0
2025-05-06 00:00:00.000 UTC,8,8,8,4,4,8597.185268407724,4.805884316278395,8037.213554819955,4.492891970447497,0.0090395480225988,2.719941029751306e-05,1074.6481585509655,0.6007355395347994,1004.6516943524944,0.5616114963059371,1.0,0.0122511485451761,0.0002170794388023,0.0002175952823801,1,89938407.98695105,49258508.24025968,21862416.467061717,0.8615124999999999,0.8374645833333334,0.69260219046602,0.2430820931390478,0.0240479166666665,0.9720863984368578,0.0279136015631421,0.5476915740759662,3.293302387919546,40679899.746691376,1,885.0,653.0,296194373.7891083,165183.43307091104,235193074.73954827,1.2593669015004485,0.663093415007657,61001299.04956001,0.4598591549295774,0.0847539423091074,831,718,0.5364751452550033,80853208.66235125,1.02368351019694,7440046838.793047,0.0648740930431071,14992824.4081719,1527.0,0.0,0.0,240297.34891700203,1266988.0728476122,0.0,0,0,0
2025-05-07 00:00:00.000 UTC,0,0,0,0,0,0.0,0.0,0.0,0.0,0.0,0.0,0.0,0.0,0.0,0.0,0.0,0.0,0.0,0.0,0,47952049.97655871,38353464.77294725,6241941.70525235,0.95,0.93,0.8600317342481515,0.1301704871492191,0.0199999999999999,0.9789473684210528,0.0210526315789473,0.799829512850781,7.963284424333318,9598585.203611456,1,813.0,642.0,381855812.6931828,210317.5646788622,328922793.280784,1.1609284017213506,0.6199376947040498,52933019.41239876,0.4543524416135881,0.1776492117340192,867,769,0.5299511002444988,-906184712.3089864,0.7034423550525095,5915950169.571736,0.0554791380100871,14305461.7376046,1498.0,27406.95061012434,27406.95061012434,240297.34891700203,1266988.0728476122,10.218588418538207,0,0,0
2025-05-08 00:00:00.000 UTC,14,14,14,7,7,29070.62712938104,14.151008364506604,27406.95061012434,13.341764735143157,0.0084797092671108,3.875622404569312e-05,2076.47336638436,1.0107863117504716,1957.6393292945957,0.9529831953673684,1.0,0.011400651465798,0.0005668284055712,0.0005425871366397,1,37688110.50295999,21556161.51090722,8780808.469410356,0.8633101637362637,0.8377843659340659,0.7105574988172093,0.2329861686411877,0.0255257978021977,0.9704326453290828,0.0295673546709173,0.5719618527762017,17.961093854119436,16131948.992052767,1,1651.0,1228.0,676919689.9280888,344248.3127203872,509778725.9500181,1.3278696333719864,0.4690553745928338,167140963.97807083,0.5192389006342495,0.1452037481932117,1432,1350,0.5147375988497483,545149943.9253774,1.1324236598718225,9965270460.552675,0.0647518266565885,26571406.067805585,2550.0,240297.34891700203,240297.34891700203,1266988.0728476122,1266988.0728476122,12.38963655077712,0,0,0
2025-05-09 00:00:00.000 UTC,38,35,30,19,19,254010.804746272,109.51569434317054,240297.34891700203,103.59268008093603,0.0260989010989011,0.0003570178584202,6684.494861744,2.8819919563992245,6323.614445184264,2.7261231600246325,0.7894736842105263,0.0326797385620915,0.0135404536756927,0.0135666786199708,1,43476573.88723551,28321155.785943396,8268468.021651384,0.889206734006734,0.865780260942761,0.7740215077058231,0.1901821436780455,0.023426473063973,0.9736546382657112,0.0263453617342889,0.6514118582434651,15.511151782366875,15155418.101292113,1,1456.0,1071.0,674371736.5421982,290161.05955961853,534625365.19529253,1.2613912104523095,0.5873015873015873,139746371.3469056,0.5004672897196262,0.1674785688035285,1342,1269,0.5139793182688625,567295743.5639112,1.1639905665513088,8694931587.688059,0.0664756446991404,27926681.767109457,2291.0,17149.083357229167,17149.083357229167,1266988.0728476122,1266988.0728476122,9.74975831306211,0,0,0
2025-05-10 00:00:00.000 UTC,14,14,14,7,7,18000.620469586236,7.2299442717822044,17149.083357229167,6.8879540673294555,0.0116279069767441,5.087111556074255e-05,1285.7586049704455,0.516424590841586,1224.9345255163691,0.4919967190949611,1.0,0.015819209039548,0.0007322783640563,0.0007121956178503,1,59834605.3669946,49955151.91475945,5021525.968318509,0.8945523809523809,0.8654595238095238,0.9086607965108756,0.0839234409171592,0.029092857142857,0.967477748914062,0.032522251085938,0.8348872965462097,5.4794922038417795,9879453.452235147,1,1204.0,885.0,327863253.6283964,135400.0986887128,214505931.58365688,1.528457750365427,0.5514124293785311,113357322.04473954,0.5289898386132695,0.0875863592373554,1019,964,0.51386787695411,209197489.32032585,1.0591937143788526,7819799898.804018,0.0706599713055954,19551074.74321664,1802.0,1266988.0728476122,1266988.0728476122,1266988.0728476122,1266988.0728476122,14.05215383483642,1,0,0
2025-05-11 00:00:00.000 UTC,6,6,6,3,3,1348674.440515908,536.7113956895344,1266988.0728476122,504.2366023150039,0.0062959076600209,0.0028099350157036,224779.073419318,89.45189928158906,211164.67880793536,84.03943371916732,1.0,0.0076433121019108,0.0168969975936364,0.0168596100942221,1,66208209.0342362,52951603.9806122,8622030.42122747,0.95,0.93,0.8599720399000864,0.1302260028929196,0.0199999999999999,0.9789473684210528,0.0210526315789473,0.7997739971070805,6.7952023611560595,13256605.053623997,1,953.0,785.0,449898178.3573558,179447.78064154956,328070396.19966364,1.3713464657857997,0.5044585987261146,121827782.1576921,0.5318428184281843,0.1347644971827539,894,877,0.5047995482778092,-29244243.44589531,0.9913161198797756,7484018471.753836,0.0594965675057208,15721608.046227269,1581.0,125208.85753237228,125208.85753237228,125208.85753237228,2318196.9773038523,11.737746468832878,0,0,0
2025-05-12 00:00:00.000 UTC,6,6,6,3,3,131893.71534300223,52.921428824348745,125208.85753237228,50.23913875070373,0.0041928721174004,0.0001784824485972,21982.28589050037,8.820238137391458,20868.142922062045,8.373189791783956,1.0,0.0058708414872798,0.0010602727733745,0.0010708946915832,1,86179143.22393249,39508177.17806637,27383284.061040763,0.810625,0.7815541666666667,0.5906310976948502,0.3177483905808459,0.0290708333333333,0.9641377537907992,0.0358622462092007,0.4584424455857749,8.22179268614866,46670966.04586612,1,1431.0,1022.0,708547049.4570861,281479.43478790915,301395708.28745264,2.350886326428104,0.4354207436399217,407151341.1696335,0.5362014690451207,0.196103705024738,1111,969,0.5341346153846154,248275631.36897835,1.0737850823373287,7987915599.016142,0.1007509386733416,20240205.613896016,2078.0,148.59767945285842,148.59767945285842,101585.72658745186,2318196.9773038523,5.007949553741316,0,0,0
2025-05-13 00:00:00.000 UTC,2,2,2,1,1,155.90322189869627,0.0639784835512849,148.59767945285842,0.0609804904056748,0.0014347202295552,2.1795504117956186e-07,77.95161094934814,0.0319892417756424,74.29883972642921,0.0304902452028374,1.0,0.0020325203252032,4.182004573515262e-07,4.359100823591237e-07,1,47880809.64908272,32259238.1113602,8656135.850564716,0.558039264354067,0.5435545753588517,0.7884380609934066,0.180785076818987,0.0144846889952153,0.974043602447972,0.0259563975520279,0.6737404473271728,14.842123262841614,15621571.53772252,1,1394.0,984.0,710652878.7363418,279784.7210858323,599313456.2156981,1.185778279072332,0.491869918699187,111339422.52064376,0.5200845665961945,0.1700355981397426,1129,1006,0.5288056206088994,4627109.957629267,1.0011083405777508,9664210973.159718,0.0721941992433795,41574441.432529666,2045.0,2788.672297051116,2788.672297051116,176322.74559284924,2318196.9773038523,7.933679411662805,0,0,0
2025-05-14 00:00:00.000 UTC,6,6,6,3,3,2946.2142151368807,1.1398343634663444,2788.672297051116,1.0788910955936728,0.0055045871559633,4.693288964886354e-06,491.03570252281344,0.1899723939110573,464.778716175186,0.1798151825989454,1.0,0.0071770334928229,2.7778649477740985e-05,2.815973378931812e-05,1,37786394.833647005,22498469.397111177,8545924.2637443,0.5607166666666666,0.5399166666666667,0.7247192405461591,0.2261640545854498,0.0207999999999999,0.96290461611628,0.0370953838837201,0.5954119067500282,15.940507604443598,15287925.436535828,1,1090.0,836.0,602334314.1902584,229879.5372851707,756756909.4430753,0.7959416117304273,0.611244019138756,-154422595.2528169,0.4799081515499426,0.126991549697012,1157,1074,0.5186015239802779,-928048012.9419034,0.836356392839089,11773350179.387766,0.0879775674728356,16105888.04830511,1894.0,101585.72658745186,101585.72658745186,176322.74559284924,2318196.9773038523,11.52866816176758,0,0,0
2025-05-15 00:00:00.000 UTC,10,10,10,5,5,108592.60927827052,42.68896600266002,101585.72658745186,39.93100293538893,0.0093109869646182,0.0002258620589121,10859.260927827052,4.268896600266002,10158.572658745186,3.9931002935388937,1.0,0.0132275132275132,0.0022486286282208,0.0022586205891211,1,19051154.197451167,15521412.96223897,1462344.1739251788,0.3284552083333333,0.3202923611111111,0.9138974867456532,0.0767588230492,0.0081628472222222,0.9751477613533892,0.0248522386466106,0.8147229717092711,23.71339106861253,3529741.2352121975,1,1074.0,756.0,451767469.7925986,176793.7613237006,793899969.7985435,0.5690483524104896,0.6388888888888888,-342132500.0059448,0.4606946983546618,0.1258552282464149,986,827,0.543849972421401,-608898987.6341944,0.8549715454652635,9033727374.088385,0.0683885049108766,28305321.634635676,1761.0,176322.74559284924,176322.74559284924,2318196.9773038523,2318196.9773038523,12.08007704787469,0,1,0
2025-05-16 00:00:00.000 UTC,10,8,7,5,5,183871.07081717884,71.25630205476845,176322.74559284924,68.33135838442486,0.0100704934541792,0.0002825838405254,18387.107081717884,7.1256302054768454,17632.274559284924,6.833135838442486,0.7,0.0110192837465564,0.0028107777764944,0.0028258384052545,1,63069602.520158105,46123616.25683656,8680319.102356289,0.8456,0.8138833333333334,0.8416113907611884,0.1376307881373109,0.0317166666666666,0.9624921160517188,0.0375078839482811,0.7313129370380078,9.946304132473353,16945986.26332154,1,993.0,726.0,627309448.1797004,241809.1503653078,331235395.4136748,1.8938478703227453,0.5826446280991735,296074052.7660256,0.4566037735849056,0.1816395497323853,902,745,0.5476624165148756,74233482.58719642,1.021966718064092,7791501442.724977,0.046077684691546,9699061.337987632,1683.0,64293.48267661991,64293.48267661991,2318196.9773038523,2318196.9773038523,11.071229100581805,0,1,0
2025-05-17 00:00:00.000 UTC,16,15,15,8,8,68325.5362813792,27.319757018351275,64293.48267661991,25.70795563355383,0.0196078431372549,0.0001963213510645,4270.3460175862,1.7074848136469547,4018.342667288745,1.6067472270971144,0.9375,0.0258620689655172,0.0031567486500879,0.0031411416170325,1,63069602.520158105,46123616.25683656,8680319.102356289,0.8456,0.8138833333333334,0.8416113907611884,0.1376307881373109,0.0317166666666666,0.9624921160517188,0.0375078839482811,0.7313129370380078,5.1668616958093105,16945986.26332154,1,816.0,580.0,325871913.4313233,130948.34308217,227839988.91267115,1.4302665435795243,0.6379310344827587,98031924.51865216,0.4489164086687306,0.0951462573005666,895,812,0.5243116578793204,645885143.5898423,1.2324103144895122,6757742303.028171,0.0718283582089552,9662246.411465256,1383.0,2318196.9773038523,2318196.9773038523,2318196.9773038523,2318196.9773038523,14.65630070790765,1,1,0
2025-05-18 00:00:00.000 UTC,48,48,33,24,24,2470135.6643343917,1009.1850114382308,2318196.9773038523,947.1626561894324,0.046556741028128,0.0087265222236593,51461.15967363316,21.024687738296475,48295.77036049692,19.73255533727984,0.6875,0.0678925035360678,0.4125820684136273,0.418873066735648,1,20677086.78595862,18700024.060834005,498214.9508251895,0.8496775,0.8195225,0.9740489244600704,0.0240950263440165,0.0301549999999999,0.9645100641125604,0.0354899358874395,0.9043838841713816,13.043431844285031,1977062.725124616,1,1031.0,707.0,269700172.23101795,108538.38813605336,249848617.09928787,1.0794543326363149,0.545968882602546,19851555.131730057,0.4722778891115564,0.0794044861823748,1004,830,0.5474372955288986,424303940.24267256,1.1427560076833725,6888316253.430592,0.0806390262457208,18869509.63227398,1612.0,2931.8656496429744,2931.8656496429744,18617.070531346293,118044.20108887133,7.983735261464946,0,0,0
2025-05-19 00:00:00.000 UTC,6,6,6,3,3,3078.2443090050783,1.2912785861802063,2931.8656496429744,1.2298787598912446,0.0053428317008014,7.451178017278382e-06,513.0407181675131,0.215213097696701,488.64427494049573,0.2049797933152074,1.0,0.0074626865671641,4.35286060806323e-05,4.47070681036703e-05,1,46792670.97987057,19828024.942371696,17745811.153154977,0.8108733333333333,0.7670533333333334,0.5277082939298899,0.3792433896493946,0.0438199999999999,0.9459595004562982,0.0540404995437018,0.4237421059144365,8.636598286253522,26964646.037498876,1,1123.0,804.0,404129501.9939751,165058.29776705164,424194472.16532934,0.9526986524154092,0.6094527363184079,-20064970.17135425,0.4932515337423312,0.089363232659126,1247,1128,0.5250526315789473,-166203067.24546805,0.9645511136425606,10039175270.179522,0.0730503455083909,18153087.86583213,1773.0,2094.4144649775285,2094.4144649775285,18617.070531346293,118044.20108887133,7.647506648100883,0,0,0
2025-05-20 00:00:00.000 UTC,4,4,4,2,2,2205.195607259985,0.8844025067537568,2094.4144649775285,0.8399822318366226,0.0027662517289073,3.055519741367569e-06,551.2989018149963,0.2211006266884392,523.6036162443821,0.2099955579591556,1.0,0.0040609137055837,1.2153614687986938e-05,1.2222078965470275e-05,1,15686142.70445308,13824164.824437885,759712.3150621769,0.8689285714285714,0.84675,0.947907383763916,0.04843206704007,0.0221785714285713,0.9744759556103576,0.0255240443896423,0.8812979127439274,43.944142540121625,1861977.8800151965,1,1446.0,985.0,689314090.9091752,274906.4980547856,521614245.34924185,1.3215016596175426,0.5329949238578681,167699845.55993325,0.4912718204488778,0.115643392472853,1192,976,0.5498154981549815,222344941.5470684,1.0387472428422757,12909957822.930227,0.0525871766029246,20440957.60972712,2129.0,18617.070531346293,18617.070531346293,118044.20108887133,118044.20108887133,9.831887922010988,0,0,0
2025-05-21 00:00:00.000 UTC,4,4,4,2,2,20157.930053557808,7.885272391009555,18617.070531346293,7.283424040317879,0.0033585222502099,2.6427406279470264e-05,5039.482513389452,1.9713180977523888,4654.267632836573,1.8208560100794695,1.0,0.0043103448275862,0.0001060992861167,0.0001057096251178,1,24594014.97438619,8066634.174185431,10872770.944831371,0.8128125313283208,0.7762889724310778,0.4259180329843534,0.4420901164838268,0.036523558897243,0.9550652118545032,0.0449347881454966,0.3279917566361796,28.538388151134686,16527380.80020076,1,1191.0,928.0,701873545.5338519,275601.168094044,584490325.5750852,1.200830047688595,0.5269396551724138,117383219.95876676,0.4986566362170876,0.1312142917760182,1072,944,0.5317460317460317,152127782.4758904,1.0292725941150571,11832362581.3164,0.0659675236806495,40393158.47976768,1999.0,398.04810137336455,398.04810137336455,118044.20108887133,118044.20108887133,5.9890819644441775,0,0,0
2025-05-22 00:00:00.000 UTC,2,2,2,1,1,416.891606942979,0.1604650535493822,398.04810137336455,0.1532106804239558,0.001547987616099,1.0366998019717918e-06,208.4458034714895,0.0802325267746911,199.02405068668227,0.0766053402119779,1.0,0.0019900497512437,2.0382680747545264e-06,2.0733996039435835e-06,1,22639036.85949763,7432816.405186487,9917213.001858354,0.8204633333333333,0.78655,0.4284036776426702,0.4380580792109908,0.0339133333333333,0.9586656320209312,0.0413343679790687,0.328318578714988,17.252272278166384,15206220.454311142,1,1292.0,1005.0,390574828.01549786,147786.9293816308,378769358.9309304,1.0311679622604324,0.481592039800995,11805469.084567413,0.5218068535825545,0.0745053809995621,984,884,0.5267665952890792,305838029.01711893,1.061955701220453,10947979165.799522,0.0522832561217736,16911212.1236721,2042.0,118044.20108887133,118044.20108887133,118044.20108887133,118044.20108887133,11.678822890174205,0,0,0
2025-05-23 00:00:00.000 UTC,20,20,19,10,10,125971.08193733006,48.12268420705757,118044.20108887133,45.08809092744894,0.0145454545454545,0.000168094520713,6298.554096866503,2.4061342103528784,5902.210054443566,2.254404546372447,0.95,0.0201207243460764,0.0033570905281626,0.0033618904142612,1,35073686.32721533,27690700.17059803,3567011.4187464565,0.84027,0.8159858823529411,0.8858837951540117,0.1017004994989261,0.0242841176470588,0.97109962554053,0.02890037445947,0.789500707517918,20.050729892890967,7382986.156617299,1,1375.0,994.0,703253010.8949776,268230.58084335056,674114395.0457237,1.0432250313350415,0.5814889336016097,29138615.849253908,0.5150259067357513,0.0794936288969199,1116,955,0.5388701110574602,-23020397.84222451,0.99740459633854,19093705385.419357,0.0632949727437916,45762517.02319298,2072.0,963.7262234310864,963.7262234310864,30739.04261315588,82639.3576820385,6.871844354797713,0,0,0
2025-05-24 00:00:00.000 UTC,2,1,1,1,1,1002.7571356506083,0.3935906100881564,963.7262234310864,0.3782706487469572,0.0021834061135371,3.5582042876703716e-06,501.3785678253042,0.1967953050440782,481.8631117155432,0.1891353243734786,0.5,0.0013404825737265,7.102405697632955e-06,7.116408575340743e-06,1,16785698.078972634,14916100.206427408,692920.6209663817,0.8566666666666668,0.8333333333333334,0.9556076816970922,0.0412804172758474,0.0233333333333334,0.9727626459143968,0.0272373540856032,0.8886195936713969,16.167348084026106,1869597.8725452255,1,916.0,746.0,271380223.6761189,106309.4241265778,351490295.6181978,0.7720845413351113,0.5951742627345844,-80110071.94207889,0.4736507936507936,0.0575968542027166,1061,842,0.557540725170783,-29503959.77140946,0.9937771421782032,10075813569.019323,0.0460147904683648,19927878.733916488,1659.0,30739.04261315588,30739.04261315588,30739.04261315588,106131.83695215096,10.333321403336123,0,0,0
2025-05-25 00:00:00.000 UTC,2,2,2,1,1,32368.52656871628,12.911188288742444,30739.04261315588,12.26129023305792,0.0026075619295958,0.0002461957163114,16184.26328435814,6.455594144371222,15369.52130657794,6.13064511652896,1.0,0.0030911901081916,0.000491308480312,0.0004923914326228,1,20919209.924511164,6167924.854705087,9678394.161459647,0.8070833333333334,0.7741666666666667,0.3892339191463471,0.4626558171357807,0.0329166666666667,0.9592152813629324,0.0407847186370676,0.2948450193368963,5.981647194082281,14751285.069806077,1,767.0,647.0,125131333.3473704,49803.02020181384,267680830.13520017,0.4674646790514251,0.615146831530139,-142549496.78782976,0.4631352899069434,0.0430686475357247,885,667,0.5702319587628866,-361489511.3204182,0.8893472460905463,6565087037.569539,0.0521739130434782,4131262.034118891,1478.0,2308.0190867452347,2308.0190867452347,2308.0190867452347,106131.83695215096,7.744578075559064,0,0,0
2025-05-26 00:00:00.000 UTC,6,6,6,3,3,2413.1945553756345,0.9460901233308344,2308.0190867452347,0.904855015234594,0.0062434963579604,4.336599220580067e-06,402.19909256260576,0.1576816872218057,384.6698477908725,0.1508091692057656,1.0,0.0077519379844961,2.594411548263458e-05,2.60195953234804e-05,1,119928238.1840933,96557659.983956,10356159.861149626,0.8303125,0.796825,0.9031354423950674,0.0863529725605792,0.0334875,0.9596687993978172,0.0403312006021828,0.8051286456467176,4.450720519887515,23370578.200137302,1,961.0,774.0,533767070.59990144,208655.43925305596,408514483.9057655,1.306605008215642,0.5581395348837209,125252586.69413596,0.476894639556377,0.1507859461262582,1003,805,0.5547566371681416,296089245.7886263,1.0912782307029318,7725990981.107369,0.0555095277547638,12776991.377988752,1711.0,0.0,0.0,13930.15383018406,106131.83695215096,0.0,0,0,0
2025-05-27 00:00:00.000 UTC,0,0,0,0,0,0.0,0.0,0.0,0.0,0.0,0.0,0.0,0.0,0.0,0.0,0.0,0.0,0.0,0.0,0,67673434.3372,23866487.223219916,27978979.29110409,0.7850666666666667,0.7407333333333334,0.4603389423957834,0.4134411023340673,0.0443333333333333,0.9435292119565216,0.0564707880434782,0.3526714353567325,8.290963639083438,43806947.113980085,1,1133.0,779.0,561077983.4216259,212108.58155625264,399498605.1395699,1.4044554253840416,0.5725288831835686,161579378.28205603,0.4826517967781908,0.1270606514293229,971,819,0.5424581005586592,54221667.43744232,1.0124315821262746,9738010939.09598,0.0545391784604763,17053240.38161007,1716.0,1582.9443056213252,1582.9443056213252,82639.3576820385,106131.83695215096,7.367673411163625,0,0,0
2025-05-28 00:00:00.000 UTC,10,10,9,5,5,1663.1512209933012,0.6284455464300385,1582.9443056213252,0.5981399965068082,0.0085984522785898,2.071044125844654e-06,166.31512209933013,0.0628445546430038,158.2944305621325,0.0598139996506808,0.9,0.0132978723404255,2.070785249767256e-05,2.0710441258446543e-05,1,119321953.11821616,45827183.57489209,45931398.37301614,0.7995,0.769,0.4994321250617015,0.3849366958275516,0.0304999999999999,0.9618511569731082,0.0381488430268918,0.3840633041724485,6.406343460237756,73494769.54332407,1,1163.0,752.0,764417414.0216802,288810.84137348493,654131861.759756,1.1685983495211996,0.660904255319149,110285552.26192424,0.4613496932515337,0.1409474564693127,967,831,0.5378197997775306,-109410141.79881538,0.9802252885783278,12374801683.061075,0.053781512605042,12971838.82721433,1746.0,13930.15383018406,13930.15383018406,106131.83695215096,106131.83695215096,9.54188289393828,0,0,0
2025-05-29 00:00:00.000 UTC,8,8,8,4,4,14690.061691507492,5.3864600700791305,13930.15383018406,5.1073924395447605,0.0078585461689587,1.5322195450162165e-05,1836.2577114384364,0.6733075087598913,1741.2692287730074,0.6384240549430951,1.0,0.0103492884864165,0.0001242305270041,0.0001225775636012,1,117236820.2538083,85928793.85284612,19544492.967144124,0.8956999999999999,0.8725200000000001,0.8146972228095969,0.1667095109269585,0.0231799999999998,0.9741207993747908,0.0258792006252092,0.7329505667828348,7.651622595277852,31308026.40096219,1,1018.0,773.0,897051902.8525677,333332.9388831615,780929905.81947,1.1486970804521115,0.6959896507115135,116121997.03309757,0.488621997471555,0.1243658327465339,834,780,0.516728624535316,283073947.9566499,1.0408479928503998,15820926374.672045,0.0657587548638132,17349284.950385112,1703.0,82639.3576820385,82639.3576820385,106131.83695215096,1096544.402506607,11.3222534319792,0,0,0
2025-05-30 00:00:00.000 UTC,32,32,25,16,16,88559.77984664185,34.36894457390444,82639.3576820385,32.072830433490346,0.0305927342256214,0.0001641409744363,2767.4931202075577,1.0740295179345138,2582.4799275637033,1.0022759510465733,0.78125,0.0418300653594771,0.005188312668685,0.0052525111819644,1,137440987.08920118,104648176.04120708,17889947.830926225,0.8528708333333332,0.8233083333333333,0.8540050454045296,0.130164576155986,0.0295624999999999,0.9653376585942576,0.0346623414057423,0.7614044271472592,3.708467737742243,32792811.047994107,1,1046.0,765.0,509695466.4637507,195398.07499997236,611357562.1634014,0.8337109050554629,0.6392156862745098,-101662095.69965062,0.4922779922779923,0.102262924040217,944,861,0.5229916897506925,23752320.13315356,1.0047883741239727,11065634222.276615,0.0657596371882086,13071018.511280889,1684.0,106131.83695215096,106131.83695215096,106131.83695215096,1096544.402506607,11.572446767314942,0,0,0
2025-05-31 00:00:00.000 UTC,14,14,12,7,7,114683.4977848094,45.71735293027471,106131.83695215096,42.30688658615653,0.0117746005046257,0.0001397928376427,8191.678413200672,3.2655252093053364,7580.845496582211,3.021920470439752,0.8571428571428571,0.0192837465564738,0.0019371541327788,0.0019570997269982,1,24909935.840857428,9629131.000762738,9447826.267031929,0.8575645833333333,0.831265625,0.504751930068976,0.3792794299989945,0.0262989583333332,0.9693329705488656,0.0306670294511345,0.3865578403043889,30.791931393616004,15280804.84009469,1,1189.0,726.0,767025035.4310583,302639.87268274423,533337243.90491146,1.4381613963712063,0.5977961432506887,233687791.52614677,0.4592030360531309,0.1578827593509665,978,741,0.568935427574171,26694673.87344397,1.0055251327647294,10990055114.576109,0.0474308300395256,13792495.483889628,1692.0,38527.92192856938,38527.92192856938,38527.92192856938,1096544.402506607,10.559164457176053,0,0,0
2025-06-01 00:00:00.000 UTC,6,6,6,3,3,40576.65551345448,16.269323541223592,38527.92192856938,15.447878604847585,0.0071005917159763,0.0001508542786167,6762.77591890908,2.711553923537265,6421.32032142823,2.5746464341412643,1.0,0.0089285714285714,0.0008956486015246,0.0009051256717005,1,112031559.87883312,102075995.0348943,2108796.1648403653,0.87,0.8466666666666667,0.979759078647117,0.0188232330882576,0.0233333333333333,0.9731800766283524,0.0268199233716475,0.9111360686693448,2.303821359880389,9955564.843938813,1,845.0,672.0,258100700.62957457,102402.65471085676,260393712.0047189,0.9911940601119325,0.7455357142857143,-2293011.375144357,0.3762597984322508,0.0501420391356986,1366,1217,0.5288424312814557,129585243.4780375,1.0258250796542938,10683691953.36175,0.0405508798775822,6236848.451100925,1868.0,533.164271293633,533.164271293633,15394.611168182031,1096544.402506607,6.280703415798969,0,0,0
2025-06-02 00:00:00.000 UTC,4,4,4,2,2,571.9121111549208,0.2266984759226278,533.164271293633,0.2113565135228096,0.0044493882091212,1.524296524119173e-06,142.9780277887302,0.0566746189806569,133.29106782340824,0.0528391283807024,1.0,0.0057224606580829,6.095008278290792e-06,6.097186096476692e-06,1,51032911.7997655,31846924.166513436,11272076.111262668,0.8734999999999999,0.849175,0.738582155461698,0.2208785607901461,0.0243249999999999,0.9721522610188896,0.0278477389811103,0.6240467777239349,6.85640371146371,19185987.633252066,1,899.0,699.0,349902245.87071234,138658.397613905,298115385.0709069,1.1737141502693258,0.6051502145922747,51786860.79980547,0.5003579098067287,0.0864070160655736,809,682,0.5425888665325285,-25591713.316410124,0.993719913399802,8772540699.674217,0.0661864025213867,24029225.56878332,1510.0,15394.611168182031,15394.611168182031,1096544.402506607,1096544.402506607,9.641837758705528,0,0,0
2025-06-03 00:00:00.000 UTC,2,2,2,1,1,16232.323674972971,6.213202795849644,15394.611168182031,5.892565859681511,0.0019860973187686,2.6252300779108863e-05,8116.161837486486,3.106601397924822,7697.305584091016,2.9462829298407556,1.0,0.0026490066225165,5.2340043996219e-05,5.2504601558217726e-05,1,203459377.6352795,187747941.38371167,1469279.817098267,0.8549999999999999,0.8370000000000001,0.9922349572212618,0.0072214897842265,0.0179999999999997,0.9789473684210528,0.0210526315789471,0.9227785102157734,2.891258514377674,15711436.25156784,1,1007.0,755.0,588253657.9179844,224459.02586834275,530118806.6602551,1.10966381597359,0.543046357615894,58134851.25772931,0.486782720825274,0.150876343525378,805,658,0.5502392344497608,19747784.78645748,1.005090731217851,8896449629.321228,0.0504439063761097,13043859.684100458,1636.0,162.10749437126924,162.10749437126924,1096544.402506607,1096544.402506607,5.094409458119261,0,0,0
2025-06-04 00:00:00.000 UTC,4,4,4,2,2,171.61340061016335,0.0658889535703921,162.10749437126924,0.0622389531661694,0.0042553191489361,4.3755165831060833e-07,42.90335015254084,0.016472238392598,40.52687359281731,0.0155597382915423,1.0,0.0057306590257879,1.7322900447960905e-06,1.7502066332424331e-06,1,30049404.368123684,11806925.835818702,11478357.60904034,0.5332666666666667,0.5166000000000001,0.507055276513091,0.3819828662300057,0.0166666666666666,0.9687460932616578,0.0312539067383421,0.3929171337699942,12.456803305561737,18242478.53230498,1,940.0,698.0,374319519.6630044,142243.66879667345,245826129.23903993,1.5227002956183646,0.495702005730659,128493390.42396444,0.4668896321070234,0.0915677746863966,983,763,0.5630011454753723,140677185.9600471,1.0356395731912087,8655260021.598568,0.0707964601769911,17612179.65203317,1603.0,1096544.402506607,1096544.402506607,1096544.402506607,1096544.402506607,13.907675252737617,1,0,0
2025-06-05 00:00:00.000 UTC,72,72,49,36,36,1157103.850750883,468.9859664076174,1096544.402506607,444.5323001331174,0.0538519072550486,0.002231413672022,16070.886815984488,6.513693977883575,15229.783368147318,6.174059724071075,0.6805555555555556,0.0805369127516778,0.1536461458068599,0.1606617843855864,1,84496228.4274009,72754362.0155743,4880340.859168199,0.875975,0.851225,0.93713712195122,0.057758091100615,0.0247499999999999,0.9717457690002568,0.0282542309997431,0.8610367985605984,6.081346148169723,11741866.411826596,1,1337.0,894.0,513850813.2818435,199215.5491860445,741155115.7093476,0.6933107555900024,0.7472035794183445,-227304302.42750412,0.4320927984533591,0.1264248918622051,1603,1309,0.5504807692307693,-320899296.56919634,0.9268251067458848,9704855240.275965,0.0861597374179431,38239166.59359561,2259.0,28408.841687462504,28408.841687462504,28408.841687462504,28408.841687462504,10.254490902409705,0,0,0
2025-06-06 00:00:00.000 UTC,16,16,8,8,8,29991.67247078973,12.27516722978664,28408.841687462504,11.626890336764458,0.0154738878143133,4.738783717842404e-05,1874.479529424358,0.767197951861665,1775.5526054664065,0.7266806460477786,0.5,0.0198265179677819,0.0007468922908486,0.0007582053948547,1,25223892.06126495,10209129.57217106,9566149.07640934,0.8507171957671957,0.8272251322751322,0.516257179157571,0.379249524743233,0.0234920634920635,0.9723855781816212,0.0276144218183786,0.4047404558889903,24.127006051341713,15014762.48909389,1,1034.0,807.0,608576996.4005296,245356.00333450644,522919709.0065511,1.163805811711919,0.6852540272614622,85657287.39397858,0.4014925373134328,0.1336817846269454,1466,1304,0.5292418772563177,159103542.52286005,1.036214821739524,10077253605.89573,0.0500807754442649,13901107.299587462,2120.0,2473.8242912818973,2473.8242912818973,2473.8242912818973,894853.9123912446,7.8139246790611825,0,0,0
2025-06-07 00:00:00.000 UTC,8,8,8,4,4,2596.446339365376,1.042559843767076,2473.8242912818973,0.9933225307534104,0.0095923261390887,4.53756380225576e-06,324.555792420672,0.1303199804708845,309.22803641023717,0.1241653163441763,1.0,0.0125984251968503,3.610769965117845e-05,3.630051041804608e-05,1,25223892.06126495,10209129.57217106,9566149.07640934,0.8507171957671957,0.8272251322751322,0.516257179157571,0.379249524743233,0.0234920634920635,0.9723855781816212,0.0276144218183786,0.4047404558889903,21.729359047593572,15014762.48909389,1,834.0,635.0,548099007.1769712,218910.97823453188,480129064.725,1.1415659818280357,0.6456692913385826,67969942.45197119,0.4412786657400973,0.1705055874289573,1067,842,0.5589313776846516,149826594.19336164,1.0488874513691795,7307504657.747699,0.0433839479392624,5925576.252350778,1519.0,5.779106375545633,5.779106375545633,17269.193555881546,894853.9123912446,1.9138452902486551,0,0,0
2025-06-08 00:00:00.000 UTC,10,10,9,5,5,6.01256253934246,0.0023903797384066,5.779106375545633,0.0022975628188373,0.015527950310559,1.4115580879844622e-08,0.6012562539342461,0.0002390379738406,0.5779106375545633,0.0002297562818837,0.9,0.0187265917602996,1.4094473138813437e-07,1.4115580879844625e-07,1,226847963.0768548,198158240.33416823,10265356.12913862,0.912475,0.891225,0.9507476298109756,0.0452521415220324,0.0212499999999999,0.976711690731253,0.023288309268747,0.8735288501005114,1.8074943911166077,28689722.74268657,1,644.0,534.0,410026420.8976424,162767.8547836418,378252181.6197113,1.0840027918460928,0.6329588014981273,31774239.277931076,0.4359183673469388,0.1508222435076963,809,602,0.5733522324592487,-3162276.9490246475,0.9988381539653616,6228655064.345135,0.037593984962406,4939079.265086243,1281.0,7.210612834169014,7.210612834169014,17269.193555881546,894853.9123912446,2.1054275655225214,0,0,0
2025-06-09 00:00:00.000 UTC,6,6,5,3,3,7.587939734950893,0.0028516079624027,7.210612834169014,0.0027098176534803,0.0051063829787234,1.1277600243183258e-08,1.2646566224918154,0.0004752679937337,1.2017688056948357,0.00045163627558,0.8333333333333334,0.0066079295154185,7.048795276670885e-08,6.766560145909956e-08,1,69262357.07477506,49149915.7325026,11255377.844081566,0.8057944444444445,0.7723222222222222,0.8136690151201473,0.1625035346679056,0.0334722222222222,0.958460594444406,0.0415394055555938,0.7096194499912957,8.861582058314319,20112441.342272453,1,1175.0,908.0,613774060.7703865,240283.1803794649,828349337.2527816,0.7409604054322859,0.5991189427312775,-214575276.4823953,0.4773922187171398,0.1620488704866712,1292,1037,0.5547445255474452,-960656191.2727256,0.7976817276547737,9977951929.924711,0.0554280091833388,27216363.519598916,2019.0,17269.193555881546,17269.193555881546,17269.193555881546,894853.9123912446,9.756737378714371,0,0,0
2025-06-10 00:00:00.000 UTC,8,8,8,4,4,18274.13520307264,6.716073492843167,17269.193555881546,6.346162816469841,0.0059347181008902,1.670596748150923e-05,2284.26690038408,0.8395091866053959,2158.649194485193,0.7932703520587301,1.0,0.0080482897384305,0.000133534420927,0.000133647739852,1,30516230.448132087,23979485.223962795,3485770.1658044197,0.8102690476190476,0.776447619047619,0.8730843709138375,0.1142267611240229,0.0338214285714285,0.9582590144954792,0.0417409855045207,0.7857944730336309,33.9029844812552,6536745.224169292,1,1348.0,994.0,1034591287.3094296,379874.00750624016,686889843.158484,1.5061968052288135,0.5694164989939637,347701444.15094554,0.473108043788672,0.1349327151495678,1361,1176,0.5364603862830114,824476808.6853776,1.1204849850119691,16231925673.6967,0.048876404494382,83602434.78596172,2232.0,588.1520776566412,588.1520776566412,894853.9123912446,894853.9123912446,6.378684346685663,0,0,0
2025-06-11 00:00:00.000 UTC,8,8,7,4,4,617.0088466060319,0.2193899655218786,588.1520776566412,0.2091302228724704,0.0073260073260073,8.571586157439029e-07,77.12610582575398,0.0274237456902348,73.51900970708014,0.0261412778590588,0.875,0.0090395480225988,6.89061987322702e-06,6.857268925951223e-06,1,2182795.563121408,1345924.1416918274,388140.02562316664,0.7889333333333334,0.7552166666666666,0.7761674377804839,0.1778178553140013,0.0337166666666667,0.9572629711002196,0.0427370288997803,0.6166056796300013,312.829908612749,836871.4214295808,1,1092.0,885.0,682843736.5315841,243980.774422914,535128560.7758833,1.2760368004681502,0.4836158192090395,147715175.7557009,0.4933110367892976,0.1509975750715971,1148,1012,0.5314814814814814,220756409.4491328,1.0513212725528314,10041649034.652996,0.0646821021683204,25699767.280313224,1923.0,14727.227526623112,14727.227526623112,894853.9123912446,894853.9123912446,9.5975211713693,0,0,0
2025-06-12 00:00:00.000 UTC,16,15,10,8,8,15560.31752088546,5.83458761351905,14727.227526623112,5.522415375163052,0.0165631469979296,3.0345637667208585e-05,972.5198450553412,0.3646617258449406,920.4517204139444,0.3451509609476907,0.625,0.0203804347826086,0.0004745189476455,0.0004855302026753,1,2754415.092241018,2284716.826057148,255057.05816112025,0.8781333333333332,0.8537333333333332,0.899574895329855,0.0925993539897443,0.0243999999999999,0.9722137868205284,0.0277862131794716,0.8294744072863328,180.28435115259828,469698.2661838699,1,966.0,736.0,496577937.7095961,181983.83028643884,598860985.9994534,0.829204021165021,0.6508152173913043,-102283048.28985724,0.4617314930991217,0.1615324704824672,1235,1090,0.5311827956989247,133322964.51642612,1.045334917970635,7110451785.747008,0.0709166352319879,21290452.21569708,1741.0,894853.9123912446,894853.9123912446,894853.9123912446,894853.9123912446,13.704416875055836,1,0,0
2025-06-13 00:00:00.000 UTC,56,56,40,28,28,946540.339990612,373.6377897666633,894853.9123912446,353.2800894168722,0.0427480916030534,0.0010837979574162,16902.50607126093,6.672103388690416,15979.534149843652,6.30857302530129,0.7142857142857143,0.0634201585503963,0.060629242379233,0.0606926856153115,1,911402.1472008236,726856.5736259237,87955.30434895706,0.8995652173913044,0.8770869565217392,0.892054464685076,0.096505482918921,0.0224782608695651,0.975012083131948,0.0249879168680521,0.7975146600853508,906.8761478230988,184545.57357489993,1,1310.0,883.0,826528868.3711838,325964.8968697771,935127092.3738014,0.8838679524010548,0.7134767836919592,-108598224.0026176,0.4630309386470896,0.1193073883253295,1496,1347,0.5262047133309884,-236552794.8113964,0.9669816307742136,15853660290.835815,0.0867361306674176,45272025.4856757,2116.0,9141.351502889907,9141.351502889907,36541.04410370393,366788.45600347634,9.120672907385735,0,0,0
2025-06-14 00:00:00.000 UTC,4,4,4,2,2,9586.298526916458,3.811808925091306,9141.351502889907,3.634896119073676,0.0057306590257879,1.3749916105305286e-05,2396.5746317291146,0.9529522312728264,2285.337875722477,0.908724029768419,1.0,0.0080482897384305,5.4398454533295466e-05,5.4999664421221146e-05,1,155.370301685,0.0,116.527726265,0.78,0.75,0.0,0.7500000000080453,0.03,0.9615384615384616,0.0384615384615385,0.0,4326292.010430688,155.370301685,0,698.0,497.0,672177294.838021,264357.6943477628,622460435.0173694,1.0798715179692735,0.8088531187122736,49716859.82065168,0.41006600660066,0.1826626534993225,935,796,0.5401502021952629,94973849.43226524,1.0264926754691597,8559430991.662577,0.0606635071090047,4105658.157203778,1312.0,36541.04410370393,36541.04410370393,366788.45600347634,3706689.807887352,10.50621876990274,0,0,0
2025-06-15 00:00:00.000 UTC,6,5,5,3,3,37042.402921332025,14.59669872370374,36541.04410370393,14.39854237874267,0.0098039215686274,8.828693207112502e-05,6173.733820222004,2.43278312061729,6090.174017283988,2.3997570631237783,0.8333333333333334,0.0105042016806722,0.0005299613916106,0.0005297215924267,1,155.370301685,0.0,116.527726265,0.78,0.75,0.0,0.7500000000080453,0.03,0.9615384615384616,0.0384615384615385,0.0,2662686.0441236305,155.370301685,0,612.0,476.0,413702333.9679276,163088.0362582203,384566610.23391384,1.0757624894066906,0.6701680672268907,29135723.73401381,0.4078834618680377,0.198486436690927,840,657,0.561122244488978,-664864.5393255148,0.999681112481218,4967504123.8214245,0.0562841530054644,5666857.033317932,1247.0,165.76332686903416,165.76332686903416,366788.45600347634,3706689.807887352,5.116575602855778,0,0,0
2025-06-16 00:00:00.000 UTC,2,2,2,1,1,176.5643298330833,0.0686463234081452,165.76332686903416,0.0644470125535222,0.0019120458891013,2.78219501400327e-07,88.28216491654165,0.0343231617040726,82.88166343451708,0.0322235062767611,1.0,0.0024906600249066,5.472945293977099e-07,5.564390028006539e-07,1,174472.680767055,69419.88753754,67393.25332672,0.8103,0.78415,0.5074065773142024,0.3862682285297104,0.02615,0.9677280019745772,0.0322719980254226,0.3978839966941592,3471.9215939338533,105052.793229515,1,1046.0,803.0,605755467.9066659,231640.8886837523,557003495.3290191,1.0875254338374472,0.5105853051058531,48751972.57764679,0.4779761904761905,0.1788497093297476,1185,1027,0.5357142857142857,1037387432.8631252,1.4415231792824328,6899276505.413098,0.0711624441132637,25744458.90216565,1821.0,366788.45600347634,366788.45600347634,366788.45600347634,3706689.807887352,12.812543273050174,1,0,0
2025-06-17 00:00:00.000 UTC,14,14,13,7,7,389274.2609981507,151.42840548112164,366788.45600347634,142.68527071369098,0.0142276422764227,0.0006268403607473,27805.30435701076,10.816314677222977,26199.175428819737,10.191805050977928,0.9285714285714286,0.0202020202020202,0.0088290767555673,0.0087757650504634,1,1695784.5768007643,1390992.7718393449,183244.48190506516,0.9289130434782608,0.907608695652174,0.8835979256181314,0.1080588209209749,0.0213043478260868,0.9770652937046572,0.0229347062953426,0.8202650211995477,342.97125361716905,304791.80496141943,1,984.0,693.0,581605362.1700187,227626.1703116324,559831003.8088493,1.038894520333861,0.7532467532467533,21774358.36116944,0.4626168224299065,0.187674794611127,1453,1268,0.5339948548327821,-28701207.51385899,0.9908235639459976,7368150080.98089,0.105516475379489,50142140.569281295,1677.0,46502.46908067714,46502.46908067714,234554.8925230044,3706689.807887352,10.747282192678249,0,0,0
2025-06-18 00:00:00.000 UTC,8,8,8,4,4,50112.31481223396,19.95225414405688,46502.46908067714,18.51522319231347,0.0093457943925233,5.730385752891663e-05,6264.039351529245,2.49403176800711,5812.808635084642,2.314402899039184,1.0,0.0122699386503067,0.0004570092701712,0.0004584308602313,1,1695784.5768007643,1390992.7718393449,183244.48190506516,0.9289130434782608,0.907608695652174,0.8835979256181314,0.1080588209209749,0.0213043478260868,0.9770652937046572,0.0229347062953426,0.8202650211995477,480.03213228474846,304791.80496141943,1,856.0,652.0,814031086.2972606,323106.0523799874,850826823.86509,0.9567529648387486,0.6840490797546013,-36795737.56782938,0.4670487106017192,0.2314767446754878,1069,976,0.5227383863080685,-120504508.27180088,0.966868796243368,8818734927.957457,0.075044404973357,28123026.62914373,1519.0,58.06391206838077,58.06391206838077,3706689.807887352,3706689.807887352,4.078620113004246,0,1,0
2025-06-19 00:00:00.000 UTC,6,5,5,3,3,60.15532227759658,0.0237238639677617,58.06391206838077,0.0228990560974791,0.008130081300813,6.166561019636645e-08,10.025887046266098,0.0039539773279602,9.677318678063465,0.0038165093495798,0.8333333333333334,0.0088183421516754,3.72385359785883e-07,3.699936611781987e-07,1,38472772.87567487,13019517.502285872,17327217.954522446,0.82545,0.7902625000000001,0.4290253072135616,0.4503761143111652,0.0351874999999999,0.9573717366285056,0.0426282633714942,0.3384086076758378,24.317081838943498,25453255.373389,1,738.0,567.0,935545566.5888714,371342.4066438313,922369801.2110448,1.0142846885929344,0.7231040564373897,13175765.377826557,0.4507154213036566,0.272231444564024,1035,889,0.5379417879417879,-3255080.7690525353,0.9990537106570544,8734333599.042923,0.0658595641646489,15330449.417920886,1363.0,234554.8925230044,234554.8925230044,3706689.807887352,3706689.807887352,12.365449186114258,0,1,0
2025-06-20 00:00:00.000 UTC,50,48,35,25,25,252956.08270102495,102.56587717615962,234554.8925230044,95.11250628149104,0.0582750582750582,0.0002623940210612,5059.121654020499,2.0513175435231923,4691.097850460088,1.9022501256298208,0.7,0.0747663551401869,0.013080734165923,0.0131197010530638,1,45263681.32555383,13191689.54390047,21889773.249591764,0.7998416666666668,0.7734333333333334,0.3760302020914471,0.4836056769698444,0.0264083333333333,0.966983048728394,0.0330169512716058,0.2914409336045992,19.80762969571991,32071991.78165336,1,858.0,642.0,896566238.3616428,362479.70093525504,922101403.8093598,0.9723076384633764,0.660436137071651,-25535165.447717085,0.462536023054755,0.1570406444973698,1056,921,0.5341426403641881,-211452304.8599409,0.9642852483500508,13448389927.152668,0.0819949281487743,26161781.826586556,1521.0,3706689.807887352,3706689.807887352,3706689.807887352,3706689.807887352,15.125650071016642,1,1,0
2025-06-21 00:00:00.000 UTC,168,168,91,84,84,3990264.032071625,1695.5228892857508,3706689.807887352,1575.3510248822913,0.2019230769230769,0.0037639910628206,23751.57161947396,10.09239815051042,22063.62980885329,9.377089433823162,0.5416666666666666,0.2814070351758794,0.6216647212331545,0.6323504985538686,1,1647790.7984687325,1320478.243385726,171959.7626767191,0.7965007936507936,0.7597309523809525,0.8847792926887416,0.1043577636411847,0.0367698412698411,0.953835775729356,0.046164224270644,0.801362797154121,607.907119843548,327312.5550830066,1,832.0,597.0,1001703758.4018272,418532.084319499,935508356.114594,1.070758750421172,0.8944723618090452,66195402.28723356,0.4344978165938865,0.2522924257125776,1187,1067,0.5266193433895298,-100643377.6808759,0.9752782810071858,9978670644.07991,0.1120263591433278,26571801.990995836,1540.0,1844164.879418601,1844164.879418601,1844164.879418601,1844164.879418601,14.42753763535361,1,1,0
2025-06-22 00:00:00.000 UTC,164,163,93,82,82,1957349.632208489,887.5043156713385,1844164.879418601,836.296269972537,0.1399317406143344,0.0023399409844277,11935.058732978592,5.411611680922796,11244.907801332933,5.0993674998325424,0.5670731707317073,0.1963855421686747,0.3767819973277464,0.3837503214461499,1,421885.1334160867,268117.44526097877,47322.06386270143,0.8034749999999999,0.7718625,0.8499805430392456,0.1121681237722822,0.0316124999999999,0.960655278633436,0.0393447213665638,0.6355223828106461,1902.651418648084,153767.68815510796,1,1172.0,830.0,802700347.6006535,357400.5821249641,929609902.1955048,0.8634808490151376,1.033734939759036,-126909554.59485136,0.4086656819300837,0.1140382420503218,1793,1647,0.5212209302325581,-752547810.3131825,0.9034132375093444,16562597828.255629,0.1174479166666666,59453385.72576364,2343.0,1923.7489775408224,1923.7489775408224,1923.7489775408224,14876.48156268789,7.562550836941404,0,0,0
2025-06-23 00:00:00.000 UTC,4,4,4,2,2,1978.8529168959828,0.8221165905515928,1923.7489775408224,0.799202219317012,0.0032051282051282,2.6148677337583472e-06,494.7132292239957,0.2055291476378982,480.9372443852056,0.199800554829253,1.0,0.0044943820224719,1.0972953291543333e-05,1.0459470935033387e-05,1,16492584.179607116,5559985.623131391,7351106.241265032,0.69240625,0.6695104166666667,0.4306363614733147,0.4457219172696167,0.0228958333333333,0.9669329482029756,0.0330670517970242,0.3371203422448646,42.52028368426574,10932598.556475723,1,1248.0,890.0,701269358.0035278,305637.7227035951,590930046.3201557,1.1867214442225062,0.6337078651685393,110339311.68337202,0.4458917835671342,0.1615912438316602,1644,1466,0.5286173633440514,571659316.6838424,1.15170966861612,9400086594.925646,0.0998283752860411,27134429.111081135,2208.0,0.0,0.0,0.0,14876.48156268789,0.0,0,0,0
2025-06-24 00:00:00.000 UTC,0,0,0,0,0,0.0,0.0,0.0,0.0,0.0,0.0,0.0,0.0,0.0,0.0,0.0,0.0,0.0,0.0,0,58064.140626876666,26337.17212829375,12905.983812355837,0.7741666666666666,0.735,0.671127780042091,0.222271158636281,0.0391666666666665,0.9494079655543596,0.0505920344456403,0.4535875644408113,12932.83837136158,31726.968498582915,1,985.0,746.0,750934145.8994052,310333.8008247616,822279479.151244,0.91323469080673,0.5040214477211796,-71345333.25183876,0.4803605924018029,0.163626201549926,934,827,0.5303804656445201,-74067432.00471345,0.9841172705919796,10825935071.953806,0.0587768069896743,9492673.510521354,1664.0,0.0,0.0,51.26015225978499,14876.48156268789,0.0,0,0,0
2025-06-25 00:00:00.000 UTC,0,0,0,0,0,0.0,0.0,0.0,0.0,0.0,0.0,0.0,0.0,0.0,0.0,0.0,0.0,0.0,0.0,0,10956417.87598503,9818744.313834654,370623.2358848904,0.812625,0.7950625,0.9636264729801516,0.0338270445760603,0.0175625,0.9783879403168744,0.0216120596831257,0.8961637302421623,70.15716999641596,1137673.562150376,1,762.0,602.0,768671271.4772525,315496.24909078947,774721940.8597031,0.9921898825070888,0.53156146179402,-6050669.382450528,0.4792993630573248,0.2668842080044871,842,736,0.5335868187579215,349081980.57548124,1.1379178824301417,6954646601.3561325,0.0680021085925145,12535562.394434305,1350.0,0.0,0.0,51.26015225978499,14876.48156268789,0.0,0,0,0
2025-06-26 00:00:00.000 UTC,0,0,0,0,0,0.0,0.0,0.0,0.0,0.0,0.0,0.0,0.0,0.0,0.0,0.0,0.0,0.0,0.0,0,8939397.21027105,3061959.7967882543,3875479.300953346,0.8387055555555555,0.8095013888888888,0.4413674489459718,0.4335280343623793,0.0292041666666666,0.965179476309392,0.0348205236906079,0.3425241909230939,108.31654232199664,5877437.413482795,1,840.0,629.0,968284596.259463,395411.222953522,1065832871.4666656,0.9084769499809392,0.5993640699523053,-97548275.20720276,0.4652366863905325,0.2132762697121607,869,748,0.5374149659863946,-619048676.923976,0.8800083304266928,11733263030.87441,0.0616719963453631,14098385.111363532,1448.0,51.26015225978499,51.26015225978499,14876.48156268789,14876.48156268789,3.956234173593484,0,0,0
2025-06-27 00:00:00.000 UTC,2,2,2,1,1,53.710403543226384,0.0223384585331257,51.26015225978499,0.0213194089932733,0.0025542784163473,5.7564227647965264e-08,26.855201771613192,0.0111692292665628,25.630076129892498,0.0106597044966366,1.0,0.0031152647975077,1.137426963318089e-07,1.1512845529593053e-07,1,8939397.21027105,3061959.7967882543,3875479.300953346,0.8387055555555555,0.8095013888888888,0.4413674489459718,0.4335280343623793,0.0292041666666666,0.965179476309392,0.0348205236906079,0.3425241909230939,100.82729899668286,5877437.413482795,1,783.0,642.0,901335275.3701116,370358.6387652485,896190830.1459252,1.0057403457513048,0.5996884735202492,5144445.224186607,0.3876811594202898,0.3324743789366851,1225,991,0.552797833935018,264977474.3634241,1.1083303088216858,6954531992.714185,0.0559380378657487,11488877.190106891,1752.0,0.0,0.0,14876.48156268789,23528.933280975027,0.0,0,0,0
2025-06-28 00:00:00.000 UTC,0,0,0,0,0,0.0,0.0,0.0,0.0,0.0,0.0,0.0,0.0,0.0,0.0,0.0,0.0,0.0,0.0,0,23339444.53396642,20413398.36750466,925894.1031282368,0.865,0.8300000000000001,0.9566108340094944,0.039670785728459,0.0349999999999999,0.9595375722543352,0.0404624277456646,0.8746308566939792,33.68061409653972,2926046.1664617583,1,615.0,485.0,786086824.5761162,323252.57743634825,751276043.4760048,1.0463355399155931,0.5855670103092784,34810781.100111395,0.4401088929219601,0.2938566827100992,751,632,0.5430224150397687,110984881.51374312,1.043284419637818,6776515457.1340065,0.0562003665241295,18750759.53833625,1171.0,14876.48156268789,14876.48156268789,14876.48156268789,23528.933280975027,9.607604044243354,0,0,0
2025-06-29 00:00:00.000 UTC,4,4,4,2,2,15881.8181001823,6.3894503776902365,14876.48156268789,5.985158057417038,0.0051480051480051,1.591764928865717e-05,3970.454525045575,1.5973625944225591,3719.120390671973,1.4962895143542596,1.0,0.0068965517241379,6.447485812163729e-05,6.367059715462867e-05,1,19055137.257480893,7003484.643471286,7758693.261545453,0.7962333333333333,0.7563833333333334,0.4744208265564419,0.4071706835121039,0.0398499999999999,0.9499518566584336,0.0500481433415664,0.3675378743714781,48.43482591400523,12051652.614009608,1,777.0,580.0,922932255.833562,376007.65972913033,936743231.9231664,0.9852563908454935,0.5862068965517241,-13810976.089604244,0.4387291981845688,0.2261270624382993,1071,957,0.5281065088757396,-4470617.735027522,0.998905855171864,10027098791.310968,0.0505415162454873,18831587.1671276,1407.0,10.3233560262,10.3233560262,100.19824276578495,23528.933280975027,2.4268674975824456,0,0,0
2025-06-30 00:00:00.000 UTC,2,2,2,1,1,10.708369229533378,0.0042659779292503,10.3233560262,0.004112595795282,0.002219755826859,1.17942419485769e-08,5.354184614766689,0.0021329889646251,5.1616780131,0.002056297897641,1.0,0.0027434842249657,2.3791306771340087e-08,2.35884838971538e-08,1,15186496.473411242,7012372.700163019,5298533.792242082,0.907985,0.8872350000000001,0.5696065277150081,0.3488977066908644,0.0207499999999999,0.9771471995682748,0.0228528004317251,0.4617505237261531,57.14457543598035,8174123.773248223,1,901.0,729.0,867825893.3330983,348695.22036371555,827157025.0799468,1.0491670469089238,0.5157750342935528,40668868.25315158,0.4608091024020228,0.2442836526512502,1034,894,0.5363070539419087,-83804903.1040211,0.976953492599893,8883855098.139488,0.0577169730654125,10808690.089979202,1685.0,100.19824276578495,100.19824276578495,100.19824276578495,23528.933280975027,4.617081392728153,0,0,0
2025-07-01 00:00:00.000 UTC,2,2,2,1,1,104.73058400684586,0.0432264065599672,100.19824276578495,0.041355855760659,0.0019980019980019,8.425950705820183e-08,52.36529200342293,0.0216132032799836,50.09912138289248,0.0206779278803295,1.0,0.0024906600249066,1.6660449283794641e-07,1.6851901411640366e-07,1,29545693.298752252,11516051.36195043,11065070.688013166,0.784975,0.741225,0.5099857897437384,0.3745070584781457,0.0437499999999999,0.944265740947164,0.055734259052836,0.3897708964046129,40.7107596839034,18029641.93680182,1,1001.0,803.0,1202827619.579818,490815.306243041,1076037511.11193,1.1178305655319287,0.6214196762141968,126790108.467888,0.409903011740684,0.2316652234194787,1524,1287,0.5421558164354322,114880746.12031142,1.0226267324371603,12548172410.944693,0.0479061976549413,10193372.965915017,2059.0,61.508250071967694,61.508250071967694,23528.933280975027,23528.933280975027,4.135298549182454,0,0,0
2025-07-02 00:00:00.000 UTC,6,5,5,3,3,66.62630762707832,0.026124294380078,61.508250071967694,0.0241172787041879,0.0048979591836734,5.4242947697320335e-08,11.104384604513053,0.0043540490633463,10.251375011994616,0.0040195464506979,0.8333333333333334,0.0057670126874279,3.299264750193429e-07,3.254576861839221e-07,1,27917385.11570144,13594070.100767856,8974184.799737725,0.830646619047619,0.8039945714285714,0.6023536228520406,0.3214550633071439,0.0266520476190476,0.9679140960693904,0.0320859039306096,0.4869392331849235,40.067543505053585,14323315.014933584,1,1225.0,867.0,1118581042.670703,444615.93124997744,992174966.5091156,1.1274030089736458,0.5824682814302191,126406076.16158748,0.465378421900161,0.2077109547789979,1326,1148,0.5359741309620049,233609091.8088481,1.0453463019438471,12647701064.2224,0.0637616148670298,16905558.824207295,1999.0,74.37529685035275,74.37529685035275,23528.933280975027,23528.933280975027,4.322479593352732,0,0,0
2025-07-03 00:00:00.000 UTC,6,6,6,3,3,78.19718336583117,0.0302964945984392,74.37529685035275,0.0288150786757173,0.0053859964093357,6.030689190152619e-08,13.032863894305194,0.0050494157664065,12.395882808392123,0.0048025131126195,1.0,0.0071343638525564,3.6089574313873105e-07,3.618413514091571e-07,1,18949350.761671867,7129721.263024061,7462958.962837999,0.8441666666666667,0.7998166666666666,0.4885820255547246,0.3938371850677356,0.0443500000000001,0.94746298124383,0.0525370187561698,0.3762514796784003,65.25350860864614,11819629.498647803,1,1114.0,841.0,1236511623.0550106,477807.39094909455,1051611723.049074,1.1758252556084412,0.6064209274673008,184899900.00593656,0.4377928162415408,0.3227703807785734,1428,1241,0.535031847133758,632807956.895269,1.197868437745631,9317180892.929129,0.06112799729821,35124708.267768696,2060.0,23528.933280975027,23528.933280975027,23528.933280975027,31112.85964717452,10.066028646229714,0,0,0
2025-07-04 00:00:00.000 UTC,12,11,10,6,6,24684.349678014936,9.689310385048522,23528.933280975027,9.2357895153681,0.0133630289532293,1.8368338393991553e-05,2057.029139834578,0.8074425320873768,1960.744440081252,0.7696491262806751,0.8333333333333334,0.0170807453416149,0.000221125993197,0.0002204200607278,1,48303772.686711065,18447623.572861627,18725558.935522195,0.82925,0.8043083333333333,0.4962616146384845,0.3876624514812238,0.0249416666666667,0.9699226208421264,0.0300773791578736,0.3819085455810946,26.43398479050062,29856149.11384944,1,898.0,644.0,1276861192.5243196,502810.28785865626,1053375922.6215078,1.2121609817572343,0.6350931677018633,223485269.90281188,0.4462924462924463,0.5074045268780832,1047,836,0.5560276155071694,236047421.2810347,1.1035110190740074,7127101798.060968,0.0686657974793568,21305647.211135652,1553.0,0.105922483186625,0.105922483186625,1636.281938371475,42907.53823794645,0.1006798131091999,0,0,0
2025-07-05 00:00:00.000 UTC,2,1,1,1,1,0.1097356965836666,4.355807757419885e-05,0.105922483186625,4.2044474889509294e-05,0.0031695721077654,1.1600176361422843e-10,0.0548678482918333,2.1779038787099423e-05,0.0529612415933125,2.1022237444754647e-05,0.5,0.0021739130434782,2.320862293656891e-10,2.3200352722845687e-10,1,48303772.686711065,18447623.572861627,18725558.935522195,0.82925,0.8043083333333333,0.4962616146384845,0.3876624514812238,0.0249416666666667,0.9699226208421264,0.0300773791578736,0.3819085455810946,18.89677641495298,29856149.11384944,1,631.0,460.0,912785592.4594916,362446.8592506144,814897597.6534073,1.120123062195746,0.6695652173913044,97887994.80608436,0.3773584905660377,0.4903036937369025,825,643,0.5619891008174387,270500667.42772174,1.170000764803521,5180530333.926809,0.0489818381948266,6129226.867534166,1288.0,11.040113329448182,11.040113329448182,1636.281938371475,42907.53823794645,2.488243852581241,0,0,0
2025-07-06 00:00:00.000 UTC,4,4,4,2,2,11.529168138802714,0.0045598194437206,11.040113329448182,0.0043662521593687,0.0054945054945054,1.1206867726277058e-08,2.8822920347006784,0.0011399548609301,2.7600283323620456,0.0010915630398421,1.0,0.0074349442379182,4.4423452360055493e-08,4.482747090510823e-08,1,28134.18558412,15361.79314122,7286.226254,0.83,0.805,0.678284174573879,0.2589812394680663,0.0249999999999999,0.9698795180722892,0.0301204819277107,0.5460187605320546,35333.51702331787,12772.392442900002,1,728.0,538.0,994079725.2736884,389605.04094565386,887207644.2124634,1.1204589272402976,0.5817843866171004,106872081.06122504,0.4381107491856677,0.367542484361425,794,581,0.5774545454545454,159893785.6387016,1.0628322541993964,7130725933.552928,0.0544397463002114,24502312.53881,1300.0,1636.281938371475,1636.281938371475,1636.281938371475,42907.53823794645,7.400792791235108,0,0,0
2025-07-07 00:00:00.000 UTC,6,6,6,3,3,1738.388087063396,0.6847209966908071,1636.281938371475,0.6444836786413948,0.0071090047393364,2.3338545375487193e-06,289.7313478438993,0.1141201661151345,272.71365639524583,0.1074139464402324,1.0,0.0090771558245083,1.3893825459257268e-05,1.4003127225292318e-05,1,50059984.76142395,20503506.73357881,18169039.115807977,0.4954466666666667,0.4805133333333333,0.5301824920818842,0.3629453585013668,0.0149333333333334,0.9698588479082846,0.0301411520917154,0.4095787649815415,14.115518486315498,29556478.027845144,1,844.0,661.0,706622640.3245519,276145.6073086308,787373090.9427608,0.8974432177742798,0.6096822995461422,-80750450.61820886,0.4596662030598052,0.3928805053979152,1032,844,0.5501066098081023,-160319513.34249413,0.9181579124052864,5251452952.46769,0.0636653024101864,16036770.744863223,1531.0,1137.9313876608826,1137.9313876608826,31112.85964717452,42907.53823794645,7.037845722529032,0,0,0
2025-07-08 00:00:00.000 UTC,2,2,2,1,1,1217.176937586708,0.4734977770333942,1137.9313876608826,0.4426727582760101,0.0019157088122605,1.2215864941127968e-06,608.588468793354,0.2367488885166971,568.9656938304413,0.221336379138005,1.0,0.0025575447570332,2.4452991490246655e-06,2.4431729882255937e-06,1,38357091.29576953,14346357.163154837,15262165.383765442,0.7972111111111112,0.7606333333333334,0.4845347193673825,0.3978968391028319,0.0365777777777778,0.954117827426166,0.0458821725738338,0.3740209874761052,24.264335902810156,24010734.13261469,1,1044.0,782.0,930709347.4553076,362375.2885361675,860111886.6343751,1.0820793921325524,0.5639386189258312,70597460.82093242,0.4839108910891089,0.2774886571559253,1130,851,0.5704189803129732,98463268.1379727,1.0302444498929142,8400447276.660557,0.05051272312951,27233848.195015293,1720.0,47.53670589804971,47.53670589804971,42907.53823794645,63438.435870688576,3.882320334337799,0,0,0
2025-07-09 00:00:00.000 UTC,4,4,4,2,2,49.63791746603607,0.0190284442106648,47.53670589804971,0.0182229969794658,0.0033528918692372,4.976710603273559e-08,12.409479366509018,0.0047571110526662,11.884176474512428,0.0045557492448664,1.0,0.0045146726862302,1.941276589111856e-07,1.9906842413094237e-07,1,7956876.603030031,3170327.2897738456,2973093.337860764,0.8107972222222223,0.7795683333333334,0.5160524538256323,0.3736508037247417,0.0312288888888888,0.9614837248661298,0.0385162751338702,0.3984386648105821,123.10027829280727,4786549.3132561855,1,1193.0,886.0,979493724.1745236,366165.49428208976,819652912.368125,1.195010362794405,0.5225733634311512,159840811.8063988,0.5091954022988506,0.2068470584624359,1046,917,0.5328578706062149,385363921.0002915,1.0885896408261224,10884487606.928596,0.0617454294584339,32430104.36551559,1866.0,31112.85964717452,31112.85964717452,42907.53823794645,107669.57392267208,10.345408646714946,0,0,0
2025-07-10 00:00:00.000 UTC,14,13,13,7,7,32808.95370156855,11.73208460276603,31112.85964717452,11.126213931337809,0.0096818810511756,1.4704359599227484e-05,2343.4966929691823,0.8380060430547164,2222.3471176553226,0.7947295665241292,0.9285714285714286,0.0118721461187214,0.0002002510963838,0.0002058610343891,1,32697650.3066768,16419077.179925608,10115147.945488416,0.8255841666666667,0.7968397222222222,0.6187886438108079,0.3093539704112292,0.0287444444444444,0.9651829024767984,0.0348170975232016,0.502148534403185,66.52371865215223,16278573.126751194,1,1446.0,1095.0,2175169289.5878263,756660.8974880036,1913373918.099677,1.1368239469617936,0.4721461187214611,261795371.48814923,0.5067098565478945,0.2649310269185194,1403,1218,0.5352918733307898,86911814.06769013,1.0106989308615846,20422277286.913452,0.0651549942594718,32740389.39352657,2302.0,42907.53823794645,42907.53823794645,42907.53823794645,461209.1644362756,10.666826111638516,0,0,0
2025-07-11 00:00:00.000 UTC,10,10,10,5,5,45319.411255457286,15.189513813663526,42907.53823794645,14.381093953825845,0.0067521944632005,3.578609746737283e-05,4531.941125545729,1.5189513813663529,4290.753823794645,1.4381093953825843,1.0,0.0088809946714031,0.0003585675766819,0.0003578609746737,1,41091351.367386036,17017964.77413697,14733324.512639085,0.8066140909090909,0.7780122727272727,0.5359771258556326,0.3585504983983767,0.0286018181818181,0.9645408894982448,0.0354591105017551,0.4141495523470184,29.121393850930225,24073386.593249064,1,1481.0,1126.0,1196637427.036609,401862.59390081535,1002834204.2542458,1.1932554972299576,0.5435168738898757,193803222.7823632,0.5162769371847776,0.2687210244436954,1375,1285,0.5169172932330827,-6745168.734078914,0.9984875725655744,11112385787.091578,0.0587238848108413,28792940.08686309,2335.0,169.9409230993839,169.9409230993839,17112.866668204464,461209.1644362756,5.141318017860087,0,0,0
2025-07-12 00:00:00.000 UTC,8,7,7,4,4,174.35668593807304,0.0588246343868061,169.9409230993839,0.0573323216857666,0.0069204152249134,1.8230042115478704e-07,21.79458574225913,0.0073530792983507,21.242615387422987,0.0071665402107208,0.875,0.0080091533180778,1.4667879540088549e-06,1.458403369238296e-06,1,340851.9957613375,190921.94283287,87821.53868432701,0.88,0.8575,0.684937785069213,0.2576529982996465,0.0224999999999999,0.9744318181818182,0.0255681818181817,0.5601315092975204,2719.285356925146,149930.0529284675,1,1156.0,874.0,926873840.952517,314493.63266740384,970196478.269882,0.9553465320811916,0.5594965675057209,-43322637.31736496,0.5014343086632244,0.1776462641576572,1067,892,0.5446656457376212,71105539.56413995,1.0138165065679812,12261014966.021158,0.052112676056338,20229739.834214855,1840.0,17112.866668204464,17112.866668204464,63438.435870688576,461209.1644362756,9.74764433014506,0,0,0
2025-07-13 00:00:00.000 UTC,10,10,7,5,5,20135.870140986404,6.832755421110824,17112.866668204464,5.806711742027324,0.0087796312554872,1.723501876348792e-05,2013.5870140986403,0.6832755421110824,1711.2866668204465,0.5806711742027324,0.7,0.0115340253748558,0.0001711896905607,0.0001723501876348,1,171971.06958931335,71767.58013760667,66669.13088179,0.83,0.805,0.518414368624744,0.3876764332570794,0.0249999999999999,0.9698795180722892,0.0301204819277107,0.4173235667429172,5812.858715316252,100203.48945170669,1,1139.0,867.0,999643530.6444978,336913.5724022964,784740221.9325058,1.273852802119369,0.5397923875432526,214903308.71199197,0.4951456310679611,0.2261787003244519,1132,956,0.5421455938697318,492688268.81320447,1.1254611532898904,10131109002.459553,0.0511463844797178,14222311.612763504,1844.0,8974.969019186374,8974.969019186374,107669.57392267208,461209.1644362756,9.102306176239852,0,0,0
2025-07-14 00:00:00.000 UTC,12,12,12,6,6,9601.463882673886,3.1645886034554147,8974.969019186374,2.958069122604066,0.008,6.1961670373463075e-06,800.1219902228239,0.2637157169546179,747.9140849321979,0.2465057602170055,1.0,0.0105633802816901,7.458044188209504e-05,7.43540044481557e-05,1,34574450.84627941,14719993.005276617,12121356.238868326,0.7301809867909868,0.6997485101010101,0.5484073423949645,0.3505870937115033,0.0304324766899766,0.9583220088710858,0.0416779911289142,0.4257477022765395,41.767065284438665,19854457.841002796,1,1500.0,1136.0,1444073345.670168,477403.0630186088,1411594417.4999025,1.0230086827828275,0.5026408450704225,32478928.17026553,0.5026548672566372,0.2586548779561028,1443,1295,0.527027027027027,86456289.98472703,1.0157291749611526,13935235923.072166,0.0507110276361685,8866695.783425054,2390.0,63438.435870688576,63438.435870688576,461209.1644362756,461209.1644362756,11.057840963940828,0,0,0
2025-07-15 00:00:00.000 UTC,10,10,10,5,5,66262.55677378604,21.400898621431494,63438.435870688576,20.48750265131815,0.0074404761904761,6.022288244888537e-05,6626.255677378604,2.1400898621431494,6343.843587068857,2.048750265131815,1.0,0.009765625,0.0006164602378845,0.0006022288244888,1,227960.68078225548,103114.21667954265,72493.96065602766,0.79299375,0.7516093749999999,0.5871834571946004,0.3180108096153334,0.0413843750000001,0.947812482759164,0.0521875172408359,0.4523333424242391,4514.26917779721,124846.46410271284,1,1344.0,1024.0,1029075875.0050048,340194.65389600163,1065355643.259698,0.9659458618497698,0.478515625,-36279768.25469299,0.5190065889508363,0.2471943621006963,1312,1125,0.5383668444809192,111957707.89668807,1.0276366074362264,10308520296.70174,0.0593858632676709,44663446.15247696,2124.0,107669.57392267208,107669.57392267208,461209.1644362756,702424.5701284244,11.586831603181665,0,0,0
2025-07-16 00:00:00.000 UTC,24,24,23,12,12,117715.272065168,36.47083404946008,107669.57392267208,33.374343189120935,0.0120967741935483,6.94791266047067e-05,4904.803002715334,1.51961808539417,4486.232246778003,1.390597632880039,0.9583333333333334,0.0174545454545454,0.0016745972356906,0.0016674990385129,1,28691192.109819543,11974466.397895196,10443037.103018228,0.8284204938271604,0.8018592592592593,0.5341569991238,0.3639805924775117,0.0265612345679011,0.9679374970008372,0.0320625029991626,0.4173568791446955,53.78303088316613,16716725.711924346,1,1984.0,1375.0,1543099271.3172767,480350.6437120363,1659969924.5738804,0.9295947164304168,0.4610909090909091,-116870653.25660364,0.5274261603375527,0.3175551164534313,1885,1610,0.5393419170243204,-1441332724.8337684,0.7712404250885951,14363025185.568895,0.0443050778879223,25611896.41468613,2765.0,461209.1644362756,461209.1644362756,461209.1644362756,702424.5701284244,13.04160910624146,1,0,0
2025-07-17 00:00:00.000 UTC,14,13,13,7,7,486552.646397808,141.784385455195,461209.1644362756,134.3910400618366,0.0083983203359328,0.0003201498992096,34753.76045698628,10.1274561039425,32943.51174544826,9.5993600044169,0.9285714285714286,0.0110262934690415,0.0045017032515283,0.0044820985889352,1,873856.0815907767,269898.62910463766,402772.0334984135,0.7728787878787878,0.7353787878787879,0.4012344288365482,0.4609134638797765,0.0374999999999999,0.951480101940796,0.048519898059204,0.3088593588698397,1641.3801904284244,603957.452486139,1,1667.0,1179.0,1434330061.6085055,419775.3627085376,1347899305.7646377,1.0641225612879426,0.5555555555555556,86430755.84386817,0.5148471615720523,0.468276192594121,1634,1447,0.5303472898409607,64135899.93695848,1.021386729766535,8844093824.8864,0.0612643397608005,46152181.50043009,2449.0,356246.7189815168,356246.7189815168,425540.8716308313,702424.5701284244,12.783381607685598,1,0,0
2025-07-18 00:00:00.000 UTC,14,14,13,7,7,373588.3898385178,103.6277980189838,356246.7189815168,98.8078618972114,0.0064965197215777,0.0001734497326875,26684.884988465557,7.4019855727845565,25446.194212965485,7.057704421229386,0.9285714285714286,0.0099431818181818,0.0024358062798861,0.0024282962576261,1,25886116.649390195,11434527.370291842,8826561.29489479,0.8523268516483518,0.8285428571428571,0.5643589818517046,0.34097664838819,0.0237839945054946,0.9720952185660962,0.0279047814339038,0.4417243237046607,79.09868421353487,14451589.279098352,1,2155.0,1408.0,2047557766.3648424,569662.808735397,2075976195.8310664,0.9863108115000097,0.4992897727272727,-28418429.466224372,0.527736131934033,0.4356419642465987,1809,1590,0.5322153574580759,369083425.5216114,1.0852187960613775,13154636627.130014,0.0615711252653927,92191295.1675797,2855.0,71.71285234687099,71.71285234687099,425540.8716308313,702424.5701284244,4.286518154978909,0,0,0
2025-07-19 00:00:00.000 UTC,6,6,6,3,3,74.7572475256712,0.0208702359867025,71.71285234687099,0.0200204977592138,0.0042105263157894,7.331147496905119e-08,12.459541254278534,0.0034783726644504,11.952142057811832,0.0033367496265356,1.0,0.0065502183406113,4.420227399646614e-07,4.398688498143072e-07,1,97834538.2639588,51359055.09143512,27998287.587278012,0.8509875,0.8209875,0.6471871834137374,0.2861799941421329,0.03,0.964746838232054,0.0352531617679461,0.5249583225186565,9.949733193955865,46475483.17252368,1,1425.0,916.0,973427552.8802558,273088.1866401618,926787475.0624602,1.05032445848996,0.5502183406113537,46640077.81779562,0.4877529286474973,0.4024221012134054,1243,1019,0.5495137046861185,366639495.3678192,1.1786496489982892,6371418931.061825,0.0594795539033457,17302853.941580042,1987.0,425540.8716308313,425540.8716308313,702424.5701284244,702424.5701284244,12.961118627866924,1,0,0
2025-07-20 00:00:00.000 UTC,18,18,18,9,9,445758.251142062,121.98311538193644,425540.8716308313,116.44872911152387,0.0097560975609756,0.0004726410517152,24764.347285670112,6.776839743440913,23641.159535046183,6.469373839529104,1.0,0.0142630744849445,0.0083636757154953,0.0085075389308751,1,6836417.1036120225,5651752.5476014605,673576.3853451969,0.8675151515151516,0.843939393939394,0.8935112477966562,0.0985276900365416,0.0235757575757575,0.9728238088584602,0.0271761911415397,0.8267126569289278,133.96398140663766,1184664.556010562,1,1845.0,1262.0,915833653.7563008,246378.78721899897,747863240.3751713,1.2246004407127509,0.46513470681458,167970413.3811294,0.5293624161073825,0.2512962044772869,1648,1463,0.5297332047573128,640982370.8815436,1.2134149013091946,8311592249.527542,0.0620429869266563,31715456.562684584,2538.0,415976.8271681181,415976.8271681181,702424.5701284244,702424.5701284244,12.938387237746262,1,0,0
2025-07-21 00:00:00.000 UTC,40,33,29,20,20,552018.4130508901,145.4755819467941,415976.8271681181,109.60441126706176,0.0218579234972677,0.0002188231979833,13800.460326272252,3.6368895486698527,10399.420679202953,2.740110281676544,0.725,0.0258014073494917,0.0087284921198553,0.0087529279193334,1,55103050.23061161,20439191.106814347,21971966.048879243,0.7461767901234568,0.7175545679012346,0.4819295788554177,0.3987431903846418,0.0286222222222222,0.961641500243546,0.038358499756454,0.3709266732290563,34.59507411156822,34663859.12379726,1,1830.0,1279.0,1906294106.5014749,500881.13270060497,1792962494.037119,1.0632091373027963,0.4956997654417513,113331612.4643561,0.5214023644516919,0.4459192358990347,1744,1524,0.5336597307221542,-179495108.2998296,0.9597045087621188,12428704045.64723,0.0552053901325798,972017771.0422342,2600.0,702424.5701284244,702424.5701284244,702424.5701284244,702424.5701284244,13.462294724581817,1,0,0
2025-07-22 00:00:00.000 UTC,24,23,20,12,12,735176.3273130552,201.62917436541795,702424.5701284244,192.64739825026723,0.0119521912350597,0.0007362514779924,30632.346971377297,8.401215598559082,29267.690422017684,8.026974927094468,0.8333333333333334,0.0194092827004219,0.0174108755080425,0.0176700354718193,1,62192195.37813681,24183393.07303438,24374161.582245123,0.6603766666666667,0.6428888888888888,0.4980356454256701,0.3919167257892567,0.0174877777777778,0.9735184801939633,0.0264815198060367,0.3888493230701398,15.568774855129952,38008802.30510244,1,2008.0,1185.0,968256287.5884656,261659.77795461423,787572135.7180481,1.2294191778454473,0.5139240506329114,180684151.8704175,0.512987012987013,0.3222666274573437,1811,1466,0.5526396093988404,-55716620.53349751,0.981793357508637,7820583554.764494,0.0595642614431341,109044488.5917617,2477.0,74402.51558366275,74402.51558366275,74402.51558366275,586308.1859073566,11.217258472173404,0,0,0
2025-07-23 00:00:00.000 UTC,22,21,18,11,11,79850.03526649042,22.16159463889758,74402.51558366275,20.64919897831272,0.013690105787181,6.574888059551355e-05,3629.5470575677464,1.0073452108589809,3381.932526530125,0.9385999535596692,0.8181818181818182,0.0186666666666666,0.0014382093110196,0.0014464753731012,1,39296104.92333256,24062282.40146477,9509637.194899758,0.78178,0.7595500000000001,0.7167383542783908,0.2419994860420196,0.0222299999999999,0.9715648903783674,0.0284351096216326,0.6123325059420199,28.962676907374608,15233822.521867786,1,1607.0,1125.0,1138120390.6127734,314061.6051754004,1102326059.579846,1.0324716364290347,0.5253333333333333,35794331.03292731,0.4635352286773795,0.313624246082321,1824,1313,0.5814472425884604,260064369.51157057,1.0771964242699872,9238241795.48152,0.0756380510440835,107838747.58394033,2599.0,67763.86843178073,67763.86843178073,67763.86843178073,586308.1859073566,11.123799174911756,0,0,0
2025-07-24 00:00:00.000 UTC,16,16,14,8,8,73125.03998697017,20.371523522383065,67763.86843178073,18.88009106312156,0.0099937539038101,8.346749214203938e-05,4570.314999185635,1.2732202201489415,4235.241776986296,1.1800056914450976,0.875,0.014336917562724,0.001308379905148,0.0013354798742726,1,4430747.898022237,2495237.68326071,1256228.052022575,0.904656826923077,0.8832877884615385,0.6651367383666872,0.2835250573798884,0.0213690384615384,0.9763788457395288,0.0236211542604712,0.5631639941361851,187.0282747658169,1935510.2147615273,1,1601.0,1116.0,828675135.2893685,226196.9370182189,824260041.1540104,1.005356433546356,0.507168458781362,4415094.135358091,0.5207652823145124,0.2688820336989269,1473,1208,0.5494218575158523,54963024.84995514,1.018157798580743,7761828649.474976,0.078871010287523,22884528.1003165,2300.0,835.1019337767078,835.1019337767078,1180.1009174759863,586308.1859073566,6.7287505360067135,0,0,0
2025-07-25 00:00:00.000 UTC,8,8,8,4,4,877.7307020179643,0.2358132526587945,835.1019337767078,0.224358158147873,0.0047818290496114,1.0414422616123927e-06,109.71633775224554,0.0294766565823493,104.38774172208848,0.0280447697684841,1.0,0.0070859167404783,8.454483147992897e-06,8.331538092899142e-06,1,30571591.85210493,10746658.664085364,13086214.44803313,0.9150785714285714,0.8942428571428572,0.4509174623440983,0.428051457422951,0.0208357142857141,0.977230682767288,0.0227693172327121,0.3515243405078179,25.847846186572767,19824933.188019566,1,1673.0,1129.0,790209803.8718895,215430.2417116383,916310109.9118437,0.8623825005574958,0.5349867139061116,-126100306.03995425,0.5155251141552512,0.1847143655996575,1540,1326,0.537334263782275,-124758839.89299849,0.9716635463581544,10387297678.426292,0.0769039323046291,39302730.92345262,2392.0,1180.1009174759863,1180.1009174759863,586308.1859073566,6329896.371282909,7.074202263415389,0,0,1
2025-07-26 00:00:00.000 UTC,14,14,14,7,7,1252.1399188217165,0.333410956458177,1180.1009174759863,0.3142291326286467,0.0101670297748729,1.4884216298293666e-06,89.43856563012261,0.0238150683184412,84.29292267685616,0.0224449380449033,1.0,0.0160366552119129,2.091004561490117e-05,2.083790281761113e-05,1,19287632.19766346,6808603.2270258535,8172119.845204119,0.866385,0.846845,0.4544909610970034,0.4236974119712893,0.01954,0.9774465162716344,0.0225534837283655,0.3530035805976568,40.96503098834057,12479028.970637606,1,1377.0,873.0,790118450.6689991,211115.67201873445,645782672.6504208,1.2235051885585526,0.5051546391752577,144335778.0185783,0.5075581395348837,0.3674067521311649,1276,1061,0.5459991442019684,162074382.73485583,1.081507757592311,5574882429.332087,0.077128448531593,11224366.223626098,1835.0,344.03708854825993,344.03708854825993,586308.1859073566,6329896.371282909,5.8436519142917565,0,0,1
2025-07-27 00:00:00.000 UTC,4,4,4,2,2,363.0343975319475,0.0963327466560364,344.03708854825993,0.0912918430376241,0.001993024414549,3.406862591916186e-07,90.75859938298689,0.0240831866640091,86.00927213706498,0.022822960759406,1.0,0.003487358326068,1.3512892294971506e-06,1.3627450367664742e-06,1,41896747.724194854,19573516.12251468,13970201.412029585,0.8078333333333334,0.7877666666666667,0.5835225658085548,0.3334435766707965,0.0200666666666666,0.9751598927171446,0.0248401072828553,0.4671846189915886,24.30729479705226,22323231.601680174,1,2007.0,1147.0,1018396597.9697328,267964.55851856683,600453488.2127218,1.6960457686756694,0.5283347863993025,417943109.7570109,0.528815122176118,0.2147636235310287,1637,1366,0.5451215451215451,864380111.0845405,1.2229184694439712,10238353523.212814,0.0629644921552436,41863056.28716465,2313.0,586308.1859073566,586308.1859073566,586308.1859073566,6329896.371282909,13.281602550418445,1,0,1
2025-07-28 00:00:00.000 UTC,16,16,16,8,8,613990.5707076907,160.30792807602617,586308.1859073566,153.08156018500156,0.009395184967704,0.0006888834400805,38374.41066923067,10.019245504751636,36644.261619209785,9.567597511562598,1.0,0.0135363790186125,0.0109882051270434,0.0110221350412882,1,36107251.88328129,13204941.117671626,14807728.72225502,0.7853138888888888,0.7563666666666666,0.4713917378503685,0.4101040081954126,0.0289472222222221,0.9631392967426332,0.0368607032573669,0.365714376722918,23.644206659692937,22902310.765609667,1,1703.0,1182.0,853727325.4418898,222216.9256487128,619772177.7336128,1.3774857215498215,0.488155668358714,233955147.70827693,0.5341165838228649,0.1830900058944975,1750,1568,0.5274261603375527,140431485.4638561,1.0310520691309926,10658834558.28225,0.0769048184191787,29234812.499580786,2366.0,20422.49563132445,20422.49563132445,20422.49563132445,6329896.371282909,9.924441263714538,0,0,1
2025-07-29 00:00:00.000 UTC,2,2,2,1,1,21560.590627633977,5.7385824264632905,20422.49563132445,5.435691521503583,0.0012285012285012,2.6642705870645222e-05,10780.295313816989,2.8692912132316453,10211.247815662226,2.7178457607517914,1.0,0.0019704433497536,5.272942449563337e-05,5.328541174129045e-05,1,157091210.5676782,82793408.27953145,48212749.96895094,0.5578833333333333,0.54185,0.6319810410934674,0.306909277703859,0.0160333333333332,0.9712604188450394,0.0287395811549605,0.5270403606945425,4.930987364935367,74297802.28814676,1,1628.0,1015.0,774614774.4516225,204021.7516904916,544284776.9481397,1.4231792018784113,0.5142857142857142,230329997.5034828,0.5059820538384845,0.2044682036784443,1374,1072,0.5617334423548651,462094958.3788539,1.1389198835918737,8433677285.362021,0.0850586181092541,39138038.594816834,2152.0,4727.25279867858,4727.25279867858,6329896.371282909,6329896.371282909,8.461311026074185,0,1,1
2025-07-30 00:00:00.000 UTC,6,6,6,3,3,5107.158783276567,1.357043492421527,4727.25279867858,1.2562299479626948,0.0018674136321195,2.288704675355004e-06,851.1931305460945,0.2261739154035878,787.87546644643,0.2093716579937824,1.0,0.0038071065989847,1.3655246907048886e-05,1.3732228052130025e-05,1,5726652.412947336,2002548.6839603588,2443124.7700884156,0.8393571428571428,0.8145785714285714,0.4504488925376633,0.4266235479151444,0.0247785714285714,0.9704791081610076,0.0295208918389924,0.3496892319556212,362.7101399959084,3724103.7289869776,1,3213.0,1576.0,2077114898.408035,548882.5017442844,1487378740.222316,1.3964936046467709,0.45748730964467,589736158.1857191,0.4565469293163383,0.3054977921628623,1880,1178,0.6147809025506867,653517569.0420295,1.1063391281122084,16509207884.636696,0.0419803496235804,53692467.68218159,3587.0,17553.18520338991,17553.18520338991,6329896.371282909,6329896.371282909,9.773047673591446,0,1,1
2025-07-31 00:00:00.000 UTC,26,25,17,13,13,18340.852085303584,4.939187184238473,17553.18520338991,4.7270722335051625,0.0122123062470643,1.2328643494554849e-05,705.4173878962918,0.1899687378553259,675.1225078226888,0.1818104705194293,0.6538461538461539,0.0191131498470948,0.0003113233126238,0.0003205447308584,1,66112571.9264702,23803304.890985936,27626045.16127237,0.7758468986568987,0.7502553357753358,0.4628350322685191,0.417863718749254,0.0255915628815629,0.9670146739957772,0.0329853260042226,0.3600420343268411,22.17346617239489,42309267.03548426,1,2129.0,1308.0,1465944877.1816108,383421.9259882851,1260285667.029884,1.1631845981684483,0.6659021406727829,205659210.15172672,0.4794721407624633,0.2997682691408621,1705,1513,0.5298321939092604,792256768.1798819,1.1933274958585436,11714494452.10596,0.0625233296005972,45598913.16818606,2927.0,6329896.371282909,6329896.371282909,6329896.371282909,6329896.371282909,15.660794580921454,1,1,1
2025-08-01 00:00:00.000 UTC,124,123,81,62,62,6664855.474393759,1888.8091107247749,6329896.371282909,1793.9312728480231,0.0663456393793472,0.0093704640504332,53748.83447091741,15.232331538103024,51047.55138131378,14.467187684258253,0.6532258064516129,0.0952012383900928,1.1373487745281712,1.1619375422537206,1,27675436.423843812,10194153.319292633,11352722.025540356,0.8639030952380953,0.8405014285714285,0.4731151573556221,0.410209322508078,0.0234016666666667,0.9729116994768756,0.0270883005231242,0.368346614780385,24.93619256913441,17481283.10455118,1,1869.0,1292.0,690120012.0998057,191445.29696638483,1076041525.613775,0.6413507245514161,0.7089783281733746,-385921513.5139692,0.4748254318265343,0.2292694222310043,2015,1807,0.5272108843537415,-822945698.929165,0.7853014565939653,8609273427.007751,0.1021839310759366,74388167.45863749,3034.0,928329.8571840236,928329.8571840236,928329.8571840236,2706447.7040295484,13.741143475365597,1,0,0
2025-08-02 00:00:00.000 UTC,38,38,25,19,19,979775.1201508448,286.79032894980946,928329.8571840236,271.7718323407288,0.0221316249271986,0.0012211255982969,25783.555793443284,7.547113919731828,24429.733083790095,7.151890324756021,0.6578947368421053,0.0344514959202175,0.0458465748125002,0.0464027727352835,1,68953485.26687516,27541725.02476875,26579502.045499876,0.7399458333333334,0.7164319444444445,0.5088895155501515,0.3854700301605858,0.0235138888888889,0.968222148392994,0.0317778516070058,0.3994246979419854,11.1589362743165,41411760.24210641,1,1717.0,1103.0,769447547.9850817,222558.4597683976,711397398.4782994,1.0816001711996042,0.6863100634632819,58050149.50678237,0.4884853852967227,0.2071962768261889,1782,1528,0.538368580060423,107713421.32872932,1.029871411916154,8800364869.009352,0.0985265009896635,66694432.592284955,2510.0,12910.360189101297,12910.360189101297,496346.91285022366,2706447.7040295484,9.465862837632478,0,0,0
2025-08-03 00:00:00.000 UTC,4,4,4,2,2,14367.459568202365,4.219118083992632,12910.360189101297,3.7912804561493783,0.0013554727211114,9.580046061633176e-06,3591.864892050591,1.054779520998158,3227.590047275324,0.9478201140373446,1.0,0.0027322404371584,3.775003677336868e-05,3.83201842465327e-05,1,69994933.8769144,28551815.648637258,25740879.34049815,0.8285346938775511,0.8055897959183673,0.5258868739956785,0.3677534632115419,0.0229448979591837,0.9723066539895856,0.0276933460104144,0.4079126026298621,19.544040936062935,41443118.22827714,1,2951.0,1464.0,1367983853.0074334,395747.6228984908,711048695.8080072,1.923896156581669,0.4234972677595628,656935157.199426,0.4413626771178776,0.3609049284130753,1791,1156,0.6077366813708857,591214978.5824387,1.1848001757456417,9068671946.60606,0.036654620547238,32301665.73803427,3476.0,496346.91285022366,496346.91285022366,496346.91285022366,2706447.7040295484,13.115032397013003,1,0,0
2025-08-04 00:00:00.000 UTC,10,10,10,5,5,519304.4493294847,143.5853856826405,496346.91285022366,137.2274032476875,0.0043103448275862,0.0004962593354418,51930.44493294847,14.358538568264049,49634.69128502237,13.72274032476875,1.0,0.0074906367041198,0.0049972607746087,0.004962593354418,1,56632195.22873851,22331269.48927887,22130514.859721594,0.851815625,0.8295770833333334,0.5022576087813015,0.3907762143130073,0.0222385416666666,0.973892775603093,0.026107224396907,0.3943210994926552,17.538397765088884,34300925.739459634,1,2320.0,1335.0,993237966.2317848,276523.5703334783,827063828.2613392,1.200920572623492,0.4187265917602996,166174137.97044566,0.4640250260688217,0.2227058621988797,1906,1526,0.5553613053613053,836361403.7192119,1.23081570075122,9903669368.04536,0.0604946524064171,39654412.84253954,3059.0,89236.67771969564,89236.67771969564,241891.34723599156,2706447.7040295484,11.399058625344754,0,0,0
2025-08-05 00:00:00.000 UTC,12,12,12,6,6,93479.009539508,25.601953701481083,89236.67771969564,24.440027110928774,0.007366482504604,0.0001774658851431,7789.917461625667,2.1334961417900904,7436.389809974637,2.0366689259107313,1.0,0.0114503816793893,0.0021428837635451,0.002129590621718,1,135419767.24684048,40491645.796413906,64337317.26828829,0.7620933858166922,0.738153081157194,0.38626391612232,0.4750954648372383,0.0239403046594981,0.9685861272318448,0.0314138727681551,0.2990083842236011,3.690149506121109,94928121.45042658,1,1629.0,1048.0,499719187.22496384,137716.76224538728,543857705.9638311,0.9188417884772924,0.5019083969465649,-44138518.7388672,0.4624889673433363,0.2941455808954024,1476,1167,0.5584562996594779,133350050.38909587,1.0851786447802168,4307994612.784745,0.0618823529411764,35928486.131923065,2427.0,19.298511849657,19.298511849657,2706447.7040295484,2706447.7040295484,3.010547575461916,0,1,0
2025-08-06 00:00:00.000 UTC,2,2,2,1,1,20.646649841338206,0.0057368905685376,19.298511849657,0.0053622978545453,0.0009216589861751,1.5188987970315658e-08,10.323324920669103,0.0028684452842688,9.6492559248285,0.0026811489272726,1.0,0.0017226528854435,3.0058662408027725e-08,3.0377975940631317e-08,1,48144379.80240698,25527229.67506336,14525491.921568165,0.7718455555555555,0.7455844444444445,0.6373407013921927,0.3017069070405173,0.0262611111111109,0.9659762099786804,0.0340237900213196,0.5302224222189923,26.67095515995312,22617150.12734362,1,2170.0,1161.0,1284056594.9137492,353038.5213962257,907024991.7095834,1.4156793987490104,0.5090439276485789,377031603.2041658,0.4823431657665143,0.2177670942237325,1490,1204,0.5530809205642168,152342961.30232,1.026521528236943,13831673636.838568,0.0587555384319013,45911282.43574881,2584.0,241891.34723599156,241891.34723599156,2706447.7040295484,2706447.7040295484,12.396248060033164,0,1,0
2025-08-07 00:00:00.000 UTC,8,8,8,4,4,252994.75640703447,65.89707648282689,241891.34723599156,63.00391552492041,0.0033999150021249,0.0001913958314832,31624.34455087931,8.237134560353361,30236.418404498945,7.875489440615051,1.0,0.0057102069950035,0.0015536553632625,0.0015311666518657,1,96488125.58937016,31092559.484970104,43767461.631966665,0.8085016666666667,0.779195,0.4153426491344595,0.4536046416553915,0.0293066666666667,0.9637518784747918,0.0362481215252081,0.3222423411694453,12.908677832215194,65395566.10440005,1,2353.0,1401.0,1245534127.8674982,329181.23156954104,1109679251.8754723,1.1224271570027256,0.489650249821556,135854875.9920258,0.4861207494795281,0.4357486873245634,2035,1693,0.5458690987124464,645827883.2159129,1.2918930973466334,7426139965.782743,0.0766621438263229,29132972.308221187,3090.0,2706447.7040295484,2706447.7040295484,2706447.7040295484,2706447.7040295484,14.81114789215929,1,1,0
2025-08-08 00:00:00.000 UTC,16,16,16,8,8,2836290.8719754387,701.6881983154815,2706447.7040295484,669.5574611548693,0.0086439762290653,0.0023688748714072,177268.17949846492,43.85551239471759,169152.98150184678,41.84734132217933,1.0,0.012326656394453,0.0388445563516085,0.0379019979425156,1,64743958.943456516,18662821.269594178,31607191.234464984,0.7693114999999999,0.7370598333333334,0.371251574048986,0.4881874965673447,0.0322516666666665,0.9580772331277168,0.0419227668722832,0.2882557936547125,17.218297396864646,46081137.67386234,1,1851.0,1298.0,1114780739.738829,282647.8803235052,1147584489.971769,0.9714149585328158,0.6548536209553159,-32803750.23294045,0.4984639016897081,0.2559676848537397,2042,1981,0.507581406910266,-79374024.70429812,0.9821009404632184,11052063296.887806,0.0687446626814688,124303844.97345953,2804.0,168461.67936881175,168461.67936881175,1079500.1918471856,1804114.3535964813,12.034469516817142,0,0,0
2025-08-09 00:00:00.000 UTC,18,17,17,9,9,176086.43789383996,42.00386887160738,168461.67936881175,40.18498375389512,0.0062565172054223,7.690043358280907e-05,9782.57988299111,2.3335482706448545,9358.982187156207,2.232499097438618,0.9444444444444444,0.0101130279595478,0.0013894919078746,0.0013842078044905,1,25939703.546058413,6790767.762449025,13587393.485855578,0.8290011402027027,0.8044197212837838,0.3332375124381742,0.5238068145894523,0.0245814189189188,0.9703481482390864,0.0296518517609135,0.2617904923389494,84.1303315845215,19148935.783609387,1,2877.0,1681.0,2182315860.5340824,522558.6109423235,1716691095.192099,1.271233867669057,0.570493753718025,465624765.34198296,0.4935408103347035,0.183607742575666,2674,2405,0.5264815908643434,49548220.12710771,1.0041861585319816,27620960197.578377,0.0605154492382172,46898738.1048536,3623.0,1079500.1918471856,1079500.1918471856,1079500.1918471856,1804114.3535964813,13.892009633009744,1,0,0
2025-08-10 00:00:00.000 UTC,10,9,9,5,5,1135836.7368532412,268.02411080012394,1079500.1918471856,254.73483570465217,0.0058651026392961,0.0014366370679492,113583.67368532412,26.80241108001239,107950.01918471856,25.473483570465216,0.9,0.0079295154185022,0.0144239895527188,0.0143663706794923,1,25728743.72930346,5394723.494194883,14467096.57538893,0.8255166666666667,0.7977277777777778,0.2716127462284439,0.5622931584845239,0.0277888888888888,0.9663375798321592,0.0336624201678409,0.2096769104218106,29.08832698302396,20334020.235108577,1,1705.0,1135.0,748406110.4604063,177313.28349217627,699084129.7026774,1.0705522821390692,0.5488986784140969,49321980.75772886,0.5011037527593819,0.3287130531403233,1658,1446,0.5341494845360825,66992642.09137797,1.0303163795524874,5934050329.310045,0.0731057855240861,37281961.096481115,2415.0,5892.875828975651,5892.875828975651,93814.46026023455,1804114.3535964813,8.681669095714955,0,0,0
2025-08-11 00:00:00.000 UTC,16,16,16,8,8,6314.010667668865,1.4874890459686814,5892.875828975651,1.3882336182551136,0.0075187969924812,4.912605254800609e-06,394.625666729304,0.0929680653730425,368.30473931097816,0.0867646011409446,1.0,0.0106524633821571,7.832573316610168e-05,7.860168407680974e-05,1,50466756.51951799,12038492.250906842,27101066.514405157,0.7068116804407714,0.6856377134986226,0.3075786398894238,0.5370082878998541,0.0211739669421487,0.9700429866567222,0.0299570133432778,0.2385430148706101,23.85269254162383,38428264.26861115,1,2128.0,1502.0,1203768026.8330526,282586.0304771137,1495045370.5682983,0.8051715690577839,0.5186418109187749,-291277343.7352456,0.5345195729537366,0.3600753672290201,1867,1768,0.5136176066024759,-65844550.58678456,0.9806847703051624,9450858318.186829,0.0596026490066225,19300114.01738468,2992.0,93814.46026023455,93814.46026023455,1804114.3535964813,1804114.3535964813,11.44908494295042,0,1,0
2025-08-12 00:00:00.000 UTC,20,20,20,10,10,96751.53328317424,21.287359317577984,93814.46026023455,20.637433046660767,0.0074349442379182,4.023813983402046e-05,4837.576664158712,1.0643679658788991,4690.723013011728,1.0318716523330385,1.0,0.0112803158488437,0.0008316274299672,0.0008047627966804,1,21566874.563895177,15255772.086102191,3703604.7516926304,0.7070123455332546,0.6888417447199265,0.8046557762220523,0.1717265401957123,0.0181706008133281,0.9742994575298072,0.0257005424701929,0.7073705576069738,104.6125436564909,6311102.477792986,1,2690.0,1773.0,2256165606.8495474,512882.3830273653,1809304704.88558,1.2469793511050573,0.551043429216018,446860901.9639675,0.5070060051472691,0.1842023740722574,2627,2306,0.5325359821609568,-263271795.156079,0.9789577331021904,28825338507.5925,0.0668220668220668,67154038.63163489,3718.0,59780.396272411184,59780.396272411184,1804114.3535964813,3967545.2770630377,10.998449792413794,0,1,1
2025-08-13 00:00:00.000 UTC,14,14,13,7,7,62663.00003089512,13.388695872654678,59780.396272411184,12.77285476612028,0.0054923499411533,4.27308902220199e-05,4475.928573635366,0.956335419475334,4270.028305172227,0.9123467690085916,0.9285714285714286,0.008284023668639,0.0006020754725082,0.0005982324631082,1,55639167.204678155,14532338.899140565,29201786.284346808,0.8600735116398159,0.8345329200177026,0.3322883180621506,0.5248422604336089,0.0255405916221133,0.9703041760076792,0.0296958239923208,0.2611890081977841,24.983614446203795,41106828.30553759,1,2549.0,1690.0,1390067501.5495455,298913.84662841,1341206382.3612158,1.036430723735678,0.6366863905325444,48861119.18832974,0.4919941775836972,0.1184586483159466,3050,2740,0.5267702936096719,-851037850.3110155,0.9323803569246,27051556425.281063,0.0906278997834828,256113931.48517847,3701.0,1804114.3535964813,1804114.3535964813,1804114.3535964813,3967545.2770630377,14.405580920795725,1,1,1
2025-08-14 00:00:00.000 UTC,32,32,24,16,16,1915783.4791443872,414.99103543817967,1804114.3535964813,390.86739835088434,0.0144079243583971,0.0014905143894906,59868.2337232621,12.968469857443116,56378.57354989004,12.214606198465136,0.75,0.0209150326797385,0.0471751582703964,0.0476964604637008,1,10356419.434291968,2784061.0882292488,5237266.517370339,0.8421830769230769,0.8135951566951567,0.3470823316436709,0.5057024341857772,0.0285879202279202,0.966054981379623,0.033945018620377,0.2688246749654346,118.16559421049944,7572358.34606272,1,2221.0,1530.0,1223772456.3462749,262236.58161693724,1736609270.566136,0.7046907310055555,0.8222222222222222,-512836814.21986127,0.4733910891089108,0.2354231054277926,2579,2512,0.5065802396385779,-258766637.24207503,0.9525803535013628,13615514975.0063,0.1088738417676407,126641161.31621076,3568.0,426439.0427158749,426439.0427158749,426439.0427158749,3967545.2770630377,12.963227056232952,1,0,1
2025-08-15 00:00:00.000 UTC,14,14,9,7,7,447339.2472230243,101.01897047571248,426439.0427158749,96.30267616606584,0.007,0.000273516798482,31952.80337307317,7.215640748265177,30459.931622562493,6.878762583290417,0.6428571428571429,0.0108611326609775,0.0037658921534758,0.0038292351787482,1,69120792.45323125,7224432.868430982,44750579.80652614,0.8861119047619047,0.86165,0.1389981934898478,0.6474257342579721,0.0244619047619046,0.9723941133953308,0.0276058866046693,0.1045189531546416,22.935510345256784,61896359.584800266,1,2000.0,1289.0,1585320650.383432,352090.53593977354,1644745418.6632164,0.9638699292878516,0.65244375484872,-59424768.27978428,0.461676217765043,0.2618259723669273,2182,1881,0.5370415948806301,-785719192.2757977,0.885138566123587,16125513231.026974,0.1067777357061719,170329121.1784809,3045.0,2243.9370909044956,2243.9370909044956,484946.8806153566,3967545.2770630377,7.716432777914913,0,0,1
2025-08-16 00:00:00.000 UTC,10,10,10,5,5,2420.9164923059475,0.5439156103694557,2243.9370909044956,0.5041550387969902,0.00814332247557,3.853292775879016e-06,242.09164923059475,0.0543915610369455,224.39370909044956,0.050415503879699,1.0,0.0114285714285714,3.869070185062616e-05,3.8532927758790165e-05,1,32645492.709732182,6900474.653896702,18391686.029871356,0.9233880952380952,0.902504761904762,0.2728305715029429,0.5633759671940402,0.0208833333333331,0.9773840128099676,0.0226159871900323,0.2113760302303402,17.7656393564034,25745018.05583548,1,1228.0,875.0,579968050.0931984,130837.45983510998,632640212.0033431,0.9167423111734376,0.7348571428571429,-52672161.91014466,0.4274548119198827,0.3165167983740269,1486,1168,0.5599095704596835,-240457263.0042976,0.8839941276550047,5117756012.762425,0.074289208193213,94625495.79249722,2183.0,38069.614417812816,38069.614417812816,3967545.2770630377,3967545.2770630377,10.547197988406088,0,1,1
2025-08-17 00:00:00.000 UTC,28,28,26,14,14,39916.340369612226,8.817892838681894,38069.614417812816,8.409824179411872,0.0190217391304347,7.958490015229736e-05,1425.583584629008,0.3149247442386391,1359.6290863504578,0.300350863550424,0.9285714285714286,0.0289256198347107,0.002236255561915,0.0022283772042643,1,4200678.462694281,887480.9498825986,2357342.9218461155,0.9176875,0.8941395833333333,0.2735066632167569,0.561181471703058,0.0235479166666666,0.974339939612704,0.0256600603872959,0.2112708596395106,113.47380964828348,3313197.512811682,1,1472.0,968.0,476666988.26941496,105671.10297705272,512993262.1060275,0.9291876199553192,0.631198347107438,-36326273.83661255,0.4390022675736961,0.0769806372725834,1790,1461,0.5505998154414027,-229473778.45527604,0.9642648325928485,13603208912.013834,0.1074935400516795,83087020.30772713,2398.0,484946.8806153566,484946.8806153566,3967545.2770630377,3967545.2770630377,13.091796701496348,1,1,1
2025-08-18 00:00:00.000 UTC,48,47,36,24,24,509251.9994503177,117.60523531463777,484946.8806153566,111.99158214948218,0.0255863539445629,0.0004884602742961,10609.416655214953,2.4501090690549536,10103.06001281993,2.3331579614475455,0.75,0.0393964794635373,0.023513155188724,0.0234460931662165,1,19935993.271961045,6321536.587486043,9533423.814836962,0.918420861111111,0.8946365833333333,0.3987103358870475,0.4782015967192984,0.0237842777777776,0.9741030732370306,0.0258969267629693,0.3170916292581699,49.657702103784075,13614456.684475,1,1876.0,1193.0,989975615.0420852,229274.6985634615,851989245.9153866,1.1619578765673793,0.6747694886839899,137986369.12669855,0.4600848438102584,0.1312303370423063,2374,2146,0.5252212389380531,287721314.51044214,1.039652444111254,16641846571.088116,0.120253164556962,208114783.66760075,2908.0,3967545.2770630377,3967545.2770630377,3967545.2770630377,3967545.2770630377,15.19365839535073,1,1,1
2025-08-19 00:00:00.000 UTC,36,35,28,18,18,4200611.6513864305,983.467886155182,3967545.2770630377,928.9260785875516,0.0205362236166571,0.0048679306067043,116683.6569829564,27.3185523931995,110209.59102952882,25.803502182987543,0.7777777777777778,0.0292397660818713,0.1772987570047842,0.1752455018413555,1,13359404.65941675,2614751.313322141,7443021.322885839,0.7826397222222222,0.7526876111111112,0.2599731976351341,0.5571372012928298,0.029952111111111,0.9617293752659714,0.0382706247340286,0.1957236403853565,60.30198335904895,10744653.346094608,1,1753.0,1197.0,805598597.4589498,190825.66158773817,898814116.954616,0.8962905480262134,0.6507936507936508,-93215519.49566604,0.4625193199381762,0.2070444877653027,2244,2040,0.5238095238095238,-314531025.12125504,0.925209164075019,9800832609.449038,0.1060823264386647,95159251.93013816,2889.0,1602.0617552938045,1602.0617552938045,287948.18931024097,3859058.5163075393,7.379670676692073,0,0,0
2025-08-20 00:00:00.000 UTC,2,2,2,1,1,1683.5510109367094,0.4018454680524535,1602.0617552938045,0.3823952100802811,0.0010928961748633,1.5758243185635e-06,841.7755054683547,0.2009227340262267,801.0308776469022,0.1911976050401405,1.0,0.0015936254980079,3.0974474637820245e-06,3.151648637127e-06,1,51722678.608924605,13652535.70344033,26916278.767786633,0.7455145582812249,0.7270839586339587,0.3365278448825085,0.520396071736747,0.0184305996472662,0.975278015107099,0.024721984892901,0.2639564707517801,19.99973732345793,38070142.905484274,1,1830.0,1255.0,1034439985.8441284,242663.6050577436,1096437596.5426483,0.9434554133367786,0.549800796812749,-61997610.698519915,0.4748391978811956,0.219043783882698,2149,1863,0.5356430707876371,158394128.54017788,1.0347041079493915,11417535648.50819,0.1136505298150841,99403085.21706444,2910.0,533.3177542424445,533.3177542424445,287948.18931024097,3859058.5163075393,6.280990707388718,0,0,0
2025-08-21 00:00:00.000 UTC,2,2,2,1,1,574.0224103830686,0.1343707064064524,533.3177542424445,0.1248462236125284,0.0015384615384615,7.757033716792666e-07,287.0112051915343,0.0671853532032262,266.65887712122225,0.0624231118062642,1.0,0.0021030494216614,1.5496829134245472e-06,1.5514067433585333e-06,1,14393785.70809866,3408769.8344094446,7795036.01946469,0.7530270833333333,0.7323208333333333,0.3042510624397097,0.5415556530815111,0.02070625,0.9725026490304408,0.027497350969559,0.2368223276029114,47.81874347229828,10985015.873689216,1,1300.0,951.0,688292746.370803,160945.8308041867,740736261.6969547,0.929200826207686,0.6109358569926393,-52443515.32615175,0.4609791565681047,0.2822896633281969,1371,1215,0.5301624129930395,179489788.65289396,1.0794638558161134,6126039040.597312,0.0752719788297559,37039301.61355561,2236.0,287948.18931024097,287948.18931024097,3859058.5163075393,3859058.5163075393,12.570539317547077,0,1,0
2025-08-22 00:00:00.000 UTC,18,18,17,9,9,298299.65780307027,63.756975540409485,287948.18931024097,61.54901616794274,0.0070671378091872,0.0002517004416172,16572.20321128168,3.5420541966894157,15997.12162834672,3.4193897871079297,0.9444444444444444,0.0125435540069686,0.0046423525011623,0.0045306079491105,1,18513883.094708186,4869108.138275134,9642666.195366858,0.7335569128787879,0.7118337436868687,0.3355281047188903,0.520834346097984,0.0217231691919191,0.970386525148174,0.029613474851826,0.2629976711728761,60.30470897303675,13644774.95643305,1,2547.0,1435.0,1116474331.9872022,244532.80960681415,874212575.3542845,1.2771199631105037,0.5888501742160279,242261756.6329176,0.4977454040929587,0.398214377973096,2958,2773,0.5161402896527657,275466948.6849483,1.1089562381753255,7322623376.232952,0.1214780600461893,72555726.24462731,3197.0,9648.888365043424,9648.888365043424,3859058.5163075393,3859058.5163075393,9.174701625876835,0,1,0
2025-08-23 00:00:00.000 UTC,14,13,12,7,7,10120.274305119394,2.1458848929660137,9648.888365043424,2.045931155098424,0.0091984231274638,1.6490870217807204e-05,722.8767360799567,0.1532774923547152,689.2063117888159,0.1461379396498874,0.8571428571428571,0.0126091173617846,0.0002296975142303,0.0002308721830493,1,103253819.9070572,21199162.186157543,58719662.7104714,0.6661125,0.64623125,0.2652586823389559,0.568692400565202,0.0198812499999999,0.9701533149430464,0.0298466850569535,0.2053111662623207,5.69564476413852,82054657.72089966,1,1522.0,1031.0,588097078.730932,124064.47495349168,421374720.83095104,1.3956629329144483,0.6100872938894277,166722357.899981,0.4333753678015973,0.1982194120337073,1948,1712,0.5322404371584699,751130246.1288121,1.3389929874243895,6192140596.595661,0.0791656790708698,22497032.029552944,2553.0,3859058.5163075393,3859058.5163075393,3859058.5163075393,3859058.5163075393,15.165934063128876,1,1,0
2025-08-24 00:00:00.000 UTC,32,32,25,16,16,4148724.075658712,845.4805025049365,3859058.5163075393,786.4562226360702,0.0186915887850467,0.0041806682219828,129647.62736433477,26.421265703279264,120595.5786346106,24.576756957377192,0.78125,0.0272108843537414,0.1371389448804023,0.1337813831034509,1,10536984.982201127,4231276.6665880745,4364916.693295301,0.8922818027210885,0.868013469387755,0.492226790329607,0.4142472159416032,0.0242683333333334,0.9728019407553476,0.0271980592446524,0.4015642685014229,85.45828587264774,6305708.315613053,1,1712.0,1176.0,900472674.8447399,188117.34892061417,704711536.533644,1.2777890358855364,0.5280612244897959,195761138.31109595,0.4738114423851732,0.0850211398041895,2000,1768,0.5307855626326964,376486434.97376776,1.0368574046575108,22411022005.85156,0.0669887985943334,23776010.97036483,2649.0,2467341.3899623333,2467341.3899623333,2467341.3899623333,2467341.3899623333,14.718652173867683,1,1,0
2025-08-25 00:00:00.000 UTC,62,61,44,31,31,2584713.9726315564,578.4399123075264,2467341.3899623333,552.2220715140384,0.0277653381101656,0.0028053581315656,41688.93504244446,9.329676004960104,39795.828870360216,8.906807605065135,0.7096774193548387,0.0451517394522575,0.1689814300260841,0.1739322041570683,1,32561041.29808585,6976484.93962185,18098095.882125188,0.8143777210884354,0.7831540816326531,0.2782293745692923,0.5558205499769785,0.0312236394557823,0.961659511738544,0.0383404882614558,0.2142586557891185,27.802488351303136,25584556.358464,1,2233.0,1351.0,905277971.396332,196845.48125976825,916106518.2679868,0.9881798168054436,0.537379718726869,-10828546.871654805,0.481811697574893,0.2955423728418583,2490,2252,0.5250948966680725,525136156.2676162,1.2069117993669705,7422462741.783665,0.1246990024079807,85938194.14324427,3139.0,139605.96319650713,139605.96319650713,139605.96319650713,1178251.5736439787,11.8465863476976,0,0,0
2025-08-26 00:00:00.000 UTC,14,14,12,7,7,146984.32115118578,33.52390295528794,139605.96319650713,31.842255596694613,0.0075963103635377,0.0001978027814541,10498.880082227555,2.394564496806282,9971.854514036224,2.2744468283353294,0.8571428571428571,0.0106951871657754,0.0027073998473673,0.0027692389403587,1,46109416.95983863,9852479.679208465,25921650.102085948,0.8428625,0.8157208333333333,0.2754079481301634,0.5621769220084423,0.0271416666666666,0.9677982272711544,0.0322017727288456,0.2136760846008959,15.656330270902655,36256937.28063016,1,1843.0,1309.0,721904260.5219939,160979.81718254325,699671914.1412827,1.0317753877658464,0.4996180290297937,22232346.380711146,0.4900786222388618,0.2823274287841754,1862,1561,0.5439672801635992,-115844017.0189497,0.9566584929647276,6651370781.823802,0.084552495697074,91191172.00360884,2883.0,9403.975221065366,9403.975221065366,1178251.5736439787,1178251.5736439787,9.148994107076197,0,0,0
2025-08-27 00:00:00.000 UTC,12,11,11,6,6,9983.989923271158,2.1678451928026155,9403.975221065366,2.041974476912678,0.0088757396449704,1.5077775677745825e-05,831.9991602725964,0.1806537660668846,783.6646017554472,0.1701645397427231,0.9166666666666666,0.0112936344969199,0.0001813904622611,0.0001809333081329,1,14296021.413851194,4827370.457717637,6603999.594211034,0.8799388888888888,0.85715,0.4222915044993383,0.4619466775429225,0.0227888888888888,0.9741017368630398,0.0258982631369601,0.3376723018224127,43.51741448439076,9468650.956133556,1,1352.0,974.0,622125889.3442885,135429.42411104764,546931132.3159349,1.1374848725651208,0.5359342915811088,75194757.02835354,0.4744276668290307,0.1962677617448267,1409,1255,0.5289039039039038,309274740.57948095,1.108118869697624,7199344966.399711,0.0912503609587063,30164072.775795303,2230.0,130021.36687885044,130021.36687885044,1178251.5736439787,1178251.5736439787,11.775461767552548,0,0,0
2025-08-28 00:00:00.000 UTC,8,8,8,4,4,138249.6853722565,30.13073221240919,130021.36687885044,28.338042253238815,0.0046948356807511,0.0002424124962562,17281.210671532062,3.7663415265511486,16252.670859856304,3.542255281654852,1.0,0.0075973409306742,0.0019585599227906,0.0019392999700501,1,13186648.92024831,12170213.84242923,120938.22525769938,0.885875,0.863375,0.990160546009707,0.0091712629940421,0.0224999999999999,0.9746013828136024,0.0253986171863975,0.922919379747926,40.27480136214135,1016435.0778190792,1,1704.0,1053.0,531089665.8952964,116900.08844792096,523357884.40224606,1.01477341170064,0.5422602089268755,7731781.493050311,0.4897674418604651,0.1372634878664846,1479,1320,0.5284030010718114,319153084.3559684,1.089902974970716,8473545535.474121,0.0958373668925459,66367623.63573627,2316.0,1178251.5736439787,1178251.5736439787,1178251.5736439787,1178251.5736439787,13.97954302907723,1,0,0
2025-08-29 00:00:00.000 UTC,38,38,31,19,19,1246619.2203006474,283.27195085908056,1178251.5736439787,267.7527308510947,0.0233415233415233,0.002194113299193,32805.7689552802,7.454525022607383,31006.62035905207,7.04612449608144,0.8157894736842105,0.0361560418648905,0.0837717191225917,0.0833763053693344,1,50624027.21239748,15967074.76627529,24381078.97777261,0.8733952380952381,0.8481332010582011,0.3957324755815061,0.4816108144751046,0.025262037037037,0.9710760536179128,0.0289239463820872,0.3154050684131479,10.55765597454154,34656952.446122184,1,1628.0,1051.0,534471063.3543217,122032.31754238636,579558264.2472417,0.9222041964124496,0.686964795432921,-45087200.89291998,0.4539956803455723,0.0484716639547764,1714,1474,0.5376411543287327,318790651.59960496,1.0297721678373326,22848166912.7127,0.1056682995101469,114484570.3948992,2564.0,27.33794942568052,27.33794942568052,104599.66651478312,159470.68017272977,3.3442018754584084,0,0,0
2025-08-30 00:00:00.000 UTC,4,4,4,2,2,28.75454531433684,0.0066022998662878,27.33794942568052,0.0062771184562797,0.0038058991436726,9.4761166702207e-08,7.18863632858421,0.0016505749665719,6.83448735642013,0.0015692796140699,1.0,0.0052631578947368,3.783165318397384e-07,3.79044666808828e-07,1,49856774.3943676,11449636.597336896,27362714.406342786,0.8323125,0.8072625,0.2949998209655321,0.5488264080203712,0.02505,0.9699031313358863,0.0300968686641135,0.2296505687826924,5.797575727109331,38407137.7970307,1,1051.0,760.0,289048425.0607516,66241.46445986618,284411386.36425316,1.0163039840133534,0.6223684210526316,4637038.696498496,0.4301075268817204,0.366640961309701,1008,754,0.5720771850170261,-350731720.5570493,0.6920977519100917,2500929843.098323,0.0658273381294964,21087623.328990266,1889.0,115.45017488126123,115.45017488126123,104599.66651478312,159470.68017272977,4.757463498100465,0,0,0
2025-08-31 00:00:00.000 UTC,4,4,3,2,2,121.23986520424592,0.0273114839926485,115.45017488126123,0.0260079087554058,0.0036697247706422,4.66945142221797e-07,30.30996630106148,0.0068278709981621,28.86254372031531,0.0065019771888514,0.75,0.0052015604681404,1.8600696564056524e-06,1.867780568887188e-06,1,61414689.3351833,32355160.934125353,19691629.65929492,0.9165,0.8956166666666667,0.6216552560729014,0.3206338723269249,0.0208833333333332,0.9772140389161666,0.0227859610838333,0.5268309794345846,4.042528766526391,29059528.401057947,1,1090.0,769.0,248270648.32476,55697.99619641862,220510303.1627583,1.1258913745246264,0.6033810143042913,27760345.16200175,0.4248618784530387,0.090542610652314,1452,942,0.606516290726817,-21690869.940282963,0.9921515728815162,5974533889.797482,0.0488888888888888,14080715.814696169,1906.0,104599.66651478312,104599.66651478312,104599.66651478312,159470.68017272977,11.557905202626914,0,0,0
2025-09-01 00:00:00.000 UTC,28,28,18,14,14,111652.45251557491,25.816747494711947,104599.66651478312,24.18910148393759,0.0211480362537764,0.0002024965693521,3987.5875898419617,0.9220266962397125,3735.702375527969,0.8638964815691997,0.6428571428571429,0.0324825986078886,0.0056090688896902,0.0056699039418593,1,96887228.95146362,20983750.060130756,53589859.25368518,0.8005333333333333,0.7693,0.2813830556575084,0.5531158216995907,0.0312333333333333,0.9609843437708194,0.0390156562291805,0.2165791125127824,5.389283405088117,75903478.89133286,1,1324.0,862.0,522152735.15309584,119454.3767399608,465603006.1563067,1.1214548193398153,0.6183294663573086,56549728.99678918,0.4484911550468262,0.2787444160627182,1170,921,0.5595408895265424,32943501.04598423,1.0179012777094385,4701274627.051537,0.0737533592117049,27048778.02945283,2101.0,25.240823111959383,25.240823111959383,159470.68017272977,159470.68017272977,3.2673163321799175,0,0,0
2025-09-02 00:00:00.000 UTC,2,2,2,1,1,26.479087084800007,0.0061288123887952,25.240823111959383,0.0058421977504546,0.0013577732518669,6.28013762239722e-08,13.239543542400003,0.0030644061943976,12.620411555979691,0.0029210988752273,1.0,0.0019743336623889,1.2466404657202114e-07,1.256027524479444e-07,1,116515155.81419146,27969493.777369432,62208593.02211214,0.7920125,0.7581625000000001,0.3101584295036322,0.5339098814004691,0.0338499999999999,0.9572607755559416,0.0427392244440585,0.2400502628342429,3.475440588364909,88545662.03682202,1,1473.0,1013.0,404941501.6763026,93026.58797825116,450689585.6270051,0.8984931415997617,0.5676209279368213,-45748083.95070244,0.4569237708615246,0.0946779871116686,1578,1129,0.5829331363132619,-736206095.3045704,0.853147813284363,10145916415.38015,0.084514721919302,108978256.99635476,2382.0,16.986832653556295,16.986832653556295,159470.68017272977,159470.68017272977,2.8896399709585325,0,0,0
2025-09-03 00:00:00.000 UTC,4,3,3,2,2,17.174476222415368,0.0038420888304884,16.986832653556295,0.0038001076720631,0.0031695721077654,2.8964441065132988e-08,4.293619055603842,0.0009605222076221,4.246708163389074,0.0009500269180157,0.75,0.0032223415682062,1.1738304000346213e-07,1.1585776426053196e-07,1,96477362.81287213,21977555.251850996,52898855.17788755,0.8305720000000001,0.8012499999999999,0.2935177464533236,0.5483032872746572,0.0293220000000001,0.9646966187157764,0.0353033812842236,0.2278001244134206,5.999866998453855,74499807.56102113,1,1262.0,931.0,578851345.2388107,131199.06797157635,575031959.0396409,1.0066420416102584,0.5886143931256713,3819386.199169781,0.4627236580516898,0.2606367728556268,1387,1004,0.5800920117105813,592339015.3176252,1.36371658418808,5003368356.199802,0.0602484472049689,38473978.52069211,2145.0,159470.68017272977,159470.68017272977,159470.68017272977,159470.68017272977,11.97962163166651,0,0,0
2025-09-04 00:00:00.000 UTC,16,14,15,8,8,168417.4545949217,38.16907674080039,159470.68017272977,36.13798048589327,0.0122044241037376,0.0002374772586206,10526.090912182606,2.3855672963000245,9966.91751079561,2.2586237803683296,0.9375,0.0154525386313465,0.0038550603909994,0.003799636137931,1,176216824.12339404,38513470.53388371,97682789.8465483,0.8145264285714287,0.78813,0.2827792071992685,0.5543329380294978,0.0263964285714286,0.9675929133229912,0.0324070866770087,0.2185572843312341,3.755971372931008,137703353.58951032,1,1311.0,906.0,661865346.8362862,152174.48902597657,614980590.8110677,1.0762377816889872,0.6291390728476821,46884756.02521848,0.4301994301994302,0.4709736532600885,1310,1009,0.5648986632169039,5111206.653688893,1.0036503360239233,4082360515.492826,0.0535765175263607,58698273.71263242,2241.0,1004.1263232457418,1004.1263232457418,1004.1263232457418,7353.96433495874,6.912868507366133,0,0,0
2025-09-05 00:00:00.000 UTC,2,2,2,1,1,1056.2621088800586,0.2441818520765371,1004.1263232457418,0.2321299707283427,0.0016,2.125555200170907e-06,528.1310544400293,0.1220909260382685,502.0631616228709,0.1160649853641713,1.0,0.0022883295194508,4.237262834559442e-06,4.251110400341814e-06,1,129363163.76301132,35264290.566324905,66276941.5715952,0.8420500000000001,0.8179528571428571,0.347290355098573,0.5123324108941257,0.0240971428571429,0.971382764851086,0.0286172351489139,0.2725991661036353,3.663720341744694,94098873.19668642,1,1250.0,874.0,473950454.55099463,109209.100149306,507443238.8544936,0.9339969838220608,0.6109839816933639,-33492784.30349903,0.4391959798994975,0.1116294420646699,1080,882,0.5504587155963303,61755927.448840305,1.014760049683206,9411133303.064545,0.0662149676624576,84795749.83875258,2133.0,0.0,0.0,861.1045605695423,7353.96433495874,0.0,0,0,0
2025-09-06 00:00:00.000 UTC,0,0,0,0,0,0.0,0.0,0.0,0.0,0.0,0.0,0.0,0.0,0.0,0.0,0.0,0.0,0.0,0.0,0,54441596.69962443,20305789.801574823,23054733.948629934,0.8658095238095239,0.8439047619047619,0.4683013037055147,0.4234764471702018,0.0219047619047619,0.97470025299747,0.02529974700253,0.3729829952198096,5.846981053792596,34135806.89804961,1,977.0,654.0,318318984.44092155,74134.54145220177,355525563.18966496,0.8953476694757543,0.7232415902140673,-37206578.74874339,0.4255042290175667,0.5194983390992264,1165,807,0.5907707910750507,-70245111.21985984,0.8971503202409628,1969575711.386685,0.0481786133960047,26698036.351116315,1628.0,4.3351266335575005,4.3351266335575005,861.1045605695423,19596.599734079264,1.6743126208464278,0,0,0
2025-09-07 00:00:00.000 UTC,4,4,4,2,2,4.5347955481588595,0.0010536982982709,4.3351266335575005,0.0010072910170372,0.0045766590389016,7.004153541348276e-09,1.1336988870397149,0.0002634245745677,1.0837816583893751,0.0002518227542593,1.0,0.006006006006006,2.8074426183862084e-08,2.8016614165393104e-08,1,91156929.148668,27036010.092284285,43610764.85992493,0.8485714285714285,0.8241071428571428,0.3826927713341971,0.4784141509286699,0.0244642857142857,0.9711700336700336,0.0288299663299663,0.2965875479217954,6.7758097685230885,64120919.05638372,1,874.0,666.0,617662010.9941118,143813.3831719657,638596537.4650543,0.9672179142185092,0.6111111111111112,-20934526.47094251,0.410351201478743,0.2796107676392847,1241,807,0.60595703125,653393998.006397,1.420023614774668,5020877606.308574,0.0324036095159967,7641197.241124559,1688.0,861.1045605695423,861.1045605695423,7353.96433495874,19596.599734079264,6.759376563272114,0,0,0
2025-09-08 00:00:00.000 UTC,6,6,6,3,3,903.7156279807992,0.2099803003128081,861.1045605695423,0.2000805548404003,0.0054298642533936,1.7853461535451003e-06,150.61927133013322,0.0349967167188013,143.51742676159037,0.0333467591400667,1.0,0.0068104426787741,1.0655699059236505e-05,1.0712076921270602e-05,1,131346791.03962842,49606153.045272514,52870272.4640572,0.8394285714285715,0.8147857142857143,0.484073803303729,0.4025242797755584,0.0246428571428571,0.970643294758339,0.029356705241661,0.3776731251112631,3.691524254808827,81740637.9943559,1,1105.0,881.0,484869864.9140951,112068.21402287016,437424873.32681775,1.1084643203447402,0.5437003405221339,47444991.58727737,0.4994331065759637,0.5171926951954187,1046,800,0.5666305525460456,-248849639.57897943,0.7902397940207946,3046151002.694551,0.0518602029312288,13400377.161618806,1870.0,256.6538207063498,256.6538207063498,7353.96433495874,187288.82909703505,5.551616903720561,0,0,0
2025-09-09 00:00:00.000 UTC,2,2,2,1,1,268.24749737891665,0.062558599651992,256.6538207063498,0.0598548129299192,0.0015384615384615,3.226322068008807e-07,134.12374868945832,0.031279299825996,128.3269103531749,0.0299274064649596,1.0,0.0022753128555176,6.396226011331641e-07,6.452644136017614e-07,1,40814544.09546144,19059558.594934884,13052352.787125308,0.878014015935755,0.854310082188343,0.5935354756111714,0.3197966086941229,0.0237039337474119,0.9730027843323784,0.0269972156676214,0.4669795784158789,19.662510998827536,21754985.50052656,1,1300.0,879.0,802516422.1891421,185520.26632251212,708503218.555429,1.1326926980309238,0.6097838452787259,94013203.63371313,0.4623882167280378,0.2869400656597702,947,736,0.5626856803327391,-274205567.62078476,0.9107117195720535,7378842261.068618,0.0482936252414681,47272650.04328047,1993.0,7353.96433495874,7353.96433495874,7353.96433495874,1147055.2844509,8.903130783935914,0,0,0
2025-09-10 00:00:00.000 UTC,6,6,6,3,3,7698.275216424302,1.775943860604387,7353.96433495874,1.6965302478975404,0.005281690140845,1.3882841512492629e-05,1283.0458694040503,0.2959906434340645,1225.660722493123,0.2827550413162567,1.0,0.0071343638525564,8.294571199296201e-05,8.329704907495577e-05,1,112908694.46671528,49850238.38968512,37693884.706023216,0.7879936507936508,0.7614857142857142,0.5694298672131987,0.3338439513808666,0.0265079365079365,0.9663602156169172,0.0336397843830826,0.4415092976243794,4.711415913276821,63058456.07703016,1,1136.0,841.0,531959819.85779285,122203.38655965345,479500557.28367686,1.1094039658082828,0.643281807372176,52459262.574115984,0.4499732477260567,0.4189566072600066,1082,909,0.5434455047714716,218870192.1028522,1.2082781750739304,3332040861.5028553,0.0717284814555633,15282216.004703186,2001.0,1645.2476281950555,1645.2476281950555,19596.599734079264,1147055.2844509,7.40625381232452,0,0,0
2025-09-11 00:00:00.000 UTC,2,2,2,1,1,1726.512976212313,0.3904853858779543,1645.2476281950555,0.3721068811006409,0.001573564122738,2.846991296673579e-06,863.2564881061566,0.1952426929389771,822.6238140975278,0.1860534405503204,1.0,0.002127659574468,5.6963366333572525e-06,5.693982593347159e-06,1,77159062.65117864,35429666.53206773,23890848.72660721,0.8659418367346939,0.838097619047619,0.5972582398782612,0.3096311425478711,0.0278442176870749,0.9678451640677505,0.0321548359322495,0.4591769950892025,7.486497421094968,41729396.11911091,1,1271.0,940.0,577651123.552154,130701.79790693778,664410506.781324,0.8694190077615299,0.5957446808510638,-86759383.22917002,0.4457088667614983,0.4106147152999729,1107,802,0.5798847564169722,-328253025.6088879,0.8108105143468067,4383906580.577377,0.0521927115503397,30682074.447495896,2218.0,57.46091991730858,57.46091991730858,19596.599734079264,1147055.2844509,4.068358495401041,0,0,0
2025-09-12 00:00:00.000 UTC,2,2,2,1,1,61.77075167990105,0.013737703885184,57.46091991730858,0.0127791807194783,0.0012484394506866,6.186799563811738e-08,30.885375839950527,0.006868851942592,28.73045995865429,0.0063895903597391,1.0,0.0018214936247723,1.217269316125259e-07,1.2373599127623477e-07,1,33093687.425682507,20313307.435786217,7120991.274488474,0.8280724489795919,0.7961565306122449,0.7404347255349552,0.2151767248808362,0.0319159183673469,0.9614575772848428,0.0385424227151572,0.6138121501692188,28.527961172315067,12780379.98989629,1,1602.0,1098.0,944095429.928602,206555.596115109,694798062.9531407,1.358805500861442,0.5346083788706739,249297366.97546136,0.4465229768198455,0.5454645325375022,1415,1109,0.5606180665610143,561146732.8419913,1.479750695517992,4539366622.05596,0.0618708568622636,39454169.15214206,2637.0,19596.599734079264,19596.599734079264,187288.82909703505,1147055.2844509,9.883162375172482,0,0,0
2025-09-13 00:00:00.000 UTC,12,12,12,6,6,20537.49926502043,4.398767720208248,19596.599734079264,4.197194121759399,0.0094191522762951,3.192681971499638e-05,1711.4582720850358,0.3665639766840207,1633.0499778399387,0.3497661768132832,1.0,0.0136054421768707,0.0003816411039696,0.0003831218365799,1,59508591.58550471,26875229.556830965,19602070.91772009,0.8304199999999999,0.79942,0.5782442027059354,0.3293990060167182,0.0309999999999999,0.9626694925459408,0.0373305074540593,0.4516193181654347,10.354452805032013,32633362.028673746,1,1274.0,882.0,616178903.0660336,131462.95682522774,743766436.2884878,0.8284575277971185,0.6394557823129252,-127587533.22245422,0.4312958435207824,0.6751759827985836,1182,875,0.574623237724842,-212311649.8540219,0.8112670165815421,3397496389.792643,0.0566538802006491,74772126.63898477,2166.0,0.0,0.0,1147055.2844509,1147055.2844509,0.0,0,0,0
2025-09-14 00:00:00.000 UTC,0,0,0,0,0,0.0,0.0,0.0,0.0,0.0,0.0,0.0,0.0,0.0,0.0,0.0,0.0,0.0,0.0,0,81180474.72063787,36092376.53957452,27170179.303264532,0.8001944444444445,0.7654722222222222,0.5705172049835854,0.3346885984193102,0.0347222222222223,0.956607768945048,0.043392231054952,0.4445943025558465,4.716310102161988,45088098.181063354,1,1006.0,768.0,382872293.02325034,82357.9921560042,403385394.41788447,0.9491476347966538,0.5546875,-20513101.394634105,0.4429065743944637,0.5117266849726851,985,722,0.5770357352079672,-78495820.44444045,0.9050483651458018,2361147205.0158596,0.0536456365697015,8687560.461554168,1846.0,187288.82909703505,187288.82909703505,1147055.2844509,1147055.2844509,12.140412584218998,0,0,0
2025-09-15 00:00:00.000 UTC,12,12,11,6,6,195090.32182613964,42.93125537420374,187288.82909703505,41.21502250764752,0.0092165898617511,0.0002276703824121,16257.52681884497,3.577604614516978,15607.40242475292,3.4345852089706264,0.9166666666666666,0.0132743362831858,0.002735233435426,0.0027320445889457,1,218446815.0671375,104574334.97241426,64856151.680227645,0.7980777777777778,0.7689111111111111,0.6172108517093943,0.2968967602493757,0.0291666666666666,0.963453854400156,0.036546145599844,0.4787175997062459,3.761430197281535,113872480.09472324,1,1302.0,904.0,821672446.693506,181029.35511847443,959116986.2670382,0.8566967934657506,0.5907079646017699,-137444539.57353213,0.4544997486173956,0.2884628008461031,1049,852,0.551814834297738,-132063671.53949334,0.9556909993532506,7609757137.07146,0.0623052959501557,127357962.540381,2103.0,1147055.2844509,1147055.2844509,1147055.2844509,14223327.583033329,13.952709465919684,1,0,1
2025-09-16 00:00:00.000 UTC,6,6,5,3,3,1204051.506630534,270.08306119823123,1147055.2844509,257.30072794359904,0.0049627791563275,0.0018557281157226,200675.251105089,45.01384353303854,191175.88074181668,42.883454657266505,0.8333333333333334,0.0066889632107023,0.0110391910304785,0.0111343686943361,1,84642345.59756072,48431528.529888414,19665879.970991895,0.7452916666666667,0.7174675925925925,0.7112095687057215,0.2323409143751167,0.0278240740740741,0.9626668654454196,0.0373331345545804,0.572190293026144,7.365642934759844,36210817.067672305,1,1209.0,897.0,623445294.8321741,138652.16879758105,647310383.995775,0.963131922870935,0.6142697881828316,-23865089.163600907,0.4273463554073368,0.0513854603896222,1193,903,0.5691793893129771,-974747617.745906,0.9256341649902624,26510939087.359688,0.0596590909090909,18944869.04008336,2226.0,22.066284945916713,22.066284945916713,123858.91625727642,14223327.583033329,3.138372025231159,0,0,1
2025-09-17 00:00:00.000 UTC,2,2,2,1,1,22.952655658945822,0.0050137818849981,22.066284945916713,0.0048199486454898,0.0015015015015015,3.4805548211791684e-08,11.476327829472911,0.002506890942499,11.033142472958357,0.0024099743227449,1.0,0.0020811654526534,7.078275645356524e-08,6.961109642358335e-08,1,118953421.1542232,59310082.23160225,36265650.45682023,0.8225357142857143,0.7928928571428572,0.620555872953164,0.304872698110984,0.029642857142857,0.963961616951066,0.0360383830489339,0.4985992135081737,5.241490578402877,59643338.92262095,1,1332.0,961.0,623493236.2486504,138482.19301590722,437419517.4689733,1.4253896119138665,0.6139438085327783,186073718.77967712,0.434841628959276,0.2425148259296984,1302,1015,0.5619335347432024,606806344.4651935,1.3089421021766157,5596004302.368392,0.0645803698435277,20454341.517960772,2373.0,123858.91625727642,123858.91625727642,123858.91625727642,14223327.583033329,11.726906498383933,0,0,1
2025-09-18 00:00:00.000 UTC,6,6,6,3,3,128808.01649842924,27.99163374744564,123858.91625727642,26.916145681115623,0.0033094318808604,8.880856709680422e-05,21468.002749738207,4.66527229124094,20643.15270954607,4.486024280185937,1.0,0.0054151624548736,0.0005336093890274,0.0005328514025808,1,141320532.08897632,73510433.60506047,37975116.69589583,0.8321305555555556,0.8027787037037037,0.6593718504919996,0.2687162023419672,0.0293518518518518,0.9647268668889876,0.0352731331110124,0.5201681066327845,9.854845037679466,67810098.48391585,1,1813.0,1108.0,1392691944.37927,303080.5085704868,1174752596.138311,1.1855193586780548,0.6200361010830325,217939348.24095953,0.4444444444444444,0.4994808759789882,1330,1088,0.5500413564929694,370478902.7653004,1.153229761105497,7773523265.307401,0.0447629547960308,17686841.244551357,2640.0,1796.8256604377546,1796.8256604377546,1796.8256604377546,14223327.583033329,7.494333247281266,0,0,1
2025-09-19 00:00:00.000 UTC,6,6,6,3,3,1922.305633291524,0.4268177821201235,1796.8256604377546,0.3989708304344788,0.0042918454935622,3.00267993403306e-06,320.384272215254,0.0711362970200205,299.4709434062924,0.0664951384057464,1.0,0.0062434963579604,1.7926633342498032e-05,1.801607960419836e-05,1,174320177.096621,156210676.1468894,4111025.451230114,0.8684510416666666,0.843503125,0.974357648339242,0.0235831876705327,0.0249479166666666,0.971273087981116,0.0287269120188841,0.89611356957437,3.449934082982394,18109500.94973162,1,1398.0,961.0,601393120.3171598,132871.58112073562,639635629.8946071,0.9402120398081192,0.5900104058272633,-38242509.57744731,0.4471847370870172,0.498928818096662,1257,1052,0.5443915114768298,-180460751.03498787,0.8697814029698103,3832226658.548606,0.0478235967926689,13366830.65779918,2284.0,0.0,0.0,14223327.583033329,14223327.583033329,0.0,0,1,1
2025-09-20 00:00:00.000 UTC,0,0,0,0,0,0.0,0.0,0.0,0.0,0.0,0.0,0.0,0.0,0.0,0.0,0.0,0.0,0.0,0.0,0,187314467.2493893,84861688.43834406,61136162.50889315,0.8344,0.8110666666666667,0.581252997134955,0.3263824914681942,0.0233333333333333,0.9720357941834452,0.0279642058165547,0.4530439622976892,3.366438041649412,102452778.81104524,1,1041.0,753.0,630582548.299637,140701.8179207235,522593564.0396886,1.2066404787406588,0.549800796812749,107988984.2599484,0.406807131280389,0.1760930368256077,1021,825,0.5530877573131094,1169061268.2249148,1.4847052975626494,7146039695.511336,0.0369466713140467,9563026.309395997,1932.0,0.0,0.0,14223327.583033329,14223327.583033329,0.0,0,1,1
2025-09-21 00:00:00.000 UTC,0,0,0,0,0,0.0,0.0,0.0,0.0,0.0,0.0,0.0,0.0,0.0,0.0,0.0,0.0,0.0,0.0,0,161713437.84306967,73316548.8871601,52505430.24398652,0.824975,0.8008083333333333,0.5827006489123882,0.3246819246705951,0.0241666666666666,0.9707061830156468,0.029293816984353,0.4533732623896606,2.0239196986762154,88396888.95590958,1,1398.0,881.0,327295012.3912405,73043.6931002572,349290184.9199814,0.9370289418988976,0.5482406356413166,-21995172.528740913,0.4090064995357474,0.7098469502975391,1253,818,0.6050217286335103,-8976803.740358632,0.9809026558568812,1607718565.2350335,0.031316348195329,18416688.955181077,2238.0,14223327.583033329,14223327.583033329,14223327.583033329,14223327.583033329,16.47039403251664,1,1,1
2025-09-22 00:00:00.000 UTC,238,227,107,119,119,15116259.173498616,3589.5226248043596,14223327.583033329,3377.3965073737795,0.0998741082668904,0.0141567389898951,63513.694006296704,15.082027835312434,59761.880600980374,14.190741627620922,0.4495798319327731,0.1483660130718954,3.376936601245601,3.369303879595048,1,137379669.81717324,75176532.41466379,35360520.37234257,0.8374892592592593,0.8131374074074074,0.6801025585467826,0.2573926725795806,0.0243518518518519,0.970922789059539,0.029077210940461,0.5472173030748273,7.296805904143165,62203137.40250945,1,2383.0,1530.0,1002432785.8311882,238571.64490950268,1238941548.4775114,0.809104180147191,0.6803921568627451,-236508762.6463233,0.4525288376220053,0.3143939378484025,1898,1522,0.5549707602339181,-950057933.8052516,0.7704352773881237,9568354117.762024,0.074735987002437,60669516.21724555,3697.0,7335.886052795184,7335.886052795184,3511678.806239956,3511678.806239956,8.900669788103437,0,1,0
2025-09-23 00:00:00.000 UTC,18,18,17,9,9,7678.323893623958,1.8367150000103496,7335.886052795184,1.7547936331328196,0.0099228224917309,8.06760590665794e-06,426.5735496457754,0.1020397222227972,407.549225155288,0.0974885351740455,0.9444444444444444,0.0154373927958833,0.0001450979456738,0.0001452169063198,1,124840958.79589556,61709350.77895242,35121476.26707191,0.7987935064935066,0.7673266233766233,0.6372903409120069,0.2813297543195944,0.0314668831168832,0.960606986835666,0.039393013164334,0.4943037235066578,7.289650771624668,63131608.01694314,1,1814.0,1166.0,910046991.6168636,217511.07496272767,959438548.783771,0.9485203536698432,0.6655231560891939,-49391557.16690751,0.4436834094368341,0.6723803675370598,1432,1193,0.5455238095238095,-310323807.8704593,0.813484271117224,4886750346.41588,0.0458081244598098,25176870.668995537,2784.0,201348.84594920112,201348.84594920112,3511678.806239956,3511678.806239956,12.212799201189668,0,1,0
2025-09-24 00:00:00.000 UTC,10,10,10,5,5,210555.24204874423,50.55541588814046,201348.84594920112,48.34324726209862,0.0059066745422327,0.0001857586396763,21055.524204874426,5.055541588814046,20134.884594920113,4.8343247262098625,1.0,0.0086281276962899,0.0018528178411569,0.0018575863967639,1,77572665.35918136,40826811.146641195,19675918.565750536,0.8466366666666666,0.8204633333333333,0.6747928786141916,0.2536449982045348,0.0261733333333332,0.9690855187782244,0.0309144812217755,0.5263040912362954,14.009018439247374,36745854.212540165,1,1693.0,1159.0,1086716899.3983376,260247.63825960472,1305859959.4893498,0.832184869059997,0.6945642795513374,-219143060.09101212,0.4474903474903475,0.4034227199002767,1510,1168,0.5638536221060493,615411130.5823796,1.29610829110708,7164650596.123197,0.0513574660633484,44909273.54126821,2763.0,3511678.806239956,3511678.806239956,3511678.806239956,3511678.806239956,15.071605058236807,1,1,0
2025-09-25 00:00:00.000 UTC,194,193,83,97,97,3715219.779838203,928.2107373125842,3511678.806239956,877.3577311736146,0.0741023682200152,0.0015742251514568,19150.617421846408,4.78459142944631,18101.437145566782,4.522462531822756,0.4278350515463917,0.1056955093099671,0.3043484238336865,0.3053996793826323,1,15452765.962772563,8600321.792498615,3606910.553545334,0.8398829632173382,0.8130727716727716,0.7045267550171402,0.2334152061989927,0.0268101915445666,0.9680786577193268,0.0319213422806731,0.55655549389784,144.85691518386463,6852444.170273948,1,2618.0,1826.0,2238440008.4254556,557326.714264261,3638909559.775695,0.6151403247745005,1.0772179627601317,-1400469551.3502395,0.4490900147565174,0.1763596757891778,2558,2606,0.4953524399690163,315596792.77125597,1.025498910020865,30946694071.208973,0.0797865243495663,70547749.44210534,4448.0,49.7818868350691,49.7818868350691,12661.387577550164,12661.387577550164,3.927539732637607,0,0,0
2025-09-26 00:00:00.000 UTC,8,8,8,4,4,52.128565136417336,0.0132493238955573,49.7818868350691,0.0126525806865119,0.0043360433604336,4.285885329403011e-08,6.516070642052167,0.0016561654869446,6.222735854383638,0.0015815725858139,1.0,0.006083650190114,3.4078958129967913e-07,3.428708263522409e-07,1,137792814.7087518,70274091.82814808,36096924.808263704,0.7537642857142857,0.727225,0.6606507491448813,0.2619652184662938,0.0265392857142856,0.9647910013551037,0.0352089986448964,0.5099982315963583,8.481027270473394,67518722.88060372,1,1845.0,1315.0,1168624619.2202115,295215.10059333063,1767275525.1561372,0.6612577397160324,0.8920152091254753,-598650905.9359256,0.4581881533101045,0.5625045093288632,2177,2022,0.5184567754227197,-1112620409.9150722,0.6512335160584145,8203597001.996788,0.0908904390644234,103579299.39237931,3160.0,12661.387577550164,12661.387577550164,12661.387577550164,12661.387577550164,9.446391270140442,0,0,0
2025-09-27 00:00:00.000 UTC,4,4,4,2,2,13979.150822708414,3.477692358831048,12661.387577550164,3.1498496086220396,0.0034013605442176,1.9418622490767015e-05,3494.7877056771035,0.869423089707762,3165.346894387541,0.7874624021555099,1.0,0.0046620046620046,7.777353663086357e-05,7.767448996306806e-05,1,116354217.91960926,59228331.40802917,31314339.07179587,0.7926638888888888,0.7717555555555555,0.6541482716839745,0.2691293846642618,0.0209083333333333,0.9736226998272351,0.0263773001727648,0.5090346741787293,5.596639262084094,57125886.511580095,1,1176.0,858.0,651192584.3179739,162207.6751386305,660201761.1182026,0.986353903714268,0.7750582750582751,-9009176.800228776,0.4285714285714285,0.8107125732197921,1336,1137,0.5402345329559239,-83333968.855035,0.9060039469130589,3001197994.9863677,0.0527821939586645,25443800.427968316,2120.0,5.4589319913645395,5.4589319913645395,309.0169901943706,4790.253803033161,1.8654639777124344,0,0,0
2025-09-28 00:00:00.000 UTC,2,1,1,1,1,5.704583930975946,0.0014264113546897,5.4589319913645395,0.0013649869422868,0.001787310098302,1.504176463853356e-08,2.852291965487973,0.0007132056773448,2.7294659956822698,0.0006824934711434,0.5,0.001207729468599,2.9840074435670376e-08,3.008352927706712e-08,1,60814983.35609184,30526670.68457602,16503490.90678058,0.8153525,0.7812368749999999,0.649087089043435,0.2713721191066876,0.034115625,0.9581584345421152,0.0418415654578848,0.5019596980867735,6.01626815308931,30288312.671515822,1,1119.0,828.0,365879247.5959118,90746.4632700086,553509040.7161449,0.6610176540613092,0.7584541062801933,-187629793.12023315,0.4218033622007132,0.4328533039264619,1205,1038,0.5372269282211324,-129994327.97766344,0.8667090418099411,2739928786.444732,0.0623541180393464,35104618.27271131,2091.0,0.0,0.0,309.0169901943706,4790.253803033161,0.0,0,0,0
2025-09-29 00:00:00.000 UTC,0,0,0,0,0,0.0,0.0,0.0,0.0,0.0,0.0,0.0,0.0,0.0,0.0,0.0,0.0,0.0,0.0,0,110788769.49482012,56889868.54870844,28939167.52217849,0.8083402777777778,0.7787738888888889,0.6628277696340736,0.261210298247166,0.0295663888888889,0.9634233382874716,0.0365766617125283,0.5134985144082523,5.4722407686189,53898900.94611168,1,1436.0,1090.0,606262821.1346766,146448.61197754042,839864088.2240199,0.7218582502041282,0.5458715596330275,-233601267.08934337,0.4972627737226277,0.4024350917209132,1133,1038,0.5218793182865039,-81784335.38822424,0.9485072944427028,4540883192.805153,0.0696459663377829,19866693.30492433,2367.0,309.0169901943706,309.0169901943706,309.0169901943706,4790.253803033161,5.7366271030559535,0,0,0
2025-09-30 00:00:00.000 UTC,4,4,4,2,2,321.71609556105017,0.077409388471214,309.0169901943706,0.0743758718592004,0.0026472534745201,4.308789225744969e-07,80.42902389026254,0.0193523471178035,77.25424754859264,0.0185939679648001,1.0,0.003831417624521,1.725923573623469e-06,1.7235156902979875e-06,1,133078306.89603424,95288279.85788932,17878658.164901886,0.769765451388889,0.7392694444444444,0.8420151814896571,0.134346901323815,0.0304960069444445,0.960382728414973,0.039617271585027,0.716031651442125,5.381626113757112,37790027.03814492,1,1511.0,1044.0,716177691.5662811,172614.31915677234,707014668.6428511,1.0129601595692757,0.6015325670498084,9163022.923429936,0.4788990825688073,0.4608212976954465,1189,998,0.5436671239140375,112517761.10520504,1.0780497737290948,4418941057.91503,0.065198983911939,20883477.304170255,2348.0,82.7065797881765,82.7065797881765,96.69976616416078,584362.7673291772,4.427317585972925,0,0,0
2025-10-01 00:00:00.000 UTC,2,2,2,1,1,86.02041933381479,0.0199264599126538,82.7065797881765,0.019158815902171,0.0012602394454946,9.445657133856493e-08,43.01020966690739,0.0099632299563269,41.35328989408825,0.0095794079510855,1.0,0.0016722408026755,1.909735514192419e-07,1.889131426771299e-07,1,44715583.185150765,23839579.324214343,10542970.829571528,0.7458354545454546,0.7124166666666667,0.6933627441124917,0.2357784485537618,0.0334187878787879,0.9551928140783348,0.0448071859216653,0.5331380611878285,19.37037076318217,20876003.860936426,1,1587.0,1196.0,866157425.1882845,202832.0066107333,809216849.9294269,1.0703650390668749,0.5811036789297659,56940575.258857645,0.4853896103896103,0.4297804259297867,1328,1158,0.5341914722445696,-200501657.23321056,0.9095148027251648,5906573344.009166,0.065785997357992,17928933.282374706,2637.0,0.0,0.0,4790.253803033161,584362.7673291772,0.0,0,0,0
2025-10-02 00:00:00.000 UTC,0,0,0,0,0,0.0,0.0,0.0,0.0,0.0,0.0,0.0,0.0,0.0,0.0,0.0,0.0,0.0,0.0,0,40523212.38193321,21792320.632025484,9377055.11125454,0.8009170370370371,0.7674812962962964,0.6991580714196308,0.231399599391957,0.0334357407407407,0.9582531783011696,0.0417468216988303,0.537773768442438,15.198561205371014,18730891.74990773,1,1776.0,1354.0,615894523.6250604,139162.0201502209,581463457.2976074,1.0592144973090378,0.53397341211226,34431066.32745297,0.4941605839416058,0.3301650056507305,1608,1422,0.5306930693069307,-35145585.64643039,0.9815077725930788,4963332170.95846,0.0605646630236794,21716064.34612401,2922.0,96.69976616416078,96.69976616416078,4790.253803033161,1311094.9947083185,4.5818991656391255,0,0,0
2025-10-03 00:00:00.000 UTC,4,3,3,2,2,101.8669929799159,0.0225219716283797,96.69976616416078,0.021380007607645,0.0025348542458808,1.3619215630590136e-07,25.466748244978977,0.0056304929070949,24.17494154104019,0.0053450019019112,0.75,0.0025929127052722,5.476226299846056e-07,5.447686252236054e-07,1,42819893.636004165,22480932.039307684,10598192.689500172,0.81533,0.7776466666666667,0.6796108489451522,0.2475062824674771,0.0376833333333332,0.9537814954272096,0.0462185045727905,0.5250113937790142,16.495232617818072,20338961.59669648,1,1578.0,1157.0,706324106.1961164,156984.13320972273,571900449.9304924,1.235047299371703,0.6784788245462403,134423656.26562405,0.4691808596918086,0.4203306281180523,1370,1285,0.5160075329566854,10339623.85304923,1.006191163122339,4628687400.361806,0.0697614107883817,48147455.1162753,2643.0,4790.253803033161,4790.253803033161,4790.253803033161,122082771.9029602,8.474547410439957,0,0,1
2025-10-04 00:00:00.000 UTC,4,4,4,2,2,4973.209363375912,1.1066538426988486,4790.253803033161,1.0659371106898747,0.0035746201966041,1.5865518592678086e-05,1243.302340843978,0.2766634606747121,1197.5634507582902,0.2664842776724687,1.0,0.0047562425683709,6.350107476782685e-05,6.346207437071234e-05,1,42650630.400573514,39344981.97521514,305014.4853953255,0.8558333333333333,0.8191666666666667,0.9923073262894654,0.0071514648794317,0.0366666666666666,0.9571567672833496,0.0428432327166503,0.9224947346777336,7.074764454266809,3305648.4253583774,1,1119.0,841.0,301743163.91004884,67185.77173908474,435628254.6143976,0.6926620592531147,0.6420927467300832,-133885090.70434876,0.4506966773847802,0.2963639499670337,1084,922,0.5403788634097707,19596182.08846405,1.0196245489697615,2754076641.8101077,0.0675675675675675,12225620.49998868,1991.0,4381.513569042528,4381.513569042528,584362.7673291772,122082771.9029602,8.385377712978281,0,0,1
2025-10-05 00:00:00.000 UTC,2,1,1,1,1,4578.681679649441,1.014198251920181,4381.513569042528,0.9705246429858192,0.0014194464158978,8.93464059508941e-06,2289.3408398247207,0.5070991259600905,2190.756784521264,0.4852623214929096,0.5,0.0009505703422053,1.775588015093779e-05,1.786928119017882e-05,1,50276560.356126495,42061667.70280872,3370945.067302425,0.8857075,0.85981,0.9258034072493388,0.067048044723522,0.0258975,0.9707606630857252,0.0292393369142747,0.8366059134688449,9.81626770331223,8214892.653317772,1,1409.0,1052.0,493528175.6574725,108624.9225871751,624044238.482403,0.7908544702818999,0.5836501901140685,-130516062.82493046,0.4320328542094456,0.2728901079800506,1491,1185,0.5571748878923767,-180611063.6598782,0.909201184202586,4915230495.814429,0.0721649484536082,29314262.6939703,2608.0,1655.634436828335,1655.634436828335,584362.7673291772,122082771.9029602,7.412543375602537,0,0,1
2025-10-06 00:00:00.000 UTC,4,4,4,2,2,1739.4810697863284,0.3713354864507108,1655.634436828335,0.3534351959891471,0.002301495972382,3.1066618051272067e-06,434.8702674465821,0.0928338716126777,413.90860920708377,0.0883587989972867,1.0,0.0031847133757961,1.2597905532844812e-05,1.2426647220508828e-05,1,90850011.32369372,40333484.1848952,29900651.03956309,0.8360107142857143,0.8066380952380953,0.5742718132144026,0.3291210491215975,0.029372619047619,0.9648657385058576,0.0351342614941423,0.4439568426820461,5.786302166480312,50516527.13879852,1,1738.0,1256.0,525685617.3470499,113766.87201865386,447746402.40913874,1.1740699970308022,0.4888535031847134,77939214.93791115,0.4799388612915552,0.3376864993292605,1369,1269,0.5189537528430629,364844507.761769,1.3061078394392884,3722041075.528692,0.0678087080656673,38602921.85577312,2782.0,584362.7673291772,584362.7673291772,1311094.9947083185,122082771.9029602,13.278278957157658,1,0,1
2025-10-07 00:00:00.000 UTC,26,25,22,13,13,616430.7772975609,136.61444631532044,584362.7673291772,129.51087837043332,0.0160791589363017,0.0008592071277273,23708.87604990619,5.254401781358478,22475.4910511222,4.981187629632051,0.8461538461538461,0.0213492741246797,0.0218184487121965,0.0223393853209115,1,42386177.25937872,23319001.173771966,10595996.285071496,0.8507750000000001,0.81975,0.6875719569806853,0.2499870705543972,0.031025,0.963533249096412,0.0364667509035879,0.5501557979874727,16.428872755343516,19067176.08560675,1,1617.0,1171.0,696357112.7797679,150733.01208870788,576103176.9142792,1.2087368038995934,0.6114432109308283,120253935.86548872,0.470281124497992,0.4106321414805954,1413,1284,0.5239154616240267,332008304.20488524,1.2434419272807231,4332086699.074652,0.0867136264270099,46515006.88037676,2724.0,4703.277620469351,4703.277620469351,122082771.9029602,122082771.9029602,8.456227505793892,0,1,1
2025-10-08 00:00:00.000 UTC,6,5,4,3,3,4941.164754509,1.1107960019292509,4703.277620469351,1.0573184351348812,0.0045731707317073,6.7622222904906426e-06,823.5274590848334,0.1851326669882085,783.8796034115585,0.1762197391891468,0.6666666666666666,0.0049701789264413,4.013503163131459e-05,4.057333374294385e-05,1,56928158.22290861,26797466.946733467,17359261.960865583,0.8187769230769231,0.7852925574425574,0.6068716503618052,0.3049327872666008,0.0334843656343656,0.9591044096497822,0.0408955903502178,0.4707242915150174,12.350971567337997,30130691.27617514,1,1312.0,1006.0,703118063.592063,156356.6516619444,650564618.6779082,1.0807812835271535,0.5437375745526839,52553444.91415481,0.4644506001846722,0.4759476768202184,1275,1064,0.5451047456177853,-850897096.3035724,0.6345255016609633,5159182134.402059,0.083233173076923,33097026.32680275,2319.0,1311094.9947083185,1311094.9947083185,122082771.9029602,122082771.9029602,14.086373982573452,1,1,1
2025-10-09 00:00:00.000 UTC,28,28,23,14,14,1378016.4136736435,317.31024058864523,1311094.9947083185,301.9030012507422,0.0201874549387166,0.0031937616240108,49214.87191691584,11.332508592451616,46824.8212395828,10.782250044669365,0.8214285714285714,0.028169014084507,0.0887387792774924,0.0894253254723043,1,4469453.431454307,3443457.1006574314,445864.1412467833,0.8939444444444445,0.8668712121212122,0.8853619658764705,0.0997580908012066,0.0270732323232323,0.9697148603680203,0.0302851396319795,0.7704425504075497,92.5602084608062,1025996.330796876,1,1387.0,994.0,413693541.3212763,94528.97141133496,711311790.9408909,0.581592413608189,0.6569416498993964,-297618249.6196146,0.4713134186818397,0.3778516046433656,1355,1245,0.5211538461538462,-447588392.5303871,0.7098190034920875,3762308079.515171,0.1066282420749279,45941977.8416793,2338.0,122082771.9029602,122082771.9029602,122082771.9029602,122082771.9029602,18.620209839060948,1,1,1
2025-10-10 00:00:00.000 UTC,1584,1151,288,792,792,147779564.578306,38016.83810628563,122082771.9029602,31455.219472382443,0.9542168674698795,0.1931653288973302,93295.17965802146,24.000529107503553,77072.45700944457,19.85809310125154,0.1818181818181818,0.90558615263572,288.02538197552065,305.9738809733711,1,8308828.04735897,3778641.524194388,2641777.4573741076,0.7243146150793651,0.6964045317460318,0.5885350372058232,0.3179482644623773,0.0279100833333333,0.9614669057447154,0.0385330942552846,0.4547743078394143,80.80514727889403,4530186.5231645815,1,1660.0,1271.0,671396074.0818471,162840.91794289483,859909548.978025,0.7807752279059813,0.8048780487804879,-188513474.89617783,0.4746079163554891,0.5346040151500778,1782,1795,0.4981828347777467,-490690595.4308983,0.7190540899870754,4533747178.286192,0.1288958147818343,129066979.30451275,3054.0,447734.09767107654,447734.09767107654,14350743.285139,14350743.285139,13.01195703666908,1,1,1
2025-10-11 00:00:00.000 UTC,220,218,117,110,110,473346.80139615334,126.69365559606555,447734.09767107654,119.84361221966404,0.1032379164711403,0.0008013639846941,2151.576369982515,0.5758802527093889,2035.1549894139844,0.5447436919075638,0.5318181818181819,0.1437994722955145,0.1730695358033872,0.176300076632711,1,73841359.13898325,36956880.02995631,19984369.467519823,0.8307453282828283,0.8021888888888888,0.6490352838427683,0.2706392420256716,0.0285564393939394,0.965625519131156,0.0343744808688438,0.5004902463996708,7.707659843090059,36884479.10902694,1,2131.0,1516.0,569144078.5947323,149549.53617662904,783694599.3315893,0.7262319774567204,1.2302110817941954,-214550520.736857,0.3937662337662337,0.2157080203899125,2661,2652,0.5008469791078487,-125909768.3040958,0.9544531735185088,6755734230.680628,0.085040071237756,109255449.33952148,4258.0,14350743.285139,14350743.285139,14350743.285139,14350743.285139,16.47931236538509,1,1,1
2025-10-12 00:00:00.000 UTC,20,19,16,10,10,15170383.31111262,4064.621005812005,14350743.285139,3845.026757080753,0.0115874855156431,0.0345303460591203,758519.165555631,203.23105029060025,717537.16425695,192.25133785403767,0.8,0.0151636073423782,0.6432816203237101,0.6906069211824075,1,83430786.23080651,42775875.21552116,21488293.52141854,0.8179637896825397,0.7916681547619048,0.6656255897531457,0.2575583245970186,0.0262956349206349,0.9678523239630932,0.0321476760369068,0.5127109206089001,5.347821611041031,40654911.01528536,1,1726.0,1253.0,446172961.6312516,111352.1060720786,393953590.8606995,1.1325520873066917,0.6328810853950518,52219370.77055208,0.4510439164866811,0.3723950080703517,1681,1585,0.5146968769136558,17274911.737109028,1.0146293100168415,3219086563.1465077,0.0852730041331303,47532601.79093597,3017.0,21584.181687034325,21584.181687034325,823859.7715370768,5648731.830865892,9.979762325236262,0,0,1
2025-10-13 00:00:00.000 UTC,14,10,12,7,7,23221.14908806354,5.5645526778865815,21584.181687034325,5.172951545808173,0.0085731781996325,2.3387235150423735e-05,1658.6535062902528,0.3974680484204701,1541.7272633595946,0.3694965389862981,0.8571428571428571,0.0082034454470877,0.000328581565567,0.0003274212921059,1,45411166.44932248,25575825.382353943,9859599.469032869,0.800837037037037,0.7700462962962963,0.7217586776401524,0.2171183926763011,0.0307907407407407,0.9615518022809468,0.0384481977190531,0.5632056470272749,20.251526830544304,19835341.066968534,1,1633.0,1219.0,919645455.7547674,221186.96427929183,873326026.1891592,1.0530379585362035,0.5479901558654635,46319429.5656082,0.4587881068874671,0.5015843171235463,1473,1260,0.5389681668496158,172697392.26003554,1.1039854694772202,5287236649.552953,0.0805582761998041,121107242.44010128,2850.0,823859.7715370768,823859.7715370768,2342540.5536162164,5648731.830865892,13.62175682803393,1,1,1
2025-10-14 00:00:00.000 UTC,14,14,11,7,7,869808.2007818003,211.21671678088768,823859.7715370768,200.06183819512256,0.0095108695652173,0.0013580680303158,62129.15719870002,15.086908341491975,58847.12653836263,14.29013129965161,0.7857142857142857,0.0135135135135135,0.0193631962594762,0.0190129524244214,1,47115897.59937616,24492350.548360854,11762623.466250822,0.624090625,0.6002604166666666,0.6755583534135154,0.2496529635552686,0.0238302083333333,0.9618161091054148,0.038183890894585,0.5198319844528474,12.642612188860916,22623547.051015303,1,1472.0,1036.0,595668021.2789958,147313.56141900964,663342609.1606417,0.8979794348394449,0.7538610038610039,-67674587.88164593,0.423375561912546,0.3669653633821297,1881,1627,0.5362029646522235,57648281.83491477,1.036822350515474,4447815996.376992,0.1192912403294235,40740691.68245067,2720.0,106897.36198718467,106897.36198718467,5648731.830865892,5648731.830865892,11.579633774044334,0,1,1
2025-10-15 00:00:00.000 UTC,16,16,16,8,8,112574.87340982996,28.294388248447728,106897.36198718467,26.86774394936613,0.0128720836685438,0.0002093645429542,7035.929588114373,1.768399265527983,6681.085124199042,1.679233996835383,1.0,0.0168598524762908,0.0032821440856914,0.0033498326872676,1,71916375.237748,37494006.25327971,17845142.31921673,0.8152479166666666,0.7832,0.6775313177101216,0.2481373993088856,0.0320479166666666,0.9606893608539324,0.0393106391460674,0.5213556179566677,7.246053530983335,34422368.98446829,1,1243.0,949.0,521109904.7270064,128329.96251538336,537431896.4121176,0.9696296557869444,0.7038988408851422,-16321991.685111254,0.4504034171808258,0.2990582209069466,1360,1213,0.5285658764088612,-16300014.339800276,0.9907323262348168,4559848200.835255,0.0853038012571086,28059012.450578813,2284.0,2342540.5536162164,2342540.5536162164,5648731.830865892,5648731.830865892,14.6667470319411,1,1,1
2025-10-16 00:00:00.000 UTC,64,57,47,32,32,2470618.146268886,628.3103865278821,2342540.5536162164,595.7337313335936,0.0512,0.0068209329880295,38603.408535451345,9.817349789498158,36602.19615025338,9.3083395520874,0.734375,0.0594369134515119,0.4311180438444875,0.4365397112338938,1,64139975.87281525,33223337.38846637,16022356.098989869,0.8296803030303029,0.7972530303030303,0.6746445229150636,0.2498029642349881,0.0324272727272726,0.960915942431276,0.0390840575687239,0.5179817568741489,5.421782603956932,30916638.48434888,1,1250.0,959.0,347753005.40544707,87339.0388644893,523932791.6853003,0.6637359045362531,0.848800834202294,-176179786.27985328,0.4211682037768994,0.3477334133300695,1601,1457,0.5235448005232178,-287471149.3569754,0.7767262048882432,3159269630.9044156,0.1005249343832021,44873156.18570033,2549.0,5648731.830865892,5648731.830865892,5648731.830865892,5648731.830865892,15.546941800245763,1,1,1
2025-10-17 00:00:00.000 UTC,212,211,117,106,106,5976384.276897224,1590.1685868411755,5648731.830865892,1503.0481162208882,0.1575037147102526,0.0161198120599658,28190.491872156716,7.500795220948941,26644.961466348544,7.089849604815511,0.5518867924528302,0.2204806687565308,3.376031566402379,3.41740015671275,1,85175045.93903376,44777138.37330672,20748037.325093955,0.8271459821428572,0.7965591964285714,0.683357776549993,0.2435929102984564,0.0305867857142857,0.9630212968754976,0.0369787031245024,0.5257072406554041,4.164548682065269,40397907.56572704,1,1346.0,957.0,354715625.31025183,93242.28537091748,499194982.8402263,0.7105753012421262,1.1630094043887147,-144479357.52997455,0.3633257403189066,0.3739945458328674,1845,1757,0.5122154358689617,-244497498.91913688,0.795047790401721,2995310771.8949413,0.1147104504104725,53568586.71862165,2968.0,1090.129149954209,1090.129149954209,141151.1647508464,1639942.635083635,6.994968356420222,0,0,0
2025-10-18 00:00:00.000 UTC,2,2,2,1,1,1143.2224627902876,0.2970451545598406,1090.129149954209,0.2832522505199557,0.0024509803921568,4.862583987091366e-06,571.6112313951438,0.1485225772799203,545.0645749771045,0.1416261252599778,1.0,0.0031645569620253,9.676571347861651e-06,9.725167974182733e-06,1,7635101.002282602,3861919.08154347,2065728.3665167375,0.9001277777777777,0.8793500000000001,0.6515095770088796,0.2705567831911017,0.0207777777777776,0.9769168574831968,0.0230831425168031,0.5058111320844223,29.51016642586718,3773181.920739132,1,816.0,632.0,225313101.25566489,58251.384710660306,338101215.55250484,0.6664072499339337,0.7753164556962026,-112788114.29683997,0.3879680785758134,0.1909838286769039,922,812,0.5317185697808535,1908369.3743181825,1.001620226288372,2921005207.8328815,0.0809034907597535,22316181.711427417,1764.0,0.0,0.0,1639942.635083635,1639942.635083635,0.0,0,0,0
2025-10-19 00:00:00.000 UTC,0,0,0,0,0,0.0,0.0,0.0,0.0,0.0,0.0,0.0,0.0,0.0,0.0,0.0,0.0,0.0,0.0,0,27897933.172215544,14680013.575270755,6774348.542748388,0.6585,0.6409687500000001,0.6842437679813966,0.2428261800230843,0.0175312499999998,0.9733769931662872,0.0266230068337127,0.5262043422589834,12.691689467219437,13217919.596944788,1,908.0,676.0,354071904.5989997,89976.95279828674,319048081.0984531,1.1097760042309697,0.7189349112426036,35023823.5005466,0.3962485345838218,0.4375574768065144,1032,869,0.542872172540768,-531018419.7243375,0.6037824470986266,2822540208.006315,0.0829811755666538,12640926.998674542,1845.0,141151.1647508464,141151.1647508464,1639942.635083635,1639942.635083635,11.85759377009146,0,0,0
2025-10-20 00:00:00.000 UTC,12,12,12,6,6,141510.18685375171,34.74488612282113,141151.1647508464,34.65662711041108,0.0106382978723404,0.0002832631159136,11792.515571145976,2.895407176901761,11762.597062570532,2.8880522592009235,1.0,0.0140515222482435,0.0034344080753133,0.0033991573909643,1,91141265.9792684,46220853.09820755,23905513.35825666,0.806345,0.77577,0.659108056409886,0.2622907757688418,0.030575,0.962081987238713,0.037918012761287,0.5071342009745755,5.411264453943077,44920412.88106085,1,1128.0,854.0,493189492.8809866,122347.82844431412,357097745.58324516,1.381105030712148,0.6194379391100703,136091747.29774138,0.4475890985324947,0.3694239607271182,1077,959,0.5289783889980354,574217620.9067341,1.75474966292206,2946115663.895515,0.0738389575676578,25354151.50679184,2054.0,1639942.635083635,1639942.635083635,1639942.635083635,1639942.635083635,14.310172430358316,1,0,0
2025-10-21 00:00:00.000 UTC,14,14,12,7,7,1727396.3141908816,433.6773121179762,1639942.635083635,411.6266372238742,0.0101302460202604,0.0032586233234936,123385.4510136344,30.97695086556973,117138.75964883108,29.40190265884815,0.8571428571428571,0.0149094781682641,0.0462596267660119,0.0456207265289117,1,62748657.44087415,42342027.611337006,9832026.62032127,0.7312823717948718,0.7049464743589744,0.8115533330673127,0.1566890356114095,0.0263358974358973,0.9639866918010644,0.0360133081989356,0.6747877857185137,7.9095200233050145,20406629.829537146,1,1382.0,939.0,496311762.4641013,126319.18339753171,523179702.8027935,0.9486449107357292,0.7028753993610224,-26867940.338692196,0.4429245283018868,0.1745915408747931,1376,1247,0.5245901639344263,66456818.75892496,1.0239376600160297,6638439105.135519,0.1109229466553768,31427298.57406188,2362.0,556675.5478757867,556675.5478757867,556675.5478757867,556675.5478757867,13.229739646242352,1,0,0
2025-10-22 00:00:00.000 UTC,34,32,29,17,17,588367.7141428917,153.7354693727459,556675.5478757867,145.4551292105593,0.0288624787775891,0.0012680924209824,17304.93276890858,4.5216314521395855,16372.810231640784,4.278092035604685,0.8529411764705882,0.0364880273660205,0.043098712581058,0.0431151423134018,1,89618008.0907894,46763577.94111009,22044905.399267744,0.824075,0.7961854166666666,0.6796193677134652,0.2459874512824999,0.0278895833333333,0.9661564987005632,0.0338435012994368,0.5218100573462342,4.900286566679733,42854430.1496793,1,1178.0,877.0,439153921.1798909,114703.88656520276,454582200.90672594,0.9660605283355546,0.8380843785632839,-15428279.72683504,0.4107728337236534,0.3373989543273137,1399,1177,0.5430900621118012,-1427894822.1126685,0.4768622100395178,4924803927.088045,0.0904858888565609,23320701.470028743,2354.0,14.899615948687098,14.899615948687098,14.899615948687098,591332.0672060701,2.7662949547638465,0,0,0
2025-10-23 00:00:00.000 UTC,2,2,2,1,1,15.45256489223334,0.0040378025009427,14.899615948687098,0.0038933152195676,0.0021097046413502,2.0448809425050257e-08,7.72628244611667,0.0020189012504713,7.449807974343549,0.0019466576097838,1.0,0.0026246719160104,4.042205536424344e-08,4.0897618850100514e-08,1,74552783.9587094,38973070.813555546,17702837.050129164,0.8491857142857143,0.8176857142857142,0.6876479315918939,0.2374537355966984,0.0315,0.9629056406978111,0.0370943593021887,0.5227580882176116,9.888326816696791,35579713.14515386,1,948.0,762.0,737202292.8783085,190393.24679696024,530051553.7400376,1.3908124364066432,0.7454068241469817,207150739.13827083,0.4145810663764961,0.4319103225917344,1161,934,0.5541766109785203,642265755.0680742,1.6033069939710354,4038670304.3514366,0.0853391684901531,32068675.94199824,1987.0,0.0,0.0,75351.40545849242,936360.0058814208,0.0,0,0,0
2025-10-24 00:00:00.000 UTC,0,0,0,0,0,0.0,0.0,0.0,0.0,0.0,0.0,0.0,0.0,0.0,0.0,0.0,0.0,0.0,0.0,0,78120760.94097349,41930867.84224141,17095666.08896389,0.8265,0.789875,0.7103732008237401,0.2188363999920717,0.036625,0.955686630369026,0.0443133696309739,0.5367442320988597,5.298117125946292,36189893.09873208,1,934.0,745.0,413892941.4333278,105471.71381965722,666010825.0904536,0.6214507720307929,0.8335570469798658,-252117883.65712577,0.4102422907488987,0.2225837253748087,1196,998,0.545123062898815,239876412.287523,1.1481068869815334,4559013912.991833,0.074697912852435,18159724.987425227,1958.0,0.0,0.0,75351.40545849242,936360.0058814208,0.0,0,0,0
2025-10-25 00:00:00.000 UTC,0,0,0,0,0,0.0,0.0,0.0,0.0,0.0,0.0,0.0,0.0,0.0,0.0,0.0,0.0,0.0,0.0,0,101574830.4674752,56814325.56052804,21368273.67843941,0.87305,0.84985,0.7266876020183641,0.2103697695590212,0.0232,0.973426493327988,0.0265735066720118,0.5593346826084075,1.374081431444827,44760504.906947166,1,672.0,544.0,139572088.44751397,35468.44992283029,183281747.73519036,0.7615165731023631,0.7022058823529411,-43709659.287676394,0.4270015698587127,0.2068481094014166,817,597,0.5777934936350778,86806237.09096907,1.1476421652171933,1585560426.1744866,0.0647027880063124,5881035.856264971,1377.0,75351.40545849242,75351.40545849242,469806.5802642015,936360.0058814208,11.229931127347244,0,0,0
2025-10-26 00:00:00.000 UTC,8,7,7,4,4,78215.36027973816,18.94036350404672,75351.40545849242,18.247536160447464,0.0076628352490421,0.0003087723894341,9776.92003496727,2.36754543800584,9418.925682311552,2.280942020055933,0.875,0.0087064676616915,0.0025142113217844,0.0024701791154728,1,95707.20441533376,64130.15792157875,13014.070100047917,0.8474999999999999,0.8175,0.8313020891673251,0.1359779567227946,0.0299999999999999,0.9646017699115044,0.0353982300884955,0.6700661492867105,2505.156925496815,31577.046493755013,1,1044.0,804.0,239761565.96101272,59097.04618955772,257018046.6432739,0.9328588754461582,0.6069651741293532,-17256480.682261147,0.4466666666666666,0.2297066651876517,1176,935,0.5570819516816674,277158244.3199815,1.3615353337728715,2307166940.9401703,0.0729094678645473,15358090.954930702,1955.0,1990.02292297105,1990.02292297105,591332.0672060701,936360.0058814208,7.596403817293273,0,0,0
2025-10-27 00:00:00.000 UTC,6,6,6,3,3,2079.886411128828,0.4951780286676612,1990.02292297105,0.4737826328133547,0.0041293874741913,2.7569331725577135e-06,346.64773518813803,0.0825296714446102,331.67048716184166,0.0789637721355591,1.0,0.0051858254105445,1.6647803922095e-05,1.654159903534628e-05,1,76119649.07180677,49355788.15875255,13203915.21225452,0.8065177777777778,0.7649900000000001,0.7889389734802708,0.1734626390591833,0.0415277777777777,0.9485097800420464,0.0514902199579535,0.6483974737218405,9.42227119079468,26763860.91305422,1,1453.0,1157.0,717219976.502686,171851.33014080577,539866088.4057188,1.3285145926107562,0.5375972342264477,177353888.09696713,0.4875684787189211,0.5507048879678008,1294,1125,0.5349317899958661,-124890298.58123468,0.9124963086669152,3986710740.006091,0.0713290610197826,16780384.430399396,2548.0,469806.5802642015,469806.5802642015,936360.0058814208,1934746.3038680856,13.06007848616448,1,0,0
2025-10-28 00:00:00.000 UTC,14,14,12,7,7,491744.49171905994,123.2087839762633,469806.5802642015,117.71455222355628,0.0117154811715481,0.0010162024770131,35124.60655136142,8.80062742687595,33557.61287601439,8.408182301682592,0.8571428571428571,0.0156424581005586,0.0138453222438303,0.0142268346781834,1,32791462.893551532,16697273.02993452,8537908.392900752,0.8510166666666666,0.8232666666666667,0.6616664548654755,0.2603698535992957,0.0277499999999999,0.967391942970173,0.032608057029827,0.5091957343939679,14.487160478766352,16094189.863617012,1,1195.0,895.0,475055185.2723931,115837.69463891815,473711563.2528083,1.002836371589409,0.6100558659217877,1343622.019584868,0.4599177800616649,0.3534124310863458,1194,941,0.5592505854800937,80388683.99603935,1.0636083945246528,3556767852.1330256,0.0792270531400966,22612359.70233722,2106.0,591332.0672060701,591332.0672060701,936360.0058814208,93395141.84328504,13.290134703137346,1,0,1
2025-10-29 00:00:00.000 UTC,20,20,16,10,10,623243.8111645434,158.40551491114104,591332.0672060701,150.2978188086715,0.016116035455278,0.0016811344645148,31162.19055822717,7.920275745557052,29566.603360303503,7.514890940433576,0.8,0.0212539851222104,0.0331943732465346,0.0336226892902961,1,41921118.42053277,20987160.899341874,11268053.908717409,0.7400859073359073,0.7194623552123552,0.6506594677552117,0.2687918245806717,0.020623552123552,0.9721335700097428,0.0278664299902572,0.5006345653474373,8.498926879406094,20933957.521190897,1,1241.0,941.0,356284520.15903187,89402.61590083409,373736088.3369857,0.9533051029254144,0.5749202975557917,-17451568.177953802,0.47002997002997,0.3278644402515675,1314,1077,0.5495608531994981,58348021.11760224,1.056740318845463,2845037407.8246818,0.1082101289713746,33556922.23630045,2209.0,936360.0058814208,936360.0058814208,936360.0058814208,93395141.84328504,13.749756371144697,1,0,1
2025-10-30 00:00:00.000 UTC,66,64,53,33,33,985768.7949366953,257.6383000984575,936360.0058814208,244.7129481345864,0.0421994884910485,0.0017850762452049,14935.89083237417,3.903610607552386,14187.272816385164,3.707771941433128,0.803030303030303,0.0568888888888888,0.1173747485982862,0.117815032183527,1,46720563.15740835,23977352.850245647,11991174.87570933,0.8229559523809524,0.7915235119047619,0.6666203585793012,0.2566573274236726,0.0314324404761905,0.961805440029626,0.038194559970374,0.5132077019162306,11.269484411366214,22743210.307162706,1,1564.0,1125.0,526516658.1926641,137088.23294911382,560589343.9953232,0.939219883203946,0.7084444444444444,-34072685.80265906,0.4693366708385482,0.5030806106678642,1636,1422,0.5349901896664486,-171989698.72401854,0.8588599546289316,3352265849.1062975,0.1312003968253968,88786783.32160527,2730.0,0.0,0.0,0.0,93395141.84328504,0.0,0,0,1
2025-10-31 00:00:00.000 UTC,0,0,0,0,0,0.0,0.0,0.0,0.0,0.0,0.0,0.0,0.0,0.0,0.0,0.0,0.0,0.0,0.0,0,40724099.755213365,21957108.876263347,9621583.748617567,0.90845,0.8867357142857143,0.695314056762543,0.2362626505300671,0.0217142857142856,0.9760974344055416,0.0239025655944583,0.5391674465057381,7.442159727827166,18766990.87895002,1,1071.0,778.0,303075255.15026504,78757.89915946318,245376825.74811593,1.235142129768105,0.7892030848329049,57698429.402149096,0.4041558441558441,0.3342566751792196,1334,1038,0.5623946037099494,152058140.8430243,1.2014933164030948,2209822228.28783,0.0994940978077571,20569361.3466541,2112.0,0.0,0.0,1934746.3038680856,93395141.84328504,0.0,0,1,1
2025-11-01 00:00:00.000 UTC,0,0,0,0,0,0.0,0.0,0.0,0.0,0.0,0.0,0.0,0.0,0.0,0.0,0.0,0.0,0.0,0.0,0,61920098.27339064,32436051.19988123,15218258.343877591,0.8986666666666666,0.8765333333333333,0.6806530513278479,0.2457725160041847,0.0221333333333333,0.9753709198813056,0.0246290801186943,0.5238372047904226,6.339324928734058,29484047.073509417,1,854.0,647.0,392531622.574168,101724.7204896818,352680863.44557345,1.1129938231954692,0.7156105100463679,39850759.1285946,0.422875816993464,0.4226560068823026,938,710,0.5691747572815534,-123386423.65380232,0.882725057797791,2726050909.325245,0.0663465735486687,13572055.360185456,1645.0,0.0,0.0,93395141.84328504,93395141.84328504,0.0,0,1,1
2025-11-02 00:00:00.000 UTC,0,0,0,0,0,0.0,0.0,0.0,0.0,0.0,0.0,0.0,0.0,0.0,0.0,0.0,0.0,0.0,0.0,0,15491310.625207482,8121412.727013937,3801335.074485461,0.9071666666666668,0.8853833333333334,0.6811695476769702,0.2453849881687817,0.0217833333333333,0.9759875068895828,0.024012493110417,0.5242560118702134,11.908228823433802,7369897.898193545,1,733.0,572.0,184474071.6998621,47638.17573411689,75745055.90494946,2.435460235600775,0.6993006993006993,108729015.7949126,0.4262295081967213,0.4460705108785588,883,677,0.566025641025641,21810057.29209737,1.0556743230110763,1065516297.5379834,0.0878618588115794,15103903.590637833,1452.0,1934746.3038680856,1934746.3038680856,93395141.84328504,93395141.84328504,14.475487283601865,1,1,1
2025-11-03 00:00:00.000 UTC,198,194,119,99,99,2081783.936851512,564.931309588489,1934746.3038680856,525.07453965215,0.1380753138075313,0.0043623582008948,10514.060287128848,2.8531884322650956,9771.445979131746,2.6518916144047977,0.601010101010101,0.1977573904179408,0.8657978823598329,0.8637469237771762,1,244358.4331636524,166728.45333400354,27923.48715829929,0.8458309523809523,0.821425,0.8565465769944202,0.1142726559373471,0.0244059523809523,0.9711455908391016,0.0288544091608983,0.6823110263697824,1810.695260892525,77629.97982964886,1,1434.0,981.0,442458656.88854825,120364.8383446467,751895784.2364167,0.588457424771818,1.1580020387359835,-309437127.34786844,0.3905254777070063,0.3397928543021945,2019,2009,0.5012413108242304,-514975135.6006424,0.7165977725018358,4313614224.18937,0.1311475409836065,63218022.76366291,2895.0,93395141.84328504,93395141.84328504,93395141.84328504,93395141.84328504,18.352349898027608,1,1,1
2025-11-04 00:00:00.000 UTC,1150,1132,356,575,575,98856497.005082,29735.073448798612,93395141.84328504,28088.883520857773,0.5679012345679012,0.1277513186170641,85962.17130876695,25.856585607650967,81213.16682024786,24.42511610509371,0.3095652173913043,0.8360413589364845,143.5319077778262,146.91401640962377,1,41282439.979904704,19667115.859635673,12052619.06652568,0.8041464045214045,0.7718059523809523,0.6200277494568502,0.2919551042136221,0.0323404521404522,0.9597828803827084,0.0402171196172915,0.4764039109415323,18.126264410944984,21615324.12026903,1,2025.0,1354.0,748296422.604719,219871.5741248392,974929886.4229094,0.7675387051168105,1.5635155096011817,-226633463.8181903,0.3635875402792696,0.3865132265051924,3375,3365,0.5007418397626113,-943619441.9359672,0.6723130669648735,6538881020.600954,0.1535350718170408,186915659.18469056,4433.0,294.1666550214113,294.1666550214113,73407.5946818545,73407.5946818545,5.687540129101626,0,0,0
2025-11-05 00:00:00.000 UTC,26,24,18,13,13,312.6830631035514,0.0959926655931125,294.1666550214113,0.0903068795640312,0.0141074335322843,5.370660583048778e-07,12.026271657828898,0.003692025599735,11.314102116208128,0.0034733415216935,0.6923076923076923,0.0186335403726708,1.3584930445805917e-05,1.396371751592682e-05,1,21173648.095863856,11183829.342995653,5324384.375921344,0.8242955382395383,0.7965259393939395,0.6774705933313635,0.2514627782522479,0.0277695988455988,0.9663111134813288,0.0336888865186711,0.5281956747538629,26.589714856499747,9989818.752868203,1,1843.0,1288.0,563001265.3408887,168148.55112807456,585855035.7605554,0.9609907416943204,0.843167701863354,-22853770.419666752,0.376718338695525,0.3521756728399191,2228,1945,0.533908459142104,-982123517.6757802,0.6194442334918551,5328254978.647793,0.0921797593772116,44095510.782812744,3744.0,73407.5946818545,73407.5946818545,73407.5946818545,142224.39542308793,11.203796301505903,0,0,0
2025-11-06 00:00:00.000 UTC,14,14,12,7,7,78928.20697514337,23.621703066444677,73407.5946818545,21.97356360955036,0.0117944397641112,0.0001510319807363,5637.729069653098,1.6872645047460484,5243.399620132464,1.5695402578250257,0.8571428571428571,0.0156075808249721,0.002111229094111,0.0021144477303087,1,18787403.76079161,10015067.230107494,4347258.1312999725,0.8166733333333334,0.7910666666666667,0.6973151615836982,0.231392170341944,0.0256066666666666,0.9686451539171108,0.031354846082889,0.5330735080601423,25.909969311776383,8772336.530684117,1,1187.0,897.0,486781054.8900628,145489.47515897505,358469261.00466526,1.3579436449468052,1.129319955406912,128311793.88539755,0.3560936879714172,0.3053655732489995,1742,1555,0.5283591143463755,226513541.19079137,1.1656310180319107,3806922330.2061906,0.0871941697032795,21830943.348211993,2737.0,61921.83603651954,61921.83603651954,61921.83603651954,601862.3126690659,11.033644308838124,0,0,0
2025-11-07 00:00:00.000 UTC,10,10,9,5,5,64969.79998140688,20.0966540828004,61921.83603651954,19.153856772076814,0.0063938618925831,9.178627919011156e-05,6496.979998140689,2.00966540828004,6192.183603651954,1.9153856772076816,0.9,0.0092764378478664,0.0008905353348672,0.0009178627919011,1,28950594.72431712,14621462.55560694,7456526.429874855,0.8144374999999999,0.7876666666666666,0.662264238161448,0.2575603886856158,0.0267708333333333,0.9671296651574453,0.0328703348425548,0.5050487803390653,24.017908122229635,14329132.168710178,1,1564.0,1078.0,695332724.1725545,208678.86726734551,777587300.9697748,0.8942182097178852,0.87569573283859,-82254576.79722032,0.3723661485319516,0.4753885036032358,1946,1729,0.5295238095238095,-67944576.81924,0.9556093802676668,4466188705.940686,0.096822995461422,49044921.786488675,3192.0,4.177332388803937,4.177332388803937,12523.100939382468,2857408.4428339247,1.6442899407657945,0,0,0
2025-11-08 00:00:00.000 UTC,2,2,2,1,1,4.493945681750001,0.0013009185737612,4.177332388803937,0.0012092505641804,0.0023310023310023,1.5977957486441832e-08,2.2469728408750007,0.0006504592868806,2.0886661944019687,0.0006046252820902,1.0,0.0031847133757961,3.2285230856806154e-08,3.1955914972883664e-08,1,65565010.80478763,33111556.61292962,16881764.12572094,0.7907,0.7625,0.6623196083738161,0.2574812986149651,0.0282,0.9643353990135324,0.0356646009864677,0.5050187013850348,3.946871577577036,32453454.19185801,1,858.0,628.0,258776677.62894756,75682.42469079763,284041527.65873474,0.9110522667652248,0.9522292993630572,-25264850.029787205,0.3336875664187035,0.2566702420411455,1387,959,0.5912190963341859,-86621682.61291517,0.9208810459698292,2645853443.0603294,0.0630691399662731,14347528.312384903,2029.0,12523.100939382468,12523.100939382468,22700.92175290013,2857408.4428339247,9.435410142089836,0,0,0
2025-11-09 00:00:00.000 UTC,6,6,6,3,3,13336.279569702168,3.847085439535785,12523.100939382468,3.613977519658904,0.0064446831364124,7.977641670432076e-05,2222.713261617028,0.6411809065892975,2087.183489897078,0.6023295866098174,1.0,0.0081081081081081,0.0004770359945436,0.0004786585002259,1,11052819.038029345,5629733.942106646,2803725.5431988765,0.7932055555555556,0.7661444444444445,0.6675473987769677,0.2536661039642575,0.027061111111111,0.9658838608459346,0.0341161391540654,0.5093482416328781,14.250789401657626,5423085.095922699,1,931.0,740.0,157511396.4055882,45301.32674488961,160181541.34649345,0.98333050788212,0.7445945945945946,-2670144.9409052413,0.3659742828882295,0.3084139082413394,1448,1032,0.5838709677419355,56301371.54317725,1.123899138322913,1282820186.6220458,0.080841275057509,14031403.53752414,2202.0,5904.136010386095,5904.136010386095,142224.39542308793,33445781.348053284,8.683577761454451,0,0,1
2025-11-10 00:00:00.000 UTC,18,16,15,9,9,6333.106119078096,1.7760069885670342,5904.136010386095,1.655672163154556,0.0151515151515151,1.4124446674803228e-05,351.83922883767195,0.0986670549203908,328.00755613256086,0.0919817868419197,0.8333333333333334,0.0176405733186328,0.0002537607162222,0.0002542400401464,1,23024717.727647245,8667112.87726529,9075471.341618149,0.8404233333333333,0.81547375,0.4884921367903598,0.3941621108657784,0.0249495833333333,0.9703130763464444,0.0296869236535555,0.376426455246317,18.18905568716787,14357604.850381956,1,1188.0,907.0,418797872.92949694,117220.32029106878,378639198.9866912,1.1060605295232977,0.6119073869900772,40158673.94280575,0.3960698689956332,0.2561656361070975,1378,1084,0.5597075548334687,604851364.0636865,1.587222909398058,3462328514.060952,0.0743730181608532,19014073.657229505,2466.0,22700.92175290013,22700.92175290013,601862.3126690659,33445781.348053284,10.030204858604217,0,0,1
2025-11-11 00:00:00.000 UTC,8,8,8,4,4,23993.19340404428,6.910846817031688,22700.92175290013,6.538948948663457,0.0076335877862595,5.27448983745208e-05,2999.149175505535,0.863855852128961,2837.615219112516,0.8173686185829321,1.0,0.0103225806451612,0.0004134796139356,0.0004219591869961,1,14614558.58168295,6963406.3785066325,4508633.027600817,0.81526,0.7902466666666668,0.6069894054582374,0.3085028536716586,0.0250133333333332,0.9693185813932572,0.0306814186067428,0.4764705235253678,30.05340432255161,7651152.203176318,1,1048.0,775.0,439217238.05093414,123973.107355956,382053169.76937914,1.149623332051037,0.7367741935483871,57164068.28155497,0.3767622751579971,0.3600026510005984,1276,1043,0.5502371711944803,431298213.19668007,1.546818771780661,2830049993.107423,0.0880620155038759,34424667.19534877,2235.0,142224.39542308793,142224.39542308793,2857408.4428339247,33445781.348053284,11.865168369879267,0,1,1
2025-11-12 00:00:00.000 UTC,6,6,4,3,3,148715.9198815824,43.60788167913938,142224.39542308793,41.704386587469955,0.0060913705583756,0.0002263720884298,24785.9866469304,7.267980279856563,23704.06590384799,6.950731097911659,0.6666666666666666,0.0082530949105914,0.001334985151893,0.0013582325305792,1,19728109.950293485,10288373.27687497,5099158.100987878,0.8365500000000001,0.8095933333333333,0.6686175335230353,0.258471699206645,0.0269566666666668,0.9677763831609985,0.0322236168390016,0.5215083098582344,32.401374335995996,9439736.673418514,1,985.0,727.0,639217875.4411466,184229.36713060207,623773775.4290352,1.0247591364377076,0.781292984869326,15444100.01211138,0.3602576808721506,0.3841955024282206,1367,1151,0.5428911834789516,532354999.70020413,1.4705160960321415,4058202285.859165,0.0859424920127795,24954818.04126187,2207.0,601862.3126690659,601862.3126690659,2857408.4428339247,33445781.348053284,13.307785643142983,1,1,1
2025-11-13 00:00:00.000 UTC,128,127,67,64,64,629108.2104787447,195.14148776659692,601862.3126690659,186.6967910320747,0.0986892829606784,0.0014423100641561,4914.907894365193,1.5245428731765385,4702.049317727077,1.4585686799380837,0.5234375,0.1403314917127071,0.175857508992851,0.1846156882119817,1,5362617.901476463,2168404.9793891036,2000936.4201056391,0.8041603846153846,0.7737410256410256,0.5200833349007782,0.3731267930826716,0.0304193589743589,0.9621725223521076,0.0378274776478924,0.4043556746401953,81.69008510332134,3194212.9220873597,1,1297.0,905.0,438072712.74820673,129442.89558244926,427878851.8282034,1.0238241756432875,0.934806629834254,10193860.92000334,0.3781863769327204,0.1951394225520765,1774,1610,0.5242316784869976,1433338101.5212502,2.7661005076570553,3922456745.555382,0.1432813659985152,38989180.616063446,2751.0,2857408.4428339247,2857408.4428339247,33445781.348053284,33445781.348053284,14.865425983102185,1,1,1
2025-11-14 00:00:00.000 UTC,160,159,103,80,80,3035682.351320116,967.8897516992492,2857408.4428339247,911.0459174063496,0.1111883252258512,0.0071405428406123,18973.014695750724,6.049310948120308,17858.80276771203,5.694036983789685,0.64375,0.1545189504373177,1.126347400223127,1.142486854497974,1,6874190.088008006,3399477.3716570847,1921438.0732846856,0.6904908673469388,0.6609745918367347,0.6388895683145529,0.2795148299196185,0.029516275510204,0.9572531992731288,0.0427468007268712,0.4945276939006178,59.047077595840264,3474712.7163509214,1,1439.0,1029.0,405900835.5351648,127587.76716872452,421026967.5051233,0.9640732467575858,1.3070942662779397,-15126131.969958529,0.3411803713527852,0.3244190242793378,2115,2066,0.505859842143028,484603952.1589785,1.6321814728657176,2844648345.7954416,0.1204747774480712,51331260.47372836,3425.0,14422.64348407136,14422.64348407136,33445781.348053284,54299181.25941065,9.576624047721848,0,1,1
2025-11-15 00:00:00.000 UTC,2,2,2,1,1,15067.344480668871,4.798342524593278,14422.64348407136,4.593001701462539,0.0023391812865497,5.57241839101898e-05,7533.672240334436,2.399171262296639,7211.32174203568,2.2965008507312694,1.0,0.0033057851239669,0.0001104175036905,0.0001114483678203,1,6874190.088008006,3399477.3716570847,1921438.0732846856,0.6904908673469388,0.6609745918367347,0.6388895683145529,0.2795148299196185,0.029516275510204,0.9572531992731288,0.0427468007268712,0.4945276939006178,38.00278303618923,3474712.7163509214,1,855.0,605.0,261238354.46409085,82423.84866263885,275693587.7868131,0.947567756512712,0.9702479338842976,-14455233.32272219,0.3507246376811594,0.3437069471643859,1154,1045,0.5247839927239655,-665185851.0817636,0.5332838635972967,2722240424.657588,0.0707108299218459,9266697.302048083,1871.0,33445781.348053284,33445781.348053284,33445781.348053284,54299181.25941065,17.32543624833919,1,1,1
2025-11-16 00:00:00.000 UTC,238,235,109,119,119,35554806.1815848,11550.676073396253,33445781.348053284,10865.614651974443,0.2247403210576015,0.1269271312573982,149389.9419394319,48.53225240922795,140528.4930590474,45.65384307552287,0.4579831932773109,0.3405797101449275,29.540146444132652,30.20865723926079,1,554082.1586066535,368305.4338988754,62802.175609112855,0.8137427272727272,0.7860336363636364,0.8543236671679554,0.1133445187389557,0.0277090909090907,0.965948585492176,0.034051414507824,0.6647126751474014,486.33048450413816,185776.72470777808,1,1059.0,690.0,269467044.6502725,85605.13851006234,323999066.9206291,0.8316908045796457,1.1666666666666667,-54532022.27035664,0.3323699421965317,0.1058584444929057,1782,1684,0.514137334102712,-1112444333.2114952,0.6958860864086581,6796993087.099727,0.1385694249649368,77224735.75206324,2403.0,3676573.762551545,3676573.762551545,8797770.144519428,54299181.25941065,15.117492105662992,1,1,1
2025-11-17 00:00:00.000 UTC,162,159,70,81,81,3889112.2754739663,1285.6697105347944,3676573.762551545,1215.437662205771,0.1285714285714285,0.0075181445622725,24006.865897987445,7.936232781078978,22694.899768836694,7.502701618554141,0.4320987654320987,0.1802721088435374,1.1769410250392496,1.2179394190881545,1,3093646.1596782394,1374134.8563775225,1009190.453870192,0.8382201904761905,0.8074686666666666,0.5765620204967737,0.3262139242114085,0.0307515238095238,0.9633133105609708,0.036686689439029,0.4441797107528425,163.5810371912605,1719511.303300717,1,1260.0,882.0,506061847.50292623,161667.23745976662,519142542.55660295,0.9748032688878496,1.1643990929705217,-13080695.053676754,0.3414634146341463,0.3545272895937026,2164,1976,0.5227053140096618,331130232.87580246,1.302044322283263,3548928281.8570976,0.1442285714285714,100164421.56153788,3013.0,877391.1142500911,877391.1142500911,33027794.521333534,54299181.25941065,13.684709280040048,1,1,1
2025-11-18 00:00:00.000 UTC,92,92,54,46,46,924153.4052919628,307.3375289955541,877391.1142500911,291.7915767796827,0.0658082975679542,0.0029166294003787,10045.145709695247,3.3406253151690666,9536.85993750099,3.1716475736922036,0.5869565217391305,0.0950413223140495,0.2628024437254912,0.2683299048348488,1,22030579.524275552,9578718.6974951,7352128.282583713,0.8067690476190477,0.7745119047619048,0.5657554349623276,0.3337237803700253,0.0322571428571428,0.9600168809743744,0.0399831190256254,0.4347919530187703,13.942021182397829,12451860.826780451,1,1398.0,968.0,307150806.38794965,100044.10458928611,378453815.87210333,0.8115938947006147,1.1590909090909092,-71303009.48415369,0.3373997908678982,0.2173196525768372,2004,1755,0.533120510774142,553805792.3173884,1.6442945392544637,2958517930.0880237,0.1056039294485376,39205359.59097148,3199.0,8797770.144519428,8797770.144519428,54299181.25941065,54299181.25941065,15.990008968336,1,1,1
2025-11-19 00:00:00.000 UTC,232,232,101,116,116,9219175.66153298,3180.7337356279613,8797770.144519428,3035.4602975850016,0.1799844840961986,0.0530173129459279,39737.826127297325,13.710059205292938,37921.42303672167,13.0838805930388,0.4353448275862069,0.2521739130434782,11.818185971350609,12.300016603455283,1,120631.2200598452,62841.598149756,30388.343382535724,0.8165759615384616,0.7875121503496504,0.6740495286912711,0.2519111003557789,0.0290638111888111,0.964407706621618,0.0355922933783818,0.5209397543901176,1431.6935091406697,57789.621910089205,1,1289.0,920.0,172706934.75940013,57254.13320514471,291876983.43946767,0.5917113871886298,1.1054347826086957,-119170048.68006754,0.3542549095109742,0.225412318537031,1862,1628,0.5335243553008596,-34831527.661658145,0.956515698876666,2031780099.9335697,0.1089861751152073,37055049.7442817,2948.0,33027794.521333534,33027794.521333534,54299181.25941065,54299181.25941065,17.312860053430093,1,1,1
2025-11-20 00:00:00.000 UTC,358,358,135,179,179,34871745.13124155,12203.218895242771,33027794.521333534,11559.260469728664,0.2792511700468019,0.09738500705842,97407.109305144,34.087203617996565,92256.40927746796,32.28843706628118,0.3770949720670391,0.3853606027987082,34.411411478838176,34.863832526914365,1,14040680.462063683,7585095.500660901,3236320.80712118,0.8244731116584565,0.7915395320197044,0.7009337119029585,0.2304960087842857,0.0329335796387521,0.960054998552342,0.039945001447658,0.5402227848682237,24.472140541943872,6455584.961402782,1,1282.0,929.0,343605505.5721479,118696.51005718378,343969676.5415478,0.9989412701344448,1.1872981700753498,-364170.9693998657,0.3411678295997062,0.2298965988366882,1810,1640,0.5246376811594203,706632346.879058,1.896768226009833,2970160660.2119894,0.1162377994676131,76415359.88530916,3068.0,54299181.25941065,54299181.25941065,54299181.25941065,54299181.25941065,17.810019725111403,1,1,1
2025-11-21 00:00:00.000 UTC,1006,978,323,503,503,58288269.85601746,21144.356491705268,54299181.25941065,19698.254086963865,0.5745288406624786,0.1121801166677999,57940.62609942094,21.018247009647386,53975.3292837084,19.580769470143007,0.3210735586481113,0.8143213988343048,113.33625292936048,112.85319736780676,1,5281926.617090374,2878244.222602444,1025922.328145529,0.817889390077243,0.7837354647454942,0.7372237288521978,0.1942325977846835,0.0341539253317488,0.9582413884492093,0.0417586115507908,0.5449231750569011,91.2494065496552,2403682.3944879305,1,1751.0,1201.0,481972669.2483246,175594.87966389346,581251013.8538642,0.8291988448376285,1.7868442964196505,-99278344.6055396,0.3162190626645603,0.3033914936495965,2988,2953,0.5029456320484766,-58553712.98001623,0.9644519309774212,4299009977.329069,0.1369214845482773,97504497.39658828,4400.0,12059.658864850271,12059.658864850271,555652.0419969973,1501037.2108144157,9.397704101031865,0,0,0
2025-11-22 00:00:00.000 UTC,16,16,16,8,8,12978.920914140232,4.746467424162227,12059.658864850271,4.410285509523447,0.0175054704595186,7.87437526501333e-05,811.1825571337645,0.2966542140101392,753.728679053142,0.2756428443452154,1.0,0.0249221183800623,0.0012542055893236,0.0012599000424021,1,10580306.329917075,3696559.094745236,4502868.766114707,0.8844276056338028,0.859714647887324,0.4508313454882383,0.4255896403852041,0.0247129577464788,0.9720576816134444,0.0279423183865556,0.3493811029169141,14.540790986542389,6883747.23517184,1,914.0,642.0,153846022.91691557,56008.06871776615,139394644.056975,1.103672411215698,1.0763239875389408,14451378.859940547,0.3328149300155521,0.3258482323429984,1279,1152,0.5261209378856437,-307664656.9774275,0.6054593831799389,1545185560.248394,0.0770738079686479,21269315.656769436,2117.0,555652.0419969973,555652.0419969973,555652.0419969973,1501037.2108144157,13.227899353262709,1,0,0
2025-11-23 00:00:00.000 UTC,6,4,6,3,3,582143.1985308921,206.0556577010265,555652.0419969973,196.67824715278485,0.0055401662049861,0.0037299665138665,97023.86642181536,34.34260961683775,92608.6736661662,32.77970785879747,1.0,0.0050955414012738,0.0224633174440653,0.0223797990831993,1,12348147.788032046,6352629.680558435,3504792.472951181,0.7024,0.6726285714285715,0.6444514175845313,0.2838314323017791,0.0297714285714285,0.957614708753661,0.042385291246339,0.5144601271063074,12.01927998293334,5995518.107473611,1,1083.0,785.0,148415845.53499615,52729.22596533027,192717889.34743303,0.7701197124851815,0.7057324840764331,-44302043.812436864,0.3687177078440582,0.1372228693277612,1491,1251,0.5437636761487965,-8392485.3292946,0.992300192073888,2512661946.2327294,0.0835104767689037,31247690.278321102,2329.0,73455.41003258934,73455.41003258934,73455.41003258934,1501037.2108144157,11.204447448489724,0,0,0
2025-11-24 00:00:00.000 UTC,12,10,9,6,6,77171.46577520951,27.36626828852135,73455.41003258934,26.04828060810969,0.0098846787479406,0.0001909823576109,6430.955481267459,2.280522357376779,6121.284169382445,2.1706900506758076,0.75,0.0115874855156431,0.0022261778300109,0.0022917882913319,1,10680462.908883853,3854457.246878918,4373367.62922887,0.8232871212121212,0.7928325757575757,0.4684661262141845,0.4094736030206301,0.0304545454545455,0.9630085972804876,0.0369914027195122,0.3608885944140901,37.07277572183083,6826005.662004935,1,1214.0,863.0,395954406.026384,136391.03074204418,381128655.9039356,1.038899594383124,0.7404403244495944,14825750.122448392,0.3962350780532598,0.3691220990776931,1360,1223,0.5265195509097949,225233663.7616561,1.265775430055346,2697233849.631934,0.0942240373395565,26523371.11325232,2390.0,28.971010732009297,28.971010732009297,1501037.2108144157,2088577.532789365,3.400230605551672,0,0,0
2025-11-25 00:00:00.000 UTC,8,8,7,4,4,30.277267475580327,0.0103463369017347,28.971010732009297,0.0098998221563496,0.0067796610169491,1.0401898000643309e-07,3.784658434447541,0.0012932921127168,3.621376341501162,0.0012374777695437,0.875,0.0092485549132947,8.344172261465847e-07,8.321518400514647e-07,1,11020160.654895388,2815420.5920548686,5784549.046669479,0.8522277777777778,0.8275222222222222,0.3273756432089551,0.5249060542597318,0.0247055555555556,0.9710106192267324,0.0289893807732675,0.2554790878483427,25.204753060097943,8204740.06284052,1,1180.0,865.0,277760427.9892455,95173.22853711258,337258000.4420309,0.8235844001482417,0.7086705202312139,-59497572.452785455,0.3792196405085489,0.2825151438334373,1325,1172,0.5306367641169403,258043772.61975524,1.3558604629210471,2323314755.10903,0.0754088431253785,19682932.90931379,2426.0,35730.72591357294,35730.72591357294,1501037.2108144157,3337574.728186892,10.483794254176978,0,0,0
2025-11-26 00:00:00.000 UTC,28,27,23,14,14,37436.280561894615,12.468040045763429,35730.72591357294,11.899462085380447,0.0236087689713322,0.0001312805998205,1337.0100200676648,0.445287144491551,1276.0973540561763,0.4249807887635874,0.8214285714285714,0.0328467153284671,0.0036976770116133,0.0036758567949762,1,21460338.379190028,15065595.802608306,3499205.4601328373,0.8805282591540404,0.8587844539141414,0.8115139822608493,0.16305453335843,0.021743805239899,0.9753059541089696,0.0246940458910305,0.7020204218782184,12.607655462968358,6394742.576581722,1,1186.0,822.0,270564552.40354466,90641.43599011091,222877351.83106953,1.2139616258928805,0.6119221411192214,47687200.57247512,0.3881019830028329,0.3772330367234958,1233,1042,0.541978021978022,101659368.94281378,1.1651453447276767,1826251556.1048584,0.0704053642182261,13213211.25003459,2261.0,1501037.2108144157,1501037.2108144157,1501037.2108144157,3337574.728186892,14.221667567196585,1,0,0
2025-11-27 00:00:00.000 UTC,36,34,21,18,18,1561719.9125231232,512.2406152765382,1501037.2108144157,492.33716557067635,0.030716723549488,0.0022762596695538,43381.10868119787,14.228905979903836,41695.47807817822,13.676032376963231,0.5833333333333334,0.0416156670746634,0.0825766944542889,0.0819453481039401,1,9351869.39000087,3807716.669488138,3532591.387325549,0.7169766666666667,0.6912691666666667,0.5187407176942119,0.3777417369732128,0.0257074999999999,0.9641445793215028,0.0358554206784972,0.4071610189038134,69.97421458653683,5544152.720512733,1,1172.0,817.0,654389715.4811862,216292.1797349973,710626035.4187577,0.9208636932301072,0.7478580171358629,-56236319.93757144,0.3812412505832944,0.4084677159996308,1342,1203,0.5273084479371316,607076026.0594381,1.6101365970877664,3962059364.4047623,0.0571262022733896,38048351.41582503,2266.0,1747.5292367795546,1747.5292367795546,6007.960058788157,3337574.728186892,7.466530277427149,0,0,0
2025-11-28 00:00:00.000 UTC,4,4,4,2,2,1829.4776906665425,0.6018433979090979,1747.5292367795546,0.5748627981025415,0.0039525691699604,3.692648655432438e-06,457.3694226666356,0.1504608494772744,436.88230919488865,0.1437156995256353,1.0,0.0055710306406685,1.4755168528405891e-05,1.4770594621729751e-05,1,8284033.081428068,6192993.606031173,1007239.4759157614,0.8425967803030303,0.8163524621212122,0.8601101569279469,0.1215880557229891,0.0262443181818181,0.9688530519041626,0.0311469480958374,0.7475819501391435,57.18714862014793,2091039.4753968948,1,1012.0,718.0,473740231.00184894,155677.6318962359,457788254.69699687,1.0348457526840884,0.6559888579387186,15951976.304852018,0.3914940021810251,0.6525645389048768,1013,940,0.5186891961085509,142448473.32494855,1.2441199385053998,2241013737.7242575,0.0703209520375045,30623704.29401027,1929.0,30.15500349036688,30.15500349036688,2088577.532789365,3337574.728186892,3.4389748580284976,0,1,0
