time_bucket,avg_total_collateral_base,avg_total_debt_base,avg_available_borrows_base,avg_current_liquidation_threshold,avg_ltv,sampled_user_count,account_data_call_count
2025-04-01 02:00:00.000 UTC,149152092.5022877,49974785.45129555,67109607.16300029,0.81,0.785,1,1
2025-04-01 04:00:00.000 UTC,150632471.31465796,51926501.67817343,66319988.30383308,0.81,0.785,1,1
2025-04-01 08:00:00.000 UTC,1262.4869985,477.21495282,469.65029606,0.78,0.75,1,1
2025-04-01 12:00:00.000 UTC,104771251.828514,64221483.04017836,33215781.16033967,0.95,0.93,1,1
2025-04-02 12:00:00.000 UTC,104777126.48964237,64224653.30550661,33218074.32986078,0.95,0.93,1,1
2025-04-02 22:00:00.000 UTC,8024.76679457,5746.263663316667,264.36757488666666,0.7793,0.7271666666666667,3,3
2025-04-03 10:00:00.000 UTC,147890307.4999031,45090970.89493709,71002920.49248683,0.81,0.785,1,1
2025-04-03 12:00:00.000 UTC,5965423.026110428,3615910.9604034475,1875464.3035702272,0.77995,0.7534055555555556,9,18
2025-04-03 14:00:00.000 UTC,197053.455629755,133669.217653215,15716.006009055,0.79855,0.75815,1,2
2025-04-03 20:00:00.000 UTC,657253.78607821,591761.19425471,19484.826798025,0.95,0.93,1,2
2025-04-03 22:00:00.000 UTC,216722.44490314668,179720.5347388867,21831.33902104,0.6333333333333333,0.62,2,6
2025-04-04 02:00:00.000 UTC,3549.7418324,2613.21301514,0.0,0.773,0.7291,1,1
2025-04-04 12:00:00.000 UTC,44817750.21489283,18069298.5133894,19379412.34593409,0.80884,0.7584,4,5
2025-04-04 16:00:00.000 UTC,2448803.40351096,1218910.09757076,703400.57418534,0.81,0.785,1,1
2025-04-04 20:00:00.000 UTC,153281907.4009981,142397680.15125737,154493.73167085,0.95,0.93,1,2
2025-04-05 06:00:00.000 UTC,146407815.96044973,135781643.3397779,377625.50344038,0.95,0.93,1,1
2025-04-05 12:00:00.000 UTC,79405763.25122611,44631734.90401263,29215624.91962767,0.95,0.93,1,1
2025-04-05 14:00:00.000 UTC,146341323.4213717,49114806.25686302,65763132.62891377,0.81,0.785,1,2
2025-04-05 22:00:00.000 UTC,4523.38575929,525.3764168675,3681.37233927,0.95,0.93,1,4
2025-04-06 02:00:00.000 UTC,10575.4057980025,7259.9955194925,780.0785830925,0.80325,0.7681,2,4
2025-04-06 04:00:00.000 UTC,149144510.99487016,54904398.30028132,62174042.83069174,0.81,0.785,1,2
2025-04-06 12:00:00.000 UTC,19746368.411254406,11100391.354306472,7260997.922201355,0.83,0.8,3,4
2025-04-06 14:00:00.000 UTC,82318846.99547035,30326301.295529354,34293928.79027761,0.8074,0.77615,2,2
2025-04-06 16:00:00.000 UTC,100896.57397389144,69103.65871189095,8687.063170401905,0.8130857142857143,0.7827952380952381,12,21
2025-04-06 18:00:00.000 UTC,536036.2104921942,351849.10992298124,63271.726203039485,0.7899025641025641,0.758351282051282,20,39
2025-04-06 20:00:00.000 UTC,112835.35776704052,64769.92031019053,24527.932343834735,0.8181368421052632,0.7906,10,19
2025-04-06 22:00:00.000 UTC,137838.12684737175,89153.71879607059,16383.104713260589,0.813364705882353,0.7806764705882353,10,17
2025-04-07 00:00:00.000 UTC,73764319.18440099,30107161.86195481,27798461.868456185,0.82,0.795,2,2
2025-04-07 02:00:00.000 UTC,3324605.190554853,2746772.168644627,323933.05572087044,0.8734380952380952,0.8440047619047618,7,21
2025-04-07 04:00:00.000 UTC,474676.6234325,381086.9986113129,21936.187222527144,0.8051428571428572,0.7631857142857144,4,7
2025-04-07 06:00:00.000 UTC,238378.17411206,154767.41724765624,28660.125567956064,0.7981786885245902,0.7665573770491803,29,61
2025-04-07 08:00:00.000 UTC,92588689.27076577,32162413.38371476,40519707.69383636,0.81,0.785,2,3
2025-04-07 10:00:00.000 UTC,61586.12945615,34236.52071743,14108.59090565,0.81,0.785,1,1
2025-04-07 12:00:00.000 UTC,123570268.43819784,51228690.45518026,48199343.08761392,0.845,0.82125,2,4
2025-04-07 14:00:00.000 UTC,16793746.72424334,6793892.571838706,6389446.207369404,0.8167222222222222,0.7913,5,9
2025-04-07 16:00:00.000 UTC,166523389.0139773,62084731.16397165,68636129.21200052,0.81,0.785,1,1
2025-04-07 20:00:00.000 UTC,168849466.06136045,57268688.02929087,75278142.82887709,0.81,0.785,1,1
2025-04-08 06:00:00.000 UTC,171479363.58446366,60821685.3966746,73789615.01712936,0.81,0.785,1,2
2025-04-08 12:00:00.000 UTC,126821093.9526094,54804436.59413444,49783072.34825612,0.88,0.8575,2,2
2025-04-08 14:00:00.000 UTC,2915236.44155473,2498281.46323122,212888.427414675,0.95,0.93,1,2
2025-04-08 16:00:00.000 UTC,14095386.96396727,12860455.488488903,167515.90443709271,0.833409090909091,0.8043545454545455,7,11
2025-04-08 18:00:00.000 UTC,2698878.02832071,2069103.037826557,410762.96500625217,0.9437037037037036,0.9225925925925923,2,27
2025-04-08 20:00:00.000 UTC,96464.7076995,59755.76052484,10663.476095793334,0.52,0.4866666666666667,1,3
2025-04-09 00:00:00.000 UTC,316960.1345833574,164470.74366951198,84840.93529365533,0.8204933333333333,0.7931933333333333,7,15
2025-04-09 02:00:00.000 UTC,54024393.66437812,50067995.19414676,174218.71669699,0.88,0.8575,2,2
2025-04-09 04:00:00.000 UTC,18847.0341250275,14698.3520722125,0.0,0.78,0.75,1,4
2025-04-09 10:00:00.000 UTC,63432904.31827413,26402703.02966908,24355181.1870464,0.9033333333333334,0.8816666666666666,3,6
2025-04-09 12:00:00.000 UTC,21225230.4006522,13562522.48358492,6169932.208176443,0.8366666666666666,0.81,2,3
2025-04-09 14:00:00.000 UTC,60490274.34106592,23437005.336283725,24339857.70880816,0.9033333333333334,0.8816666666666666,2,3
2025-04-09 16:00:00.000 UTC,911496.2406589836,467517.1596747793,235552.742365145,0.826957142857143,0.7984214285714285,9,14
2025-04-09 18:00:00.000 UTC,106954.704906275,70756.7676636775,14688.08196015375,0.8075,0.77125,4,8
2025-04-09 20:00:00.000 UTC,958485.65997188,385016.02834333,382769.09705183335,0.8126,0.7792,2,3
2025-04-10 10:00:00.000 UTC,188674570.5755695,67801732.38673618,80307805.51508589,0.81,0.785,1,2
2025-04-10 12:00:00.000 UTC,23512751.378212277,15022101.88671519,6837662.080594064,0.87,0.8466666666666666,2,3
2025-04-10 14:00:00.000 UTC,54884927.15848326,25365833.22499222,19081376.125132315,0.843225,0.816125,3,4
2025-04-10 18:00:00.000 UTC,37652879.57604309,13978329.77251755,15753812.931328528,0.922,0.901,2,5
2025-04-10 22:00:00.000 UTC,12202014.387640392,8825255.134022135,2521857.050193615,0.9256962025316455,0.9046835443037977,2,79
2025-04-11 00:00:00.000 UTC,6398.38001645,4906.51223994,0.0,0.7713,0.724,1,36
2025-04-11 04:00:00.000 UTC,37956706.82275975,35084664.56262462,215072.78254196,0.95,0.93,2,3
2025-04-11 12:00:00.000 UTC,75153674.88757923,60081989.6654342,9810927.98001448,0.95,0.93,1,1
2025-04-11 16:00:00.000 UTC,188796476.01441088,67049744.22870535,81155489.44260718,0.81,0.785,1,2
2025-04-11 18:00:00.000 UTC,1245876.0733882866,1029429.3890961369,0.0,0.83,0.805,1,225
2025-04-12 08:00:00.000 UTC,192191910.32071888,70937077.65579814,79933571.94596621,0.81,0.785,1,3
2025-04-12 10:00:00.000 UTC,1263.57087444,477.83871853,469.8394373,0.78,0.75,1,1
2025-04-12 12:00:00.000 UTC,76598522.61768037,61236622.86325094,10000003.1711918,0.95,0.93,1,1
2025-04-12 14:00:00.000 UTC,40094760.76581665,16799381.468008064,14662865.142554525,0.754,0.677,2,5
2025-04-12 16:00:00.000 UTC,205308990.95897287,88430158.20743223,72737399.69536147,0.81,0.785,1,1
2025-04-12 20:00:00.000 UTC,209561896.1448903,88943989.1994835,75562099.27425542,0.81,0.785,1,1
2025-04-13 04:00:00.000 UTC,205484765.66779327,95354017.21142276,65951523.83779497,0.81,0.785,1,1
2025-04-13 12:00:00.000 UTC,77067940.38011874,61612417.93220625,10060766.6213042,0.95,0.93,1,1
2025-04-13 14:00:00.000 UTC,105853.41033935599,84607.10724108237,0.0,0.81518,0.789575,2,80
2025-04-13 16:00:00.000 UTC,6819.109997762307,5332.213946119231,0.0,0.7887,0.7537,1,26
2025-04-13 22:00:00.000 UTC,101367011.0037983,47360940.29123297,32212163.3467487,0.81,0.785,2,2
2025-04-14 02:00:00.000 UTC,207742982.59372827,105130916.07999755,57947325.25607916,0.81,0.785,1,1
2025-04-14 08:00:00.000 UTC,208437881.37724903,105921653.65155824,57702083.22958228,0.81,0.785,1,2
2025-04-14 10:00:00.000 UTC,213043049.97143528,108287244.84808072,58951549.37949598,0.81,0.785,1,1
2025-04-14 12:00:00.000 UTC,80316282.90034987,64209851.66049888,10484291.4368265,0.95,0.93,1,1
2025-04-14 14:00:00.000 UTC,77583575.29758327,71797400.6131996,362703.28774362,0.95,0.93,2,3
2025-04-14 16:00:00.000 UTC,36405170.90196773,32836240.15877267,1020568.78005732,0.95,0.93,1,2
2025-04-15 06:00:00.000 UTC,208720366.58298835,107339029.27037798,56506458.49726788,0.81,0.785,1,3
2025-04-15 12:00:00.000 UTC,142632626.81830508,85490229.5655548,32153390.444283336,0.88,0.8575,2,2
2025-04-15 16:00:00.000 UTC,19000425.618865434,16886404.966454864,659795.246648625,0.88305,0.8571,2,4
2025-04-15 18:00:00.000 UTC,2407274.80857331,1271913.281239,544474.0302086,0.7964,0.7546,1,2
2025-04-15 20:00:00.000 UTC,111116425.75134058,103216802.15505227,121473.79369446,0.95,0.93,1,1
2025-04-16 02:00:00.000 UTC,7794.74767017,6049.20973663826,0.0,0.78,0.75,1,92
2025-04-16 04:00:00.000 UTC,3555833.7641389305,2370340.6361612245,588757.9965095498,0.8017391304347826,0.7767934782608696,3,92
2025-04-16 06:00:00.000 UTC,153264837.13671145,101051332.10214745,26669086.28715638,0.88,0.8575,2,2
2025-04-16 08:00:00.000 UTC,203035392.93799785,107929200.11691388,51453583.33941442,0.81,0.785,1,1
2025-04-16 10:00:00.000 UTC,199675078.58897445,105580087.92168774,51164848.7706572,0.81,0.785,1,3
2025-04-16 12:00:00.000 UTC,3707117.828762471,2961897.515761835,473584.2236804486,0.7880952380952381,0.7395238095238096,2,21
2025-04-16 14:00:00.000 UTC,83596.10771725,61860.38649909,0.0,0.78,0.73,1,7
2025-04-16 16:00:00.000 UTC,12502.90423263,10085.71402983,0.0,0.81,0.785,1,9
2025-04-16 18:00:00.000 UTC,5401066.692502322,4916888.340967693,63671.6926098005,0.841,0.81675,4,20
2025-04-17 00:00:00.000 UTC,95586782.2729942,88278807.34151419,616900.17237045,0.95,0.93,1,2
2025-04-17 12:00:00.000 UTC,76969003.64186582,61533249.82470978,10047923.56222544,0.95,0.93,1,1
2025-04-17 18:00:00.000 UTC,256666.41688503,180873.545943955,12891.712490535,0.79645,0.7547,1,2
2025-04-17 20:00:00.000 UTC,1790348.110149,975797.1381569024,396137.0011182325,0.805775,0.76865,2,4
2025-04-18 12:00:00.000 UTC,76423429.16071066,61096836.45246154,9976952.66699938,0.95,0.93,1,1
2025-04-18 22:00:00.000 UTC,217476.5747303491,175054.10495837475,3831.999605898571,0.83,0.805,1,133
2025-04-19 04:00:00.000 UTC,2777564.7021012665,1455925.7047494538,724310.8023422494,0.7788328767123287,0.7459424657534247,2,73
2025-04-19 12:00:00.000 UTC,83299948.90926546,66635356.84609342,10833595.63952345,0.95,0.93,1,1
2025-04-20 04:00:00.000 UTC,13452.746065074029,10437.90965589403,0.0,0.7784,0.7453,1,72
2025-04-20 12:00:00.000 UTC,82257761.17858396,65801480.88784162,10698237.00824146,0.95,0.93,1,1
2025-04-21 00:00:00.000 UTC,3853504.535413113,2165190.051538743,855900.7592695868,0.8933333333333334,0.8633333333333334,2,6
2025-04-21 06:00:00.000 UTC,207790023.6564034,108621980.04812583,54493188.52215083,0.81,0.785,1,1
2025-04-21 12:00:00.000 UTC,66331766.01910779,53061268.7617255,8627273.63604474,0.95,0.93,1,1
2025-04-21 16:00:00.000 UTC,341704.08779680036,281537.7890607096,453.7931392468293,0.829790243902439,0.8047544715447155,5,123
2025-04-21 18:00:00.000 UTC,82548.44905397925,68282.451875961,0.0,0.83,0.805,2,40
2025-04-21 22:00:00.000 UTC,1352833.39630293,1119728.74348475,0.0,0.83,0.805,1,1
2025-04-22 00:00:00.000 UTC,3336665.135259024,2771075.706342106,301470.0307768674,0.8376595744680851,0.8131914893617022,6,47
2025-04-22 08:00:00.000 UTC,61371.20610329,56385.38846263179,161.12394555714286,0.8014178571428572,0.76885,2,28
2025-04-22 12:00:00.000 UTC,16799524.147316452,13407908.547195183,2179625.05669025,0.8225,0.78,2,4
2025-04-22 14:00:00.000 UTC,837484.43238571,525635.9651250625,137299.906190015,0.819925,0.792075,2,4
2025-04-22 16:00:00.000 UTC,209529008.29164988,107893060.89611737,56587210.61282776,0.81,0.785,1,3
2025-04-22 18:00:00.000 UTC,199796.340070535,92810.5718385,53040.75641299,0.78,0.73,1,2
2025-04-22 20:00:00.000 UTC,15147086.3939173,12570599.008307507,1509468.5918669356,0.8989765957446809,0.8763553191489362,10,47
2025-04-22 22:00:00.000 UTC,7797190.094327759,4468988.795740108,2773040.9966359427,0.8013793103448277,0.7810344827586206,2,29
2025-04-23 00:00:00.000 UTC,24928.54350914,12587.741942,6013.7971188425,0.795,0.7475,2,4
2025-04-23 02:00:00.000 UTC,43249798.86257262,36317350.46654155,3904962.4756509694,0.95,0.93,1,60
2025-04-23 04:00:00.000 UTC,83087.46888451,54330.65721159,11673.196846895,0.82115,0.79435,1,2
2025-04-23 12:00:00.000 UTC,18489261.572167594,14788046.080890875,2405961.35614278,0.86,0.83625,2,4
2025-04-23 14:00:00.000 UTC,110310329.36651836,57418562.36261959,29036077.81265046,0.795,0.7575,2,2
2025-04-24 00:00:00.000 UTC,216452105.06918985,116193000.80656168,53721901.67275235,0.81,0.785,1,1
2025-04-24 12:00:00.000 UTC,71431815.99210073,57139128.39139058,9292460.4812631,0.95,0.93,1,1
2025-04-24 14:00:00.000 UTC,215219780.57328576,115598122.84241252,53349404.90761679,0.81,0.785,1,1
2025-04-24 16:00:00.000 UTC,215207050.46879023,115892291.75768115,53045242.8603192,0.81,0.785,1,3
2025-04-24 22:00:00.000 UTC,4659670.72401382,2513315.74837414,888243.88015595,0.78,0.73,1,1
2025-04-25 12:00:00.000 UTC,24283901.332110245,19423030.79136308,3160237.16158399,0.87,0.8466666666666666,2,3
2025-04-26 00:00:00.000 UTC,67988862.13182537,56355241.85940198,6503849.405252706,0.9483529411764706,0.9282941176470587,2,85
2025-04-26 08:00:00.000 UTC,28105.70137163,15920.029377243332,6142.946199486666,0.81,0.785,1,3
2025-04-26 12:00:00.000 UTC,73264272.5827657,58604483.50299714,9531289.99897495,0.95,0.93,1,1
2025-04-27 00:00:00.000 UTC,103721.93322536,84676.28092554,11785.116974045,0.95,0.93,1,2
2025-04-27 04:00:00.000 UTC,105083403.88572969,97488993.21361545,238572.40011317,0.95,0.93,1,1
2025-04-27 10:00:00.000 UTC,101714833.20683676,94103923.49797364,490871.38438455,0.95,0.93,1,1
2025-04-27 12:00:00.000 UTC,73357808.06140497,58679173.46389434,9543588.03321228,0.95,0.93,1,1
2025-04-28 06:00:00.000 UTC,65122380.01031165,60093424.23595365,470389.17363617336,0.95,0.93,2,3
2025-04-28 10:00:00.000 UTC,214026670.90054825,114279735.30042861,53731201.35650176,0.81,0.785,1,2
2025-04-28 12:00:00.000 UTC,155017881.66148117,86796769.6833453,37245766.1301005,0.8566666666666666,0.8333333333333334,2,3
2025-04-28 14:00:00.000 UTC,39306177.85526184,35538415.06567851,1016330.339715,0.95,0.93,1,1
2025-04-29 08:00:00.000 UTC,340042.61880102,182823.52007946,90910.78805536,0.83,0.805,1,2
2025-04-29 10:00:00.000 UTC,139546883.6158801,74944896.55825324,34599407.08021262,0.81,0.785,2,3
2025-04-29 12:00:00.000 UTC,49213440.6327114,39364179.17438097,6404320.61404062,0.95,0.93,1,1
2025-04-29 16:00:00.000 UTC,220032.18655734,0.0,177125.91017866,0.83,0.805,1,4
2025-04-30 12:00:00.000 UTC,46800553.98624844,37433920.51151636,6090594.69569469,0.95,0.93,1,1
2025-04-30 14:00:00.000 UTC,4472558.471129015,2484464.219655055,780503.46426913,0.78,0.73,1,2
2025-04-30 16:00:00.000 UTC,9.66623316255102,7.402509420408163,1.5429239660204084,0.48061224489795923,0.4697959183673469,2,98
2025-04-30 18:00:00.000 UTC,25.023803641500002,19.9046797125,3.3133723739999996,0.94,0.9185,2,20
2025-05-01 06:00:00.000 UTC,213104803.75150228,110875326.32341813,56028355.97475847,0.809,0.7832,1,1
2025-05-01 08:00:00.000 UTC,23840.483352305,0.0,17880.36251423,0.78,0.75,1,2
2025-05-01 10:00:00.000 UTC,798494.34618493,389364.831869685,213120.93563093,0.7934,0.75455,1,2
2025-05-01 12:00:00.000 UTC,16270254.286223087,12990810.40277284,2117890.28829728,0.8496,0.8163,2,3
2025-05-02 12:00:00.000 UTC,160226986.21417183,87507020.65178183,40098726.27603844,0.8554333333333334,0.8311,2,3
2025-05-02 14:00:00.000 UTC,203597417.1997934,107082149.6578372,52008872.14208135,0.808,0.7814,1,1
2025-05-02 16:00:00.000 UTC,31880.652151455,16087.48599244,5910.163992065,0.76,0.69,1,2
2025-05-02 20:00:00.000 UTC,95512258.8532638,88249305.97208117,577094.76145415,0.95,0.93,1,1
2025-05-03 12:00:00.000 UTC,47749206.93990922,38191969.99323077,6214792.4608848,0.95,0.93,1,1
2025-05-03 16:00:00.000 UTC,6.30539379,5.57577547,0.0,0.83,0.805,1,1
2025-05-04 12:00:00.000 UTC,47947365.78081531,38350206.86659689,6240843.30956135,0.95,0.93,1,1
2025-05-05 04:00:00.000 UTC,207967253.08504388,108302781.3376788,54182033.49766599,0.808,0.7813,1,1
2025-05-05 12:00:00.000 UTC,47213158.77811353,37762734.40216243,6145503.26148315,0.95,0.93,1,1
2025-05-05 14:00:00.000 UTC,89954048.5413454,83085682.0387674,571583.10468383,0.95,0.93,1,2
2025-05-06 06:00:00.000 UTC,205353523.75713888,108746413.39056002,51655224.01614116,0.80785,0.7811,1,2
2025-05-06 10:00:00.000 UTC,1006233.001245522,909567.6363022116,25989.59456311425,0.833,0.808125,2,40
2025-05-06 12:00:00.000 UTC,146355749.99822235,81653554.4934744,34947493.27043106,0.8552,0.8306333333333334,2,3
2025-05-06 20:00:00.000 UTC,7038125.191197459,5724497.440702095,820958.987111543,0.95,0.93,1,128
2025-05-07 14:00:00.000 UTC,47952049.97655871,38353464.77294725,6241941.70525235,0.95,0.93,1,1
2025-05-08 04:00:00.000 UTC,42650620.56658869,21688504.31348448,11577686.017690998,0.80808,0.7742399999999999,3,5
2025-05-08 06:00:00.000 UTC,517436.14079259336,309792.31324460165,102704.67140207333,0.8274,0.8016583333333333,6,12
2025-05-08 08:00:00.000 UTC,124949119.80241428,65705273.98013543,31738836.01217555,0.8163,0.78992,2,5
2025-05-08 10:00:00.000 UTC,924790.6300434676,384824.42796026875,359632.02922472125,0.83,0.805,4,8
2025-05-08 12:00:00.000 UTC,109261766.43512498,59634836.75551799,26830995.383446194,0.8385,0.8131166666666667,3,6
2025-05-08 14:00:00.000 UTC,5021577.231582026,4062507.867169993,571354.1896941107,0.8392357142857143,0.8086214285714285,11,28
2025-05-08 16:00:00.000 UTC,54751188.15691341,33389780.808749106,11513259.877539752,0.8973200000000001,0.87477,3,10
2025-05-08 18:00:00.000 UTC,13435398.980556797,11100830.94550447,1383867.5854071593,0.918364,0.895748,5,25
2025-05-08 20:00:00.000 UTC,15376188.583433412,11519346.316546973,2202159.1012821384,0.9079019230769231,0.8847692307692309,19,104
2025-05-08 22:00:00.000 UTC,9993018.502150293,7765917.3807589,1527589.8262408716,0.95,0.93,1,6
2025-05-09 00:00:00.000 UTC,199783468.13231793,105222829.56692544,50268643.68045761,0.8063,0.7783,1,1
2025-05-09 02:00:00.000 UTC,12712432.888220202,9965718.040089853,1856844.5459549425,0.95,0.93,1,12
2025-05-09 04:00:00.000 UTC,16251013.990303718,12835370.501657898,2278072.509324561,0.95,0.93,1,12
2025-05-09 06:00:00.000 UTC,6660090.314779428,4187416.5897219926,1251146.3484901816,0.8437022727272728,0.8175681818181818,20,44
2025-05-09 08:00:00.000 UTC,22809826.44712656,12881158.75885543,4864089.50825424,0.878925,0.8554875,5,16
2025-05-09 10:00:00.000 UTC,118453.72819973,53273.81290177,42081.43829901,0.83,0.805,1,1
2025-05-09 12:00:00.000 UTC,20711871.28772028,16443733.389552817,2771167.95516715,0.8439333333333334,0.8156666666666667,2,3
2025-05-09 20:00:00.000 UTC,48330580.60499245,40158484.74443463,4788955.218208357,0.95,0.93,1,54
2025-05-09 22:00:00.000 UTC,63911427.59145931,53142416.66935074,6295210.990706414,0.95,0.93,1,78
2025-05-10 02:00:00.000 UTC,73601930.29667316,61218464.49185871,7231330.684047344,0.95,0.93,1,6
2025-05-10 04:00:00.000 UTC,86358297.1873125,71848283.6783035,8464932.705897113,0.95,0.93,1,102
2025-05-10 14:00:00.000 UTC,63075699.17424547,50447478.94199613,8212921.29005216,0.95,0.93,1,1
2025-05-10 16:00:00.000 UTC,50184.886408785,25253.0338731,9374.537748965,0.76,0.69,1,2
2025-05-10 18:00:00.000 UTC,118655121.58778352,109929985.1530295,419277.92360918,0.95,0.93,1,1
2025-05-10 20:00:00.000 UTC,38192228.128028624,35396860.747575015,98867.49977750835,0.8559666666666667,0.8271,3,6
2025-05-10 22:00:00.000 UTC,38908776.308510095,20819737.356680207,10713977.137097292,0.8459,0.8211166666666666,4,6
2025-05-11 12:00:00.000 UTC,66208209.0342362,52951603.9806122,8622030.42122747,0.95,0.93,1,1
2025-05-12 06:00:00.000 UTC,460237.22595574416,235433.49767360667,120223.1744947325,0.81605,0.7869083333333333,6,12
2025-05-12 08:00:00.000 UTC,171898049.22190922,78780920.85845914,54646344.94758679,0.8052,0.7762,1,1
2025-05-13 00:00:00.000 UTC,0.0,0.0,0.0,0.0,0.0,1,1
2025-05-13 06:00:00.000 UTC,0.0,0.0,0.0,0.0,0.0,1,1
2025-05-13 08:00:00.000 UTC,0.0,0.0,0.0,0.0,0.0,1,2
2025-05-13 12:00:00.000 UTC,66366183.40442991,53076652.19588144,8643898.37023838,0.95,0.93,1,1
2025-05-13 14:00:00.000 UTC,172643064.8680856,78883960.06295659,55104322.58116466,0.8051,0.7761,1,1
2025-05-13 16:00:00.000 UTC,21694580.23041152,12923467.876840485,4935746.743361394,0.8986272727272728,0.8764181818181818,3,11
2025-05-13 18:00:00.000 UTC,6699527.948806167,5626547.480246881,565119.1097533008,0.8605868421052632,0.8359184210526315,13,38
2025-05-13 20:00:00.000 UTC,115643120.7409286,107563277.2749562,0.0,0.95,0.93,1,1
2025-05-14 00:00:00.000 UTC,321063.11671876,191663.91103943,42712.16416526,0.78,0.73,1,1
2025-05-14 02:00:00.000 UTC,0.0,0.0,0.0,0.0,0.0,1,1
2025-05-14 06:00:00.000 UTC,0.0,0.0,0.0,0.0,0.0,1,5
2025-05-14 08:00:00.000 UTC,122586.48205563,87885.37319194,10796.74486284,0.83,0.805,1,1
2025-05-14 12:00:00.000 UTC,68704396.10396446,54945957.15665796,8949131.22002899,0.95,0.93,1,1
2025-05-14 14:00:00.000 UTC,157570323.2991432,79765309.94177774,42272905.4534087,0.8043,0.7745,1,1
2025-05-15 06:00:00.000 UTC,28684006.648551065,26432879.31422726,246753.06677442108,0.6066666666666667,0.5922222222222223,5,9
2025-05-15 08:00:00.000 UTC,9418301.746351272,4609946.610250678,2677935.2810759367,0.05024375,0.0483625,2,16
2025-05-16 08:00:00.000 UTC,208890.24558222102,78716.151829088,59151.410255179006,0.71,0.66,5,10
2025-05-16 14:00:00.000 UTC,99489963.76676804,56009635.43845062,25020046.2772883,0.8768,0.85165,2,2
2025-05-16 16:00:00.000 UTC,89509953.54812405,82282497.18022998,961759.6195253868,0.95,0.93,1,3
2025-05-18 00:00:00.000 UTC,75181031.52078989,68257018.93267024,1661340.38166435,0.95,0.93,1,1
2025-05-18 18:00:00.000 UTC,190843.25692599601,117738.941841162,35449.86386168,0.82836,0.80306,3,5
2025-05-18 20:00:00.000 UTC,6988986.325188349,6213607.147055304,254135.969664968,0.84035,0.81503,6,10
2025-05-18 22:00:00.000 UTC,347486.04093025,211731.2217693233,41933.58810976,0.78,0.73,1,3
2025-05-19 02:00:00.000 UTC,57094.57358052,35567.83426683,3827.421503725,0.76,0.69,1,2
2025-05-19 10:00:00.000 UTC,113610.61639547,87969.31772555,3487.2284728,0.83,0.805,1,1
2025-05-19 16:00:00.000 UTC,143891012.7683137,44054020.87916463,67159342.88946503,0.8034,0.7729,1,1
2025-05-19 18:00:00.000 UTC,89840282.08433709,54929111.7149585,21553518.340935294,0.9009666666666666,0.8773666666666666,2,3
2025-05-19 22:00:00.000 UTC,61354.856726095,33454.96574298,8879.885398025,0.76,0.69,1,2
2025-05-20 02:00:00.000 UTC,68871.51419097,44835.27933015,10606.28959358,0.83,0.805,1,2
2025-05-20 12:00:00.000 UTC,66664.09582382,45772.49994878,7892.097189395,0.83,0.805,1,2
2025-05-20 18:00:00.000 UTC,59242782.4644423,52660184.03327134,2435603.65866,0.95,0.93,1,1
2025-05-20 20:00:00.000 UTC,3366252.7433552304,2545867.4852012717,584747.2148057326,0.8657142857142857,0.847,4,140
2025-05-21 04:00:00.000 UTC,29574644.18256739,7383530.794468023,15789489.635896696,0.8800578947368422,0.852921052631579,3,19
2025-05-21 06:00:00.000 UTC,481235.7427494843,209230.31012201714,160007.54659112717,0.8085714285714285,0.7728571428571428,3,7
2025-05-21 12:00:00.000 UTC,73837263.9317992,24461479.24059126,32208620.82706463,0.8004,0.7675,1,1
2025-05-21 16:00:00.000 UTC,18995641.94160288,8250336.45611596,6174666.91935659,0.7850333333333332,0.7398333333333333,2,3
2025-05-21 22:00:00.000 UTC,81289.07321199,28594.069629893336,31069.79524781,0.79,0.7483333333333333,2,3
2025-05-22 02:00:00.000 UTC,122896.390106095,53118.70665143,38469.985578595,0.8009,0.76265,2,4
2025-05-22 04:00:00.000 UTC,287342.621630225,133675.35666662,76084.757123445,0.78,0.73,1,2
2025-05-22 08:00:00.000 UTC,25916856.222507574,10887867.184979716,8968958.559151746,0.8196333333333334,0.7920333333333333,2,3
2025-05-22 16:00:00.000 UTC,86770554.09316625,26003803.298473876,40498344.920723215,0.79845,0.7664,1,2
2025-05-22 22:00:00.000 UTC,97534.97007800335,85617.47916079668,4206.78671476,0.9033333333333334,0.8816666666666666,2,3
2025-05-23 02:00:00.000 UTC,132826950.14725208,122161692.26254624,1345663.7365099268,0.8673,0.8435,2,3
2025-05-23 10:00:00.000 UTC,71830.408838025,49461.686083065,8361.793031545,0.83,0.805,1,2
2025-05-23 14:00:00.000 UTC,41235962.46254466,15248074.148396876,16330595.72712393,0.80405,0.7754,2,2
2025-05-23 18:00:00.000 UTC,17569.77360811,10002.50028085,3789.77200152,0.81,0.785,1,1
2025-05-23 22:00:00.000 UTC,1216118.8438337822,984270.2556831209,146646.0650653597,0.89,0.8710294117647059,2,68
2025-05-24 00:00:00.000 UTC,17359.8927839,10002.80752841,3624.708306955,0.81,0.785,1,2
2025-05-24 20:00:00.000 UTC,50322369.00828155,44728293.79628754,2071509.3814143,0.95,0.93,2,4
2025-05-24 22:00:00.000 UTC,17365.33585245,10004.01546628,3627.77317789,0.81,0.785,1,1
2025-05-25 00:00:00.000 UTC,226500.603690035,164839.96794143,16377.27372738,0.8258,0.80005,1,2
2025-05-25 10:00:00.000 UTC,41611919.24533229,12171009.741468744,19340411.04919192,0.7883666666666667,0.7482833333333333,2,6
2025-05-26 02:00:00.000 UTC,368541824.21160126,339091830.755916,3652065.76087317,0.95,0.93,1,1
2025-05-26 06:00:00.000 UTC,49218986.48633572,16661044.078344885,20809370.333702505,0.79405,0.7613,1,2
2025-05-26 12:00:00.000 UTC,61552910.09798799,30225812.2598975,16923716.8751613,0.7972,0.766,1,1
2025-05-26 20:00:00.000 UTC,399231.94044821,251952.84166566,39486.47486153,0.78,0.73,1,1
2025-05-27 08:00:00.000 UTC,79932.076877315,43505.97864164,11647.154403705,0.76,0.69,1,2
2025-05-27 10:00:00.000 UTC,96676720.55868998,33771736.82826451,40205289.74324506,0.797,0.7652,1,1
2025-05-27 12:00:00.000 UTC,106263650.37603272,37784218.8627536,43720000.975663505,0.7982,0.767,1,1
2025-05-28 00:00:00.000 UTC,119321953.11821616,45827183.57489209,45931398.37301614,0.7995,0.769,1,1
2025-05-29 02:00:00.000 UTC,91203.30915523,41566.629572465,31852.0342974975,0.83,0.805,2,4
2025-05-29 12:00:00.000 UTC,109441993.0210162,33624717.55237717,50382956.29055486,0.7985,0.7676,1,1
2025-05-29 18:00:00.000 UTC,130184384.59163249,108143031.00598426,12928446.66423396,0.95,0.93,1,56
2025-05-29 20:00:00.000 UTC,154437090.3048783,128406857.75667436,15219636.226862438,0.95,0.93,1,16
2025-05-29 22:00:00.000 UTC,192029430.0423593,159427796.3196223,19159573.619771857,0.95,0.93,1,60
2025-05-30 00:00:00.000 UTC,270363453.9566515,231307569.226042,20130442.953643866,0.95,0.93,1,46
2025-05-30 04:00:00.000 UTC,106941626.7012564,36876730.67342482,45211661.98245958,0.7985,0.7676,1,1
2025-05-30 08:00:00.000 UTC,363175347.95089805,334156860.62926424,3596212.96507092,0.95,0.93,1,2
2025-05-30 12:00:00.000 UTC,84083762.48306707,25491923.84743208,38395115.18413477,0.793725,0.75975,1,4
2025-05-30 16:00:00.000 UTC,67882.0630877875,44776.872524015,6022.0030482225,0.795,0.7475,2,4
2025-05-30 22:00:00.000 UTC,13849.380246394883,11194.99855544186,231.8971999988372,0.83,0.805,2,43
2025-05-31 00:00:00.000 UTC,189428.45242286884,155039.0296827033,17.95858887375,0.82909375,0.803796875,3,128
2025-05-31 02:00:00.000 UTC,72233664.14165033,26554123.90514735,28343460.84250691,0.7936,0.76,1,1
2025-05-31 22:00:00.000 UTC,2306714.92849907,2178230.06745816,0.0,0.95,0.93,1,7
2025-06-01 02:00:00.000 UTC,335958688.74085134,306115238.4640378,6326342.064953965,0.95,0.93,1,2
2025-06-01 08:00:00.000 UTC,78425.25951924286,65077.31284911071,0.0,0.83,0.805,1,14
2025-06-01 12:00:00.000 UTC,57565.63612877708,47669.32779602292,46.429567130769236,0.83,0.805,5,65
2025-06-02 02:00:00.000 UTC,48877629.60592529,43322522.61080295,2133672.92270758,0.95,0.93,1,1
2025-06-02 10:00:00.000 UTC,53188193.9936057,20371325.722223926,20410479.299817756,0.797,0.76835,1,4
2025-06-03 04:00:00.000 UTC,218977.54751959,175155.228942025,28493.890251195,0.475,0.465,1,2
2025-06-03 06:00:00.000 UTC,47143446.04176198,42257396.97510217,1586007.84373646,0.95,0.93,1,1
2025-06-03 12:00:00.000 UTC,332864106.5456026,307602497.02421784,1961122.06319259,0.95,0.93,1,1
2025-06-03 14:00:00.000 UTC,325511117.30955046,300807075.58580947,1918263.51207247,0.95,0.93,1,1
2025-06-03 16:00:00.000 UTC,311559240.73196286,287897582.1044869,1852511.77623862,0.95,0.93,1,1
2025-06-04 02:00:00.000 UTC,45155044.69821064,19733095.02598568,15257549.11065774,0.7999,0.7749,1,1
2025-06-04 08:00:00.000 UTC,0.0,0.0,0.0,0.0,0.0,1,3
2025-06-04 12:00:00.000 UTC,44993168.406160414,15687682.48147043,19177523.71646328,0.7999,0.7749,1,1
2025-06-05 02:00:00.000 UTC,304844994.76956546,273797031.50108904,9708813.63460683,0.95,0.93,1,1
2025-06-05 12:00:00.000 UTC,24267190.089180265,9311300.890228104,9493344.709877687,0.7999,0.7749,1,3
2025-06-05 20:00:00.000 UTC,8872679.835930437,7909081.665733654,319194.98400001,0.834,0.8,3,5
2025-06-05 22:00:00.000 UTC,49.01492747076924,34.00524645730769,10.10818826653846,0.92,0.9,1,26
2025-06-06 00:00:00.000 UTC,24814852.22254603,9667349.44025788,9655975.98543871,0.8037,0.7787,1,1
2025-06-06 04:00:00.000 UTC,3568901.75990815,2797501.4577865843,512788.4687946157,0.9473015873015873,0.9268253968253968,3,63
2025-06-06 12:00:00.000 UTC,47287922.20134068,18162537.818468716,18529682.774994694,0.80115,0.77615,1,2
2025-06-08 06:00:00.000 UTC,285604566.9348084,264165210.09098592,1447037.1583859,0.95,0.93,1,1
2025-06-08 10:00:00.000 UTC,65635311.36474779,20305594.84913998,30555207.92740308,0.7999,0.7749,1,1
2025-06-08 14:00:00.000 UTC,282279465.12449634,254842577.12039584,7677325.44538578,0.95,0.93,1,1
2025-06-08 16:00:00.000 UTC,273872508.8833667,253319579.27615127,1381853.98537972,0.95,0.93,1,1
2025-06-09 02:00:00.000 UTC,65361527.39502929,24479633.364746626,26169014.21366157,0.7999,0.7749,1,4
2025-06-09 04:00:00.000 UTC,260608940.53981,241005655.59391528,1360659.10810804,0.95,0.93,1,1
2025-06-09 10:00:00.000 UTC,129830.10052567,54514.78739677,31173.07895017,0.71,0.66,1,2
2025-06-09 12:00:00.000 UTC,66237252.50963707,21973248.26249325,29353998.70722452,0.7999,0.7749,1,1
2025-06-09 20:00:00.000 UTC,68135.097472455,39839.5207437575,10787.5569803075,0.795,0.7475,2,4
2025-06-09 22:00:00.000 UTC,23168456.806175806,7346602.86571989,10606634.39956478,0.7799666666666667,0.7466333333333333,3,3
2025-06-10 02:00:00.000 UTC,123269806.73966056,110429093.995475,4211826.272409297,0.95,0.93,2,10
2025-06-10 10:00:00.000 UTC,659442.7419908221,186241.449885295,327624.56072799285,0.7945785714285715,0.7572714285714285,7,14
2025-06-10 12:00:00.000 UTC,27301834.66258144,8645451.66885905,12501430.239946732,0.7816666666666667,0.7488666666666667,2,3
2025-06-10 16:00:00.000 UTC,155066.212526885,64965.32417771,37378.376090035,0.71,0.66,1,2
2025-06-10 22:00:00.000 UTC,1195001.8839007122,571673.6814169225,350591.3798480425,0.8151,0.7861,2,4
2025-06-11 00:00:00.000 UTC,5878781.76567098,3721579.562911595,985541.379104435,0.8268,0.80065,1,2
2025-06-11 08:00:00.000 UTC,303175.197545565,126734.51112552,73361.11925455,0.71,0.66,1,2
2025-06-11 14:00:00.000 UTC,366429.72614767915,189458.3510383675,105517.578510515,0.83,0.805,6,12
2025-06-12 12:00:00.000 UTC,315385.02018432,229616.83873631,24268.10251207,0.83,0.805,1,2
2025-06-12 16:00:00.000 UTC,13345172.68054936,11127580.408616493,1232982.6005126752,0.9386666666666666,0.9166666666666666,2,15
2025-06-12 18:00:00.000 UTC,8001.911923118667,6150.689911166999,1051.0308196398335,0.92,0.9,1,60
2025-06-12 20:00:00.000 UTC,83655.5818332,45332.74767737,14012.762262036002,0.782,0.747,3,5
2025-06-12 22:00:00.000 UTC,19860.26671509,14903.4453444,2970.79469918,0.92,0.9,1,2
2025-06-13 00:00:00.000 UTC,229379.5143759278,132857.7170077126,46333.57340131782,0.8178260869565217,0.7854347826086957,11,23
2025-06-13 02:00:00.000 UTC,27116.579281891663,22155.920726638335,2249.000627065,0.92,0.9,1,12
2025-06-13 14:00:00.000 UTC,389007.35797981726,306266.36394984927,43840.25823198646,0.92,0.9,1,96
2025-06-13 16:00:00.000 UTC,1527918.0743642184,1230030.5120862892,145095.75484150855,0.92,0.9,1,14
2025-06-13 18:00:00.000 UTC,2383589.2100022626,1942972.3543591287,202257.9346429075,0.92,0.9,1,24
2025-06-14 06:00:00.000 UTC,155.370301685,0.0,116.527726265,0.78,0.75,1,2
2025-06-16 16:00:00.000 UTC,174472.680767055,69419.88753754,67393.25332672,0.8103,0.78415,1,2
2025-06-17 16:00:00.000 UTC,28503.986176226957,18803.121911603477,2020.7798716869565,0.9078260869565218,0.8852173913043478,2,23
2025-06-17 18:00:00.000 UTC,3363065.167425302,2763182.4217670863,364468.18393844337,0.95,0.93,2,102
2025-06-19 00:00:00.000 UTC,72492921.9494715,21800618.950402673,34374146.2682428,0.7999,0.7749,1,1
2025-06-19 10:00:00.000 UTC,67107220.8649838,18464956.852417007,33536428.59585894,0.7999,0.7749,1,1
2025-06-19 14:00:00.000 UTC,192642.24467221,122075.151947475,10704.322598165,0.7588,0.68925,1,2
2025-06-19 18:00:00.000 UTC,14098306.443571985,11690419.054376332,1387592.631389874,0.9432,0.922,3,25
2025-06-20 04:00:00.000 UTC,61079005.02929149,18285679.738952048,29044441.25824593,0.7999,0.7749,1,1
2025-06-20 10:00:00.000 UTC,56692512.62441401,15819315.9372662,28111712.09539222,0.7999,0.7749,1,1
2025-06-20 12:00:00.000 UTC,56565741.53842427,16293873.4480418,27538919.67008317,0.7999,0.7749,1,1
2025-06-20 16:00:00.000 UTC,6717466.11008553,2367889.051341826,2864019.9746457343,0.7996666666666667,0.7690333333333333,5,9
2025-06-21 04:00:00.000 UTC,5.96270567,4.64737707,0.0,0.7390333333333333,0.6975666666666667,3,3
2025-06-21 20:00:00.000 UTC,4708532.147494211,3812734.164374557,481267.9567903273,0.8442690476190478,0.8152428571428572,18,42
2025-06-21 22:00:00.000 UTC,234834.28520631668,148695.91840555167,34611.33123983,0.8062,0.7663833333333333,3,6
2025-06-22 12:00:00.000 UTC,200075.39051228715,145686.49809343,15374.191268962857,0.83,0.805,3,7
2025-06-22 20:00:00.000 UTC,643694.8763198863,390548.3924285275,79269.93645644,0.77695,0.738725,4,8
2025-06-23 06:00:00.000 UTC,41747306.86364859,13547361.72280254,18802626.36583875,0.7999,0.7749,1,1
2025-06-23 12:00:00.000 UTC,0.0,0.0,0.0,0.0,0.0,1,1
2025-06-23 16:00:00.000 UTC,38473453.46230368,11095574.80148069,18717504.286458433,0.7999,0.7749,1,1
2025-06-23 18:00:00.000 UTC,4385383.848456792,3118982.136753242,959424.842311574,0.95,0.93,1,10
2025-06-23 20:00:00.000 UTC,3772686.123091765,1935895.8875304412,1092950.5329672312,0.7821625,0.7397875,4,8
2025-06-23 22:00:00.000 UTC,10576674.78014186,3662099.1902214326,4534131.420014198,0.822475,0.797475,2,4
2025-06-24 06:00:00.000 UTC,113762.74855418,47858.54119224,27224.87285352,0.71,0.66,1,2
2025-06-24 14:00:00.000 UTC,3348.820072985,2526.83695025,168.963208505,0.83,0.805,1,2
2025-06-24 16:00:00.000 UTC,57080.853253465,28626.13824239125,11324.1153750425,0.7825,0.74,4,8
2025-06-25 08:00:00.000 UTC,1264.563357335,1.14034176,1116.606066535,0.4605,0.45025,1,2
2025-06-25 12:00:00.000 UTC,3870.286133023333,3236.96649129,246.29102843,0.92,0.9,1,3
2025-06-25 16:00:00.000 UTC,7663.122936946666,6409.157236396666,487.65340685666666,0.92,0.9,1,3
2025-06-25 22:00:00.000 UTC,43812873.53151281,39265329.99126917,1480642.39303774,0.95,0.93,1,1
2025-06-26 02:00:00.000 UTC,1080378.198461825,638846.71250149,228756.2743308575,0.8295,0.8043875,4,8
2025-06-26 10:00:00.000 UTC,5398.488598776667,4455.164026435,332.42219292333334,0.8966666666666666,0.8716666666666666,2,6
2025-06-26 12:00:00.000 UTC,25732414.943752546,8542577.513836836,11397349.206336258,0.78995,0.75245,2,6
2025-06-28 18:00:00.000 UTC,3663909.4595587,2304717.24069014,369936.66478771,0.78,0.73,1,1
2025-06-28 20:00:00.000 UTC,43014979.60837413,38522079.49431918,1481851.5414687635,0.95,0.93,2,3
2025-06-29 10:00:00.000 UTC,192620.571665385,110946.393786185,21817.8778861,0.7588,0.68925,1,2
2025-06-29 14:00:00.000 UTC,56788288.14776709,20847001.24600648,23158243.23969824,0.7999,0.7749,1,1
2025-06-29 22:00:00.000 UTC,184503.0530102,52506.2906211925,96018.66705202,0.83,0.805,1,4
2025-06-30 08:00:00.000 UTC,7730.954073856667,6411.349676816666,546.5089896533334,0.92,0.9,1,3
2025-06-30 10:00:00.000 UTC,5813.25408706,4950.22611431,281.70256404,0.92,0.9,1,1
2025-06-30 12:00:00.000 UTC,58428606.33153138,20418019.033195447,24858480.501891926,0.829925,0.806175,2,4
2025-06-30 14:00:00.000 UTC,5515.32850429,4950.01906601,13.77658785,0.92,0.9,1,1
2025-06-30 16:00:00.000 UTC,17484816.49885962,14627532.87276251,1633346.47117694,0.95,0.93,2,18
2025-07-01 02:00:00.000 UTC,59091365.18037646,23032089.25183645,22130139.213587273,0.78995,0.75245,2,2
2025-07-01 04:00:00.000 UTC,21.41712804,13.47206441,2.16243906,0.78,0.73,1,1
2025-07-02 06:00:00.000 UTC,43660693.023564,39484767.4362553,1119677.07565922,0.95,0.93,1,1
2025-07-02 08:00:00.000 UTC,88901285.50678085,33052006.08127635,35837600.05792813,0.7999,0.7749,1,1
2025-07-02 12:00:00.000 UTC,23836733.33107214,8865557.97049376,9541178.22221241,0.784725,0.75565,2,4
2025-07-02 16:00:00.000 UTC,155211.0238949804,76639.2403613084,48228.9287261172,0.828468,0.802712,12,25
2025-07-02 18:00:00.000 UTC,296704.64961821,148673.29950093335,90174.03649473334,0.8227666666666666,0.7967,2,3
2025-07-02 20:00:00.000 UTC,38373284.765203215,13474587.3205907,16079478.90866989,0.7986666666666667,0.763,2,3
2025-07-02 22:00:00.000 UTC,197783.509776685,56259.356896655,102956.368473575,0.83,0.805,1,2
2025-07-03 02:00:00.000 UTC,113601749.29821955,42720556.613331296,44764150.52122757,0.7968,0.7701,1,1
2025-07-03 08:00:00.000 UTC,7258.52972525,5146.95752964,151.76916979,0.78,0.73,1,1
2025-07-03 12:00:00.000 UTC,10372.06095017,8674.81449154,660.040363615,0.92,0.9,1,2
2025-07-03 14:00:00.000 UTC,60769.927169796,29640.011149973998,12752.762301002,0.869,0.8425,3,10
2025-07-03 16:00:00.000 UTC,15860.217775503332,14235.512031933333,38.68396602,0.92,0.9,1,3
2025-07-03 22:00:00.000 UTC,94.53619094,73.66960998,0.0,0.7792,0.6563,1,1
2025-07-04 10:00:00.000 UTC,2624.09017437,979.14883278,1080.23713607,0.8099,0.7848,1,1
2025-07-04 12:00:00.000 UTC,116655752.14054964,44302088.83136548,45452846.86557341,0.7962,0.7694,1,1
2025-07-04 14:00:00.000 UTC,28252941.82940918,11039802.738386612,10722749.703857098,0.88165,0.858725,3,4
2025-07-06 22:00:00.000 UTC,28134.18558412,15361.79314122,7286.226254,0.83,0.805,1,1
2025-07-07 04:00:00.000 UTC,103093748.09294474,42925976.138191655,36692771.812897384,0.7986,0.7723,1,3
2025-07-07 06:00:00.000 UTC,108615165.14703149,45421202.42184729,38549181.75332275,0.7993,0.7731,1,1
2025-07-07 12:00:00.000 UTC,38591010.56714352,14170355.107855102,15603242.012819752,0.8793333333333334,0.8571666666666666,2,3
2025-07-07 14:00:00.000 UTC,0.0,0.0,0.0,0.0,0.0,1,1
2025-07-07 16:00:00.000 UTC,0.0,0.0,0.0,0.0,0.0,1,1
2025-07-08 12:00:00.000 UTC,114877667.71964212,42966897.68642327,45707174.02636849,0.7983,0.7719,1,1
2025-07-08 16:00:00.000 UTC,193224.84707205,71933.94008706333,79283.62384807,0.8133333333333334,0.78,2,3
2025-07-08 22:00:00.000 UTC,381.32059442,239.86295417,38.50107976,0.78,0.73,1,1
2025-07-09 00:00:00.000 UTC,74.11771568,60.0808035,0.0,0.8106,0.7825,1,1
2025-07-09 04:00:00.000 UTC,118120.3451005175,67980.971632625,13465.4753401,0.769475,0.719675,3,4
2025-07-09 12:00:00.000 UTC,39332148.71402249,15619054.625334788,14749958.846099628,0.8194666666666666,0.794,2,3
2025-07-09 14:00:00.000 UTC,39372.946768,25166.29356253,6528.92858571,0.83,0.805,2,3
2025-07-09 18:00:00.000 UTC,294666.89154346666,139374.47753578555,95513.43927838335,0.8244444444444445,0.7966666666666667,8,18
2025-07-10 02:00:00.000 UTC,138623990.44212362,51907126.97427736,55200549.25484685,0.799,0.77265,1,2
2025-07-10 04:00:00.000 UTC,48365002.96978497,42788359.715905,2191093.04599502,0.95,0.93,1,1
2025-07-10 12:00:00.000 UTC,30014.82570057,15369.34307141,8792.59161755,0.83,0.805,1,1
2025-07-10 16:00:00.000 UTC,1387021.741851344,811660.9514959,288912.05581155897,0.8221200000000001,0.79409,5,10
2025-07-10 18:00:00.000 UTC,93415.34859563335,40351.409644616666,21775.51489536,0.75,0.7083333333333333,2,3
2025-07-10 20:00:00.000 UTC,7686456.512004669,2951594.6851593545,2979765.2097641574,0.802385,0.770965,10,20
2025-07-11 04:00:00.000 UTC,1085873.268270824,530545.943772696,290822.922822544,0.77032,0.73234,3,5
2025-07-11 06:00:00.000 UTC,457923.341430765,185679.345869805,182948.94398196,0.83,0.805,1,2
2025-07-11 08:00:00.000 UTC,14301338.079319337,5811414.785861978,5242131.9726849655,0.8271363636363636,0.8020090909090909,6,11
2025-07-11 12:00:00.000 UTC,148520270.7805232,61544219.02104341,53217394.21106687,0.799,0.7727,1,1
2025-07-12 04:00:00.000 UTC,527570.68332203,241800.26066774,172342.725740054,0.81,0.785,1,5
2025-07-12 10:00:00.000 UTC,154133.308200645,140043.624998,3300.3516286,0.95,0.93,1,2
2025-07-13 12:00:00.000 UTC,171971.06958931335,71767.58013760667,66669.13088179,0.83,0.805,1,3
2025-07-14 00:00:00.000 UTC,150198017.61316812,61629348.80780946,54323520.78955634,0.7988,0.772,1,1
2025-07-14 02:00:00.000 UTC,623586.453746237,304904.5606971385,154206.18384214153,0.7754846153846154,0.7278,6,13
2025-07-14 04:00:00.000 UTC,28941.187375618487,24946.724022204548,1733.9267627936365,0.9036363636363636,0.8754545454545454,2,33
2025-07-14 06:00:00.000 UTC,9276753.55216156,8225375.20048772,343764.524578205,0.8083333333333333,0.7633333333333333,3,6
2025-07-14 08:00:00.000 UTC,166958350.3806106,69498512.99540973,59439366.42841756,0.7989,0.772275,1,4
2025-07-14 10:00:00.000 UTC,18650084.564219028,7510577.504822606,6950816.479453922,0.8266555555555555,0.8016222222222222,5,9
2025-07-14 12:00:00.000 UTC,8652.47523426,6162.25084872,154.05607229,0.78,0.73,1,1
2025-07-14 16:00:00.000 UTC,0.0,0.0,0.0,0.0,0.0,1,2
2025-07-14 18:00:00.000 UTC,10.03219486,8.28692656,0.0,0.78,0.75,1,1
2025-07-14 20:00:00.000 UTC,112.20408388,93.72174204,0.0,0.83,0.805,1,1
2025-07-15 02:00:00.000 UTC,18700.06652792,4.37301327,13646.86245738,0.77,0.71,2,2
2025-07-15 16:00:00.000 UTC,348272.169896225,138815.28229799,125303.061756145,0.7951,0.764875,2,4
2025-07-15 18:00:00.000 UTC,186100.4336468,114695.924822375,21157.391739785,0.78,0.73,1,2
2025-07-15 22:00:00.000 UTC,358770.0530580769,158941.2865845356,129868.52667080062,0.826875,0.8015625,8,16
2025-07-16 00:00:00.000 UTC,43072252.433622174,17455357.26462669,15848823.467446845,0.80615,0.77095,3,4
2025-07-16 06:00:00.000 UTC,18329103.368933067,7545766.275453077,6690789.244172746,0.82073,0.79564,5,10
2025-07-16 10:00:00.000 UTC,166512289.70307547,66384260.29568871,62612734.1416723,0.8001,0.7747,1,2
2025-07-16 12:00:00.000 UTC,1129802.28246958,375000.536487035,615836.06523879,0.897,0.877,1,2
2025-07-16 14:00:00.000 UTC,18173072.01349412,7044410.921380533,7065319.729097966,0.8335100000000001,0.8075100000000001,6,10
2025-07-16 16:00:00.000 UTC,208857.225277315,62527.15666752,105602.9096807175,0.83,0.805,2,4
2025-07-16 18:00:00.000 UTC,10389762.676519083,8705185.54382984,920153.2651691231,0.8594055555555554,0.8320444444444445,6,18
2025-07-16 20:00:00.000 UTC,405529.4181395622,197637.118952185,128075.10468555943,0.8288888888888889,0.8038888888888889,10,18
2025-07-16 22:00:00.000 UTC,59.86684555,52.467971165,0.0,0.78,0.75,2,2
2025-07-17 06:00:00.000 UTC,405841.0050711982,204790.78270535817,121683.44083272819,0.8281818181818182,0.8031818181818182,6,11
2025-07-17 08:00:00.000 UTC,358214.363615195,150332.54112834,86088.93885769,0.71,0.66,1,2
2025-07-17 20:00:00.000 UTC,2541746.7219404373,627786.4928220625,1370513.5430472724,0.82,0.795,2,4
2025-07-17 22:00:00.000 UTC,189622.2357362767,96684.69976279,32802.21125596333,0.7333333333333333,0.6833333333333333,2,3
2025-07-18 00:00:00.000 UTC,11365936.799672298,4745858.0483358735,4064959.308765671,0.821785,0.7946,11,20
2025-07-18 02:00:00.000 UTC,2132269.47250635,1375585.50674365,494414.82064442,0.897,0.877,1,2
2025-07-18 04:00:00.000 UTC,704880.6590929624,401961.20687240694,189966.89466959616,0.8210692307692309,0.7926,6,13
2025-07-18 06:00:00.000 UTC,31799389.302398514,13894079.659313465,11008038.063510768,0.8830142857142856,0.8621285714285714,2,7
2025-07-18 08:00:00.000 UTC,5134781.148555017,4355305.410139253,147897.65714349665,0.897,0.877,1,6
2025-07-18 10:00:00.000 UTC,6256077.860283126,5352761.143387008,133819.14008129333,0.897,0.877,1,6
2025-07-18 12:00:00.000 UTC,6602834.73599105,5649449.76225866,141236.30120549,0.897,0.877,1,1
2025-07-18 14:00:00.000 UTC,194694941.8886092,78473286.18903854,72045373.38504522,0.7994,0.7731,1,1
2025-07-18 20:00:00.000 UTC,170003.800398465,96945.6814388,39907.377881965,0.83,0.805,1,2
2025-07-18 22:00:00.000 UTC,50.82639496,41.09539076,0.0,0.78,0.75,1,1
2025-07-19 02:00:00.000 UTC,63904369.93226221,57804240.32418022,1626823.71282364,0.95,0.93,1,1
2025-07-19 04:00:00.000 UTC,196953220.87213287,79082410.82182454,73083647.62398534,0.7993,0.7726,1,1
2025-07-19 06:00:00.000 UTC,130120088.99562448,68420644.44677792,37148458.30851545,0.87465,0.85135,2,2
2025-07-19 18:00:00.000 UTC,360473.25581562,128924.77295779,134220.70378761,0.78,0.73,1,1
2025-07-20 08:00:00.000 UTC,330783.15006085,94126.914479035,172153.52131995,0.83,0.805,1,2
2025-07-20 10:00:00.000 UTC,13943836.552843427,11714272.892319307,1214803.286691787,0.8975757575757576,0.8746969696969696,9,33
2025-07-20 12:00:00.000 UTC,19246224.549782086,16128066.934558382,1770921.8967389576,0.95,0.93,1,4
2025-07-20 14:00:00.000 UTC,580780.537551379,276386.85674622,191141.47598264,0.83,0.805,5,10
2025-07-20 16:00:00.000 UTC,80460.7278223675,45909.1399043575,18861.74599265,0.83,0.805,2,4
2025-07-21 00:00:00.000 UTC,235081781.11272413,82621529.86246093,98367933.41622537,0.7969,0.7699,1,1
2025-07-21 04:00:00.000 UTC,142506154.8736732,53231674.83771512,55428807.99667712,0.7888,0.7504,2,2
2025-07-21 06:00:00.000 UTC,113518.6771073825,47754.4522068,27167.8746840725,0.355,0.33,2,4
2025-07-21 10:00:00.000 UTC,23075.53298438,17119.50158805,1456.30246438,0.83,0.805,1,1
2025-07-21 12:00:00.000 UTC,87002333.50929773,33286884.97520875,33865960.05771505,0.80542,0.77974,2,5
2025-07-21 14:00:00.000 UTC,24568491.7396091,9011434.417318832,9972056.417834278,0.6362111111111112,0.6154111111111111,5,9
2025-07-21 16:00:00.000 UTC,197649.523008958,86567.434134536,71757.222147656,0.82326,0.7975399999999999,2,5
2025-07-21 18:00:00.000 UTC,6434408.32755979,5649724.17608736,12555.15216526,0.9,0.88,1,1
2025-07-21 20:00:00.000 UTC,38.77953982,30.30460876,0.0,0.78,0.73,1,1
2025-07-22 04:00:00.000 UTC,111.86208109,105.71162021,0.0,0.95,0.93,1,1
2025-07-22 06:00:00.000 UTC,202756417.13351035,74414840.53030509,82268243.49238227,0.7993333333333333,0.7727666666666667,1,3
2025-07-22 08:00:00.000 UTC,152146000.14549285,55784216.84053926,62014100.47498098,0.8062600000000001,0.7804,2,5
2025-07-22 10:00:00.000 UTC,826.141760995,0.0,768.311837725,0.475,0.465,1,2
2025-07-22 12:00:00.000 UTC,0.0,0.0,0.0,0.0,0.0,1,2
2025-07-22 14:00:00.000 UTC,18249816.985975575,14901195.355741713,1961857.2142697624,0.9316666666666666,0.9091666666666666,3,12
2025-07-23 00:00:00.000 UTC,1677.71961813,0.0,1560.27924486,0.95,0.93,1,2
2025-07-23 02:00:00.000 UTC,1682.89784971,0.0,1565.09500023,0.95,0.93,1,3
2025-07-23 04:00:00.000 UTC,66577598.0441617,60238216.81266181,1678949.36840857,0.95,0.93,1,1
2025-07-23 06:00:00.000 UTC,0.0,0.0,0.0,0.0,0.0,1,2
2025-07-23 08:00:00.000 UTC,191517433.38679937,63296736.74841311,85148425.86969507,0.8004,0.7751,1,1
2025-07-23 10:00:00.000 UTC,989.094578082,0.0,919.857957618,0.57,0.558,2,5
2025-07-23 12:00:00.000 UTC,276827.17124532,173230.415545275,15689.461980685,0.7474,0.6824,1,2
2025-07-23 14:00:00.000 UTC,5017869.209237295,4301873.527065348,364744.8375253375,0.95,0.93,2,4
2025-07-23 18:00:00.000 UTC,35573295.86222696,31436916.5655595,1646248.58631157,0.95,0.93,1,2
2025-07-23 20:00:00.000 UTC,93993675.84760898,81175849.9454027,6238268.59287365,0.95,0.93,1,1
2025-07-24 00:00:00.000 UTC,21445.698591075,0.0,16084.2739433075,0.78,0.75,1,4
2025-07-24 02:00:00.000 UTC,1098.9410457884,556.0879294727999,442.7956104992,0.8524,0.834,2,25
2025-07-24 04:00:00.000 UTC,1647.812863245,365.74509653,1166.72086629,0.95,0.93,1,2
2025-07-24 06:00:00.000 UTC,42227.72460872231,21622.809120958464,6611.739626538462,0.8992307692307692,0.8746153846153846,3,13
2025-07-24 08:00:00.000 UTC,2335.8677301,359.19742249,1813.1595665,0.95,0.93,1,2
2025-07-24 10:00:00.000 UTC,23581006.367613386,7864740.973032709,10389593.977481544,0.9049375,0.8842625,2,8
2025-07-24 12:00:00.000 UTC,3679.34758526,2959.67424601,351.73858072,0.92,0.9,1,2
2025-07-24 14:00:00.000 UTC,4532.774468837778,3556.032379483333,523.4646424711111,0.92,0.9,1,18
2025-07-24 16:00:00.000 UTC,4339.0409505925,3509.921427245,395.2154282875,0.92,0.9,1,8
2025-07-24 18:00:00.000 UTC,20645165.404765368,17054706.3919522,2145297.43447959,0.95,0.93,1,1
2025-07-25 00:00:00.000 UTC,190643992.68415043,63074791.87472454,84464594.06353949,0.7993,0.7739,1,1
2025-07-25 02:00:00.000 UTC,4090.0196884388893,3231.85334056,456.9325193066666,0.9233333333333333,0.9033333333333334,2,9
2025-07-25 04:00:00.000 UTC,5551.767406683,1963.119996354,3200.0236918620003,0.95,0.93,1,10
2025-07-25 06:00:00.000 UTC,9579.566316968889,7718.729168476666,1125.616111683889,0.935,0.915,2,18
2025-07-25 08:00:00.000 UTC,12977.029764559,11154.645257686001,861.9210627089999,0.938,0.918,2,10
2025-07-25 10:00:00.000 UTC,15553887.855477128,5341842.986544725,6692080.459876903,0.9099166666666666,0.8894666666666666,2,12
2025-07-25 14:00:00.000 UTC,7771064.041930295,6785907.439565215,441182.11942996,0.95,0.93,1,2
2025-07-26 00:00:00.000 UTC,17207.5544324,13564.67626622,1922.12272294,0.92,0.9,1,1
2025-07-26 12:00:00.000 UTC,37815948.101269744,12899339.53634171,16349257.963359404,0.89576,0.8746799999999999,2,5
2025-07-26 14:00:00.000 UTC,39300110.13022445,14307840.944006413,16335430.34196868,0.72978,0.7127,3,5
2025-07-26 16:00:00.000 UTC,17263.00472724,13667.75148907,1868.95276545,0.92,0.9,1,2
2025-07-27 00:00:00.000 UTC,17314.91932902,13668.49366738,1914.93372874,0.92,0.9,1,2
2025-07-27 02:00:00.000 UTC,190027714.81780183,65193500.65075156,81811939.53229994,0.799,0.7736,1,1
2025-07-27 04:00:00.000 UTC,48690.77199388,22129.210460167997,21692.484334324,0.92,0.9,1,5
2025-07-27 08:00:00.000 UTC,59214033.93110368,50414094.48234088,1871897.47882367,0.903,0.883,1,1
2025-07-27 14:00:00.000 UTC,1943350.0590531116,1746986.4386216465,60329.11629774667,0.475,0.465,2,6
2025-07-27 18:00:00.000 UTC,129381.84588761,50717.45924643667,53434.92669309,0.83,0.805,2,3
2025-07-28 00:00:00.000 UTC,31063841.630418584,11096998.71338812,12963425.914837595,0.81495,0.7899166666666667,3,6
2025-07-28 02:00:00.000 UTC,183763899.34530964,66587227.56535325,75811418.03732719,0.8,0.7749,1,1
2025-07-28 06:00:00.000 UTC,20393.18172178,17313.43935497,1652.21964629,0.95,0.93,1,2
2025-07-28 08:00:00.000 UTC,3816.37277287,982.055283585,2013.224862205,0.8099,0.78485,1,2
2025-07-28 12:00:00.000 UTC,274233.68959938,170655.529447145,15895.15725513,0.7437,0.6802,1,2
2025-07-28 14:00:00.000 UTC,1517327.0798654614,1356469.4032026883,51967.77960170333,0.5933333333333333,0.5783333333333333,3,6
2025-07-29 08:00:00.000 UTC,193073161.60535336,66747963.12115211,82632742.01290978,0.7991,0.7737,1,1
2025-07-29 14:00:00.000 UTC,121109259.5300031,98838853.43791078,13792757.924992103,0.31666666666666665,0.31,2,3
2025-07-30 02:00:00.000 UTC,69634.10293062,55988.66692058,6682.02571698,0.92,0.9,1,3
2025-07-30 06:00:00.000 UTC,69635.9882934,55989.69559711,6682.69386695,0.92,0.9,1,3
2025-07-30 08:00:00.000 UTC,16573.34200570833,8442.417867145,6970.790198163334,0.7916666666666667,0.775,1,6
2025-07-30 12:00:00.000 UTC,39014010.43524399,13140579.984943155,17038868.803568214,0.9197,0.8986,2,5
2025-07-30 14:00:00.000 UTC,528436.5373603615,475173.92675168155,16272.052993455,0.6333333333333333,0.62,3,6
2025-07-30 18:00:00.000 UTC,210896.401021875,131802.5414603,11297.100546565,0.7408,0.67845,1,2
2025-07-30 22:00:00.000 UTC,177380.0837754,149863.55418254,15099.92372858,0.95,0.93,1,2
2025-07-31 00:00:00.000 UTC,3202781.895190925,2594002.075155612,243986.5140183125,0.8966538461538461,0.8770384615384615,2,52
2025-07-31 02:00:00.000 UTC,5993977.986981825,5100548.538532578,210119.73963640444,0.7144444444444444,0.6988888888888889,3,9
2025-07-31 08:00:00.000 UTC,204889490.00897783,69078296.380489,89157573.90216458,0.79795,0.7723,1,4
2025-07-31 10:00:00.000 UTC,200068814.58281127,68623015.50739846,85970034.73551136,0.7983,0.7727,1,2
2025-07-31 14:00:00.000 UTC,41330046.19655317,14979090.57857365,17308344.60966132,0.53968,0.52656,3,5
2025-07-31 18:00:00.000 UTC,7102380.59987239,6124383.91795176,480830.03992956,0.95,0.93,1,1
2025-07-31 20:00:00.000 UTC,200512.21490396,123797.238800495,11426.587985005,0.7339,0.6743,1,2
2025-08-01 00:00:00.000 UTC,133059.175806455,69311.4496672675,19313.07141056,0.77,0.7325,3,4
2025-08-01 02:00:00.000 UTC,62242585.61827805,21310940.816663913,26833738.149835624,0.8996333333333334,0.8778333333333334,2,3
2025-08-01 04:00:00.000 UTC,838.2442935,0.0,779.56719296,0.95,0.93,1,2
2025-08-01 06:00:00.000 UTC,177566371.8377246,63126982.0424545,74380416.30867945,0.7996,0.7744,1,1
2025-08-01 08:00:00.000 UTC,5659217.869497681,4881124.647796705,381900.9716639143,0.9437142857142857,0.9237142857142857,2,7
2025-08-01 12:00:00.000 UTC,5626.734680055,4971.926232005,13.360694525,0.906,0.886,1,2
2025-08-01 14:00:00.000 UTC,30721038.019097336,12497274.869168894,11637250.373756673,0.7590833333333333,0.7415166666666667,4,6
2025-08-01 16:00:00.000 UTC,2505.932229185,0.0,2330.51697314,0.95,0.93,1,2
2025-08-01 20:00:00.000 UTC,341141.921832998,3947.857744072,252312.632420194,0.8152,0.7882,3,5
2025-08-01 22:00:00.000 UTC,81978.8849982525,46979.5831989475,19165.302776515,0.8458,0.82085,3,4
2025-08-02 02:00:00.000 UTC,44463252.82721502,16492832.073512878,18208679.04015802,0.437475,0.426225,4,4
2025-08-02 08:00:00.000 UTC,171863859.81008503,62101476.49404969,71075828.4727852,0.7999,0.7749,1,1
2025-08-02 14:00:00.000 UTC,4466679.250422103,3851524.025382556,302487.67751000123,0.7125,0.6975,2,8
2025-08-02 16:00:00.000 UTC,169363044.68821797,62220071.60563115,69019351.72326896,0.7999,0.7749,1,1
2025-08-02 18:00:00.000 UTC,168120.97959046334,94077.04114182833,23924.178474451666,0.7579,0.7130666666666667,3,6
2025-08-02 20:00:00.000 UTC,23395954.04572041,20490368.9088944,846741.18080261,0.932,0.912,1,2
2025-08-03 00:00:00.000 UTC,5477.8755261975,4790.28552963,63.11218658,0.906,0.886,1,4
2025-08-03 02:00:00.000 UTC,24045164.650718126,8980494.990316702,9652451.44439251,0.890842857142857,0.8701285714285714,2,7
2025-08-03 04:00:00.000 UTC,197221889.6005548,81108356.90733162,71775276.65471813,0.8005666666666666,0.7752,1,3
2025-08-03 08:00:00.000 UTC,198991259.6423156,80278513.58618541,73860116.13275225,0.8005,0.7746,1,1
2025-08-03 14:00:00.000 UTC,69236653.32434893,29408367.987148784,24606839.727211814,0.7418333333333333,0.7232,3,6
2025-08-03 16:00:00.000 UTC,164189.24636461,26433.77819493,105738.56512858,0.83,0.805,1,1
2025-08-03 18:00:00.000 UTC,299902.79857255,55752.00575371,185669.747097195,0.83,0.805,1,2
2025-08-04 02:00:00.000 UTC,32451300.0404046,29671781.66121435,0.0,0.932,0.912,1,2
2025-08-04 06:00:00.000 UTC,50777945.29688998,18763972.597232476,20569050.872479875,0.912625,0.89115,2,4
2025-08-04 08:00:00.000 UTC,4751.126720665,0.0,4418.547850215,0.95,0.93,1,2
2025-08-04 10:00:00.000 UTC,185892536.52161407,63184696.96099238,80435876.75560667,0.7986,0.7726,1,1
2025-08-04 12:00:00.000 UTC,179203919.4488458,63184765.00357376,75554909.43372266,0.7993,0.7742,1,1
2025-08-04 14:00:00.000 UTC,3616023.777046642,2954962.975530402,380642.87480403204,0.732,0.715,3,5
2025-08-04 20:00:00.000 UTC,20118.07969381,14907.42290355,1287.63124997,0.83,0.805,1,1
2025-08-04 22:00:00.000 UTC,1090967.538692507,875069.29278405,97932.76205932666,0.86,0.8366666666666666,2,3
2025-08-05 00:00:00.000 UTC,9977595.735772276,3372543.761659925,4499063.801628019,0.8935215053763441,0.8734096774193549,3,93
2025-08-05 02:00:00.000 UTC,161730655.87599787,46435900.80098238,78816750.19361676,0.82184,0.79776,2,5
2025-08-05 06:00:00.000 UTC,205870570.69901904,59300886.4918896,99986187.77414843,0.798975,0.773725,1,4
2025-08-05 08:00:00.000 UTC,203197552.66043803,60878788.35023484,96389330.29776458,0.7991666666666667,0.7739666666666667,1,3
2025-08-05 14:00:00.000 UTC,28930329.90983253,9111982.3638681,13266778.605613645,0.46005714285714283,0.43635714285714283,3,7
2025-08-05 16:00:00.000 UTC,202811898.59998304,63849773.0098486,93065792.93695828,0.799,0.7737,1,1
2025-08-06 00:00:00.000 UTC,231162.78633045,96437.728054975,56129.71092312,0.71,0.66,1,2
2025-08-06 02:00:00.000 UTC,44730327.18078495,14203519.061371764,20416227.689520348,0.9164777777777775,0.8953222222222222,2,9
2025-08-06 06:00:00.000 UTC,4105260.9178148713,3788196.92806425,12627.07391751375,0.4085,0.391,7,8
2025-08-06 14:00:00.000 UTC,133931380.85481147,58064111.30299896,49943254.92507406,0.87425,0.8516,2,2
2025-08-06 22:00:00.000 UTC,57723767.27229315,51483883.35482686,2199220.20840577,0.95,0.93,1,2
2025-08-07 02:00:00.000 UTC,210565289.56894848,65178323.89449403,97651814.5291738,0.7987,0.7733,1,1
2025-08-07 04:00:00.000 UTC,210546740.8911175,65567822.60660986,97290081.47266953,0.7988,0.7735,1,1
2025-08-07 06:00:00.000 UTC,210245508.70448744,65898315.18317673,96747610.35061474,0.7989,0.7736,1,1
2025-08-07 08:00:00.000 UTC,213247761.9942765,66285458.18369029,98647446.51455063,0.7987333333333333,0.7734333333333333,1,3
2025-08-07 10:00:00.000 UTC,285013.53090818,86336.96347889,125908.2317113575,0.77,0.7325,2,4
2025-08-07 12:00:00.000 UTC,3567426.62621151,2376479.6521638865,611223.656362955,0.8014833333333333,0.7646,4,6
2025-08-07 14:00:00.000 UTC,79628251.67985454,28852252.807344705,33651385.61644953,0.877,0.8552666666666666,2,3
2025-08-07 16:00:00.000 UTC,36510566.44061161,16548673.273454035,12889729.273661448,0.9014,0.88075,2,8
2025-08-07 20:00:00.000 UTC,260908.1955431525,114184.43432248,58014.974735995,0.71,0.66,2,4
2025-08-07 22:00:00.000 UTC,23788.26174257,17747.85096613,1401.69973663,0.83,0.805,1,1
2025-08-08 00:00:00.000 UTC,11777515.351842873,10307852.131958602,244801.623292605,0.916,0.896,1,4
2025-08-08 02:00:00.000 UTC,163152116.70410216,52546876.7223482,73781630.64452206,0.599575,0.580725,2,4
2025-08-08 04:00:00.000 UTC,58478.40356477667,25139.26896266,14414.958717966667,0.7357333333333334,0.6809333333333333,2,3
2025-08-08 08:00:00.000 UTC,213779807.66189748,69317349.49910034,96255111.53503926,0.7996,0.7745,1,1
2025-08-08 10:00:00.000 UTC,213621742.2264082,44446105.11561265,121003934.2387405,0.7996,0.7745,1,1
2025-08-08 12:00:00.000 UTC,168043.08704549167,70903.76292575,49212.85721196833,0.7733333333333333,0.7383333333333333,4,6
2025-08-08 14:00:00.000 UTC,43582063.27138851,9140247.727228127,24607864.12670361,0.75594,0.7189399999999999,4,5
2025-08-08 16:00:00.000 UTC,55.89138649,10.2808217725,32.0363268125,0.78,0.75,4,4
2025-08-08 18:00:00.000 UTC,131814.13809715665,48792.02908786667,57318.17377334667,0.8133333333333334,0.7866666666666667,2,3
2025-08-08 22:00:00.000 UTC,1167952.69883204,724936.15789576,57592.1503217,0.72,0.67,1,1
2025-08-09 02:00:00.000 UTC,202803.999400045,91789.22807240834,56608.978887465,0.7733333333333333,0.7383333333333333,3,6
2025-08-09 04:00:00.000 UTC,7676268.808734385,1866369.282144917,4087264.966688245,0.8105216216216216,0.7814702702702703,20,37
2025-08-09 06:00:00.000 UTC,42620641.16624861,20167212.37670968,15335883.256684462,0.8388375,0.8188541666666667,8,24
2025-08-09 08:00:00.000 UTC,156336981.9859253,31811091.150961194,89038656.17151316,0.80765,0.7817,2,6
2025-08-09 14:00:00.000 UTC,6338.826182165,5066.08206583,829.02628358,0.95,0.93,1,2
2025-08-09 16:00:00.000 UTC,171773.06347663165,133713.54548013667,26035.403553126664,0.7916666666666667,0.775,2,6
2025-08-09 20:00:00.000 UTC,171326.0986645275,78699.4316025025,59218.077822435,0.83,0.805,2,4
2025-08-09 22:00:00.000 UTC,331494.41983564,172201.002555535,94652.00541215,0.83,0.805,1,2
2025-08-10 04:00:00.000 UTC,983368.9699322477,477196.63025365,264073.2269528125,0.8713,0.8416,2,4
2025-08-10 08:00:00.000 UTC,504223.971840161,0.0,378167.978880118,0.78,0.75,2,10
2025-08-10 10:00:00.000 UTC,152878394.93203825,31885987.4034774,86159492.80810499,0.7918,0.7647666666666667,2,3
2025-08-10 14:00:00.000 UTC,6352.534725255,5078.838847685,829.018446795,0.95,0.93,1,2
2025-08-10 16:00:00.000 UTC,21.89326517,0.0,16.41994887,0.78,0.75,1,1
2025-08-10 22:00:00.000 UTC,100.07401969,78.09259056,0.0,0.78,0.75,1,1
2025-08-11 00:00:00.000 UTC,41127.332308665,32378.87806695,728.62444152,0.83,0.805,1,2
2025-08-11 02:00:00.000 UTC,221840525.81889555,49102683.27749281,122372493.2001775,0.7983666666666667,0.7729666666666667,1,3
2025-08-11 04:00:00.000 UTC,30229.754371035,24020.587494705,315.97281079,0.8265,0.79975,2,2
2025-08-11 08:00:00.000 UTC,118186446.82776853,24386150.286050554,67008261.48983628,0.81435,0.78915,2,2
2025-08-11 10:00:00.000 UTC,99982287.53551914,17951217.769528016,58960603.22525113,0.78215,0.7549399999999999,3,10
2025-08-11 12:00:00.000 UTC,23870.042749393335,8044.59183203,10413.122547573334,0.7966666666666667,0.7683333333333333,2,3
2025-08-11 14:00:00.000 UTC,72135622.51450711,16326968.227464415,39425829.96189987,0.8652799999999999,0.84214,3,5
2025-08-11 16:00:00.000 UTC,8879104.050948476,7458922.0888069365,253526.14045892,0.6136666666666667,0.6001666666666667,2,3
2025-08-11 18:00:00.000 UTC,28221186.50949133,12912317.323209563,10062926.750693513,0.7417818181818182,0.7248181818181818,3,11
2025-08-11 20:00:00.000 UTC,4863733.168915145,4220251.290821697,16628.51546762667,0.7051666666666667,0.68425,4,6
2025-08-11 22:00:00.000 UTC,930188.1592234523,460.4392076025,4.654872005,0.001,0.0005,1,4
2025-08-12 00:00:00.000 UTC,930199.8382364069,460.44706209,4.6528570233333335,0.001,0.0005,1,3
2025-08-12 02:00:00.000 UTC,40087636.80748063,10214828.153310154,20913166.890355427,0.58397,0.56274,6,10
2025-08-12 04:00:00.000 UTC,21139238.491860054,4506863.737856744,11201092.816642927,0.08963333333333334,0.08636666666666666,2,9
2025-08-12 06:00:00.000 UTC,931002.0764919069,105169.87509860666,732731.9937441032,0.92,0.9,1,3
2025-08-12 10:00:00.000 UTC,1242377.84946984,704739.5482388,413400.51628405,0.92,0.9,1,1
2025-08-12 12:00:00.000 UTC,37334393.015693024,30464939.503159184,3491594.2884570844,0.8445727272727273,0.825209090909091,19,55
2025-08-12 14:00:00.000 UTC,1294252.272224439,752370.0439076327,271811.08891736186,0.8085454545454545,0.7748545454545455,6,11
2025-08-12 16:00:00.000 UTC,30082237.83392673,27108572.349029016,860674.627807865,0.807,0.787,6,10
2025-08-12 18:00:00.000 UTC,59162230.00322889,54843336.59915401,177537.30384885,0.95,0.93,1,1
2025-08-12 20:00:00.000 UTC,21766324.87800475,18799895.440485585,1361046.7810894893,0.904557142857143,0.8827317460317461,14,63
2025-08-12 22:00:00.000 UTC,23265727.136230264,20312317.249822296,1316591.30861475,0.947857142857143,0.9278571428571429,2,14
2025-08-13 00:00:00.000 UTC,28651515.960718714,17245357.743791174,7573443.124070343,0.9282611111111111,0.9074111111111112,3,18
2025-08-13 02:00:00.000 UTC,12446778.538819535,10793405.51307033,771201.9777140205,0.9382608695652174,0.9169565217391304,3,46
2025-08-13 04:00:00.000 UTC,36832967.61475924,8121827.94394129,20465303.601784006,0.8300333333333334,0.80305,4,6
2025-08-13 06:00:00.000 UTC,160823163.46464875,36151637.65829199,88828547.96053563,0.834975,0.81105,2,4
2025-08-13 08:00:00.000 UTC,59254983.77726855,12825854.093322212,33040139.088455234,0.8202571428571429,0.7947285714285715,4,7
2025-08-13 10:00:00.000 UTC,221058123.2398434,45845177.6926251,125364338.75663362,0.7996,0.7745,1,1
2025-08-13 12:00:00.000 UTC,11843816.684665905,6220377.222570981,3860106.5855613104,0.9394378378378379,0.919027027027027,4,37
2025-08-13 14:00:00.000 UTC,70874744.32518578,14492961.9771884,40402525.21405791,0.8843,0.8620555555555555,4,9
2025-08-13 16:00:00.000 UTC,4636.88735546,2399.29169727,1240.20118803,0.8099,0.7849,1,1
2025-08-13 18:00:00.000 UTC,2221140.27873725,1080654.069301865,591487.82352383,0.79245,0.75285,1,2
2025-08-13 20:00:00.000 UTC,8018968.479457136,7076074.6847456,321314.79429097666,0.8833333333333334,0.8533333333333334,3,3
2025-08-14 00:00:00.000 UTC,34911.9659964075,25230.8781997675,254.856977605,0.78,0.73,1,4
2025-08-14 02:00:00.000 UTC,67982.007834676,49216.421257938,6287.349682536,0.926,0.905,2,5
2025-08-14 06:00:00.000 UTC,23172511.63185877,5888028.790091825,12305847.459543338,0.90499,0.8839899999999999,5,10
2025-08-14 08:00:00.000 UTC,18081847.624991983,5510485.907744687,8807908.538881892,0.9246076923076924,0.9042230769230769,3,13
2025-08-14 10:00:00.000 UTC,11631883.722765703,5144464.376123662,3347331.4245251245,0.5766666666666667,0.5533333333333333,5,9
2025-08-14 12:00:00.000 UTC,165607.74920333666,90068.75178599,22174.208753713334,0.7735833333333333,0.73205,4,6
2025-08-14 14:00:00.000 UTC,40038163.21347171,8349054.66885937,22631768.51493907,0.7938,0.75376,4,5
2025-08-14 20:00:00.000 UTC,7435.73067021,0.0,6915.229523295,0.95,0.93,1,4
2025-08-14 22:00:00.000 UTC,7431.26183492,0.0,6911.07350647,0.95,0.93,1,3
2025-08-15 00:00:00.000 UTC,7511.9518173,0.0,6986.115190083334,0.95,0.93,1,6
2025-08-15 02:00:00.000 UTC,101364620.54612012,21106833.921188004,57326082.73056198,0.81445,0.78935,2,2
2025-08-15 04:00:00.000 UTC,200643718.30041552,41657169.64509855,113641068.31942308,0.7992,0.774,1,1
2025-08-15 06:00:00.000 UTC,7604.17657324,0.0,7071.88421311,0.95,0.93,1,3
2025-08-15 08:00:00.000 UTC,7604.65208799,0.0,7072.32644183,0.95,0.93,1,3
2025-08-15 10:00:00.000 UTC,7606.218866233001,0.0,7073.783545593001,0.95,0.93,1,10
2025-08-15 14:00:00.000 UTC,32143460.507949807,6665834.30333765,18212641.16126552,0.88485,0.8623166666666666,4,6
2025-08-15 16:00:00.000 UTC,3041062.49051596,2574127.06255547,162825.426658965,0.85,0.825,2,2
2025-08-15 20:00:00.000 UTC,351041307.62613785,72042.80619012142,256329977.04749465,0.8142857142857143,0.7725,13,14
2025-08-15 22:00:00.000 UTC,2943428.061828495,168320.94594003167,1804999.270466635,0.8983333333333334,0.8733333333333334,3,6
2025-08-16 00:00:00.000 UTC,7334.872916133334,0.0,6821.431812,0.95,0.93,1,9
2025-08-16 02:00:00.000 UTC,7284.66323667,0.0,6774.7368101,0.95,0.93,1,9
2025-08-16 04:00:00.000 UTC,34502618.40566052,8357902.362231721,18590885.82472976,0.9148166666666666,0.8939333333333334,3,6
2025-08-16 08:00:00.000 UTC,7305.44830102,0.0,6794.06691994,0.95,0.93,1,1
2025-08-16 12:00:00.000 UTC,7230.70497367,0.0,6724.55562551,0.95,0.93,1,3
2025-08-16 14:00:00.000 UTC,7225.872543305,0.0,6720.06146527,0.95,0.93,1,2
2025-08-16 16:00:00.000 UTC,193979449.00049397,39945420.21504519,110117081.53173693,0.7989,0.7736,1,2
2025-08-17 00:00:00.000 UTC,7227.081174542,0.0,6721.185492316,0.95,0.93,1,5
2025-08-17 02:00:00.000 UTC,7291.034064691999,0.0,6780.66168016,0.95,0.93,1,5
2025-08-17 04:00:00.000 UTC,108193.46487360889,46604.79780972444,26342.910073891115,0.8966666666666666,0.87,2,9
2025-08-17 06:00:00.000 UTC,7303.31460873,0.0,6792.08258611,0.95,0.93,1,1
2025-08-17 08:00:00.000 UTC,33105596.18658866,6892288.60793593,18724774.279893167,0.9048333333333334,0.8831166666666667,3,6
2025-08-17 12:00:00.000 UTC,5611.9295202625,6.2020521875,5213.02302549,0.95,0.93,2,4
2025-08-17 14:00:00.000 UTC,356717.83343067666,160947.99126294666,75156.45473523333,0.79,0.75,2,3
2025-08-17 16:00:00.000 UTC,7486.857293075,0.0,6962.777282555,0.95,0.93,1,6
2025-08-18 00:00:00.000 UTC,7202.20981651,0.0,6698.05512935,0.95,0.93,1,3
2025-08-18 02:00:00.000 UTC,39285129.93951144,7861345.641607149,22502371.205391385,0.90766,0.88607,3,10
2025-08-18 04:00:00.000 UTC,7088.02583797,0.0,6591.86402931,0.95,0.93,1,2
2025-08-18 06:00:00.000 UTC,652886.656714407,415676.353697484,27537.503570129,0.858,0.814,3,10
2025-08-18 08:00:00.000 UTC,20867851.648605756,4262003.736692639,11867399.69014817,0.9008111111111111,0.8762666666666666,3,9
2025-08-18 10:00:00.000 UTC,8076684.172490047,2894292.128751734,3002742.2468717564,0.9075,0.8825,3,8
2025-08-18 12:00:00.000 UTC,92783336.01633,34910181.88195689,40500968.09066956,0.8902375,0.8683625,6,8
2025-08-18 14:00:00.000 UTC,6899479.221270171,6393334.532866515,41725.0688216575,0.945,0.925,7,8
2025-08-18 16:00:00.000 UTC,30773141.91197188,6478531.599288014,17371570.81087039,0.925,0.9041666666666666,2,6
2025-08-18 20:00:00.000 UTC,7132.91706228,0.0,6633.612867918,0.95,0.93,1,5
2025-08-19 00:00:00.000 UTC,7054.00935202,0.0,6560.22869737,0.95,0.93,1,2
2025-08-19 02:00:00.000 UTC,47733342.50428528,11339588.92839393,25911214.04102793,0.904475,0.883225,4,4
2025-08-19 04:00:00.000 UTC,2307.198353936666,0.0,2145.69446916,0.31666666666666665,0.31,3,6
2025-08-19 06:00:00.000 UTC,17259287.39520738,1014645.79046787,10549076.76432107,0.72,0.67,1,1
2025-08-19 10:00:00.000 UTC,7042.95715904,0.0,6549.9501579,0.95,0.93,1,3
2025-08-19 12:00:00.000 UTC,242966.4663188,94268.32557371199,66269.576751416,0.724,0.678,3,5
2025-08-19 14:00:00.000 UTC,38706221.288799174,8039953.9004516,21559703.01284607,0.8004,0.76964,4,5
2025-08-19 16:00:00.000 UTC,19943311.550182935,4327807.307254531,11081772.249570627,0.8208555555555554,0.7930111111111111,6,9
2025-08-19 18:00:00.000 UTC,5680635.09878232,572486.0449488433,3234130.147184927,0.76,0.71,3,3
2025-08-19 22:00:00.000 UTC,4011878.1257266137,758762.836130924,2012791.56383193,0.88,0.853,3,5
2025-08-20 00:00:00.000 UTC,99824.93000847,73783.5682774125,7205.1393777225,0.92,0.89875,2,4
2025-08-20 02:00:00.000 UTC,176793032.6866666,37164756.19156932,99336100.67745398,0.7977,0.7721,1,3
2025-08-20 08:00:00.000 UTC,8242882.355067824,7104293.7993426,314356.90645673545,0.9281818181818182,0.9081818181818182,3,11
2025-08-20 12:00:00.000 UTC,60435548.73380256,12529706.279040357,34187682.634467825,0.8994666666666666,0.8776666666666666,2,3
2025-08-20 14:00:00.000 UTC,189119344.57383513,38535715.23447306,107691361.99001624,0.7986,0.7732,1,1
2025-08-20 16:00:00.000 UTC,13173243.557907462,12186501.099170694,111587.83188837572,0.9245714285714286,0.9038571428571429,6,7
2025-08-20 18:00:00.000 UTC,0.0,0.0,0.0,0.0,0.0,2,2
2025-08-20 20:00:00.000 UTC,3209222.82659218,2777801.8503701854,110570.00434103666,0.5211111111111111,0.51,4,9
2025-08-20 22:00:00.000 UTC,14431007.816441253,12500263.308719348,487643.72607777664,0.92,0.9,1,3
2025-08-21 00:00:00.000 UTC,560989.00947031,0.0,420741.75710273,0.78,0.75,1,3
2025-08-21 02:00:00.000 UTC,7089.30082999,0.0,6593.04977189,0.95,0.93,1,3
2025-08-21 08:00:00.000 UTC,4817493.216689532,4173530.943214052,162283.02809239167,0.9066666666666666,0.885,4,6
2025-08-21 10:00:00.000 UTC,47471461.5884381,10009435.262651797,26683788.41535844,0.39465,0.3758,4,4
2025-08-21 12:00:00.000 UTC,2330.425230923334,0.0,2167.295464756666,0.31666666666666665,0.31,3,6
2025-08-21 14:00:00.000 UTC,62274300.52879816,13082671.118079437,35073928.99884496,0.7862333333333333,0.7577666666666667,2,3
2025-08-21 18:00:00.000 UTC,9673.637394963334,4521.35133027,4324.01020067,0.94,0.92,2,3
2025-08-21 20:00:00.000 UTC,6947.9579373,0.0,6461.60088168,0.95,0.93,1,2
2025-08-22 02:00:00.000 UTC,101960684.30191496,27576442.35478861,52639858.86939041,0.8744,0.85175,2,2
2025-08-22 08:00:00.000 UTC,14241.766425423999,12882.819445023333,7.087005246666666,0.92,0.9,1,15
2025-08-22 10:00:00.000 UTC,1258453.9983313,1070070.432117648,62574.32172036,0.552,0.54,4,5
2025-08-22 12:00:00.000 UTC,30576191.851723716,6345257.498719394,17308799.136012714,0.28648333333333337,0.27893333333333337,4,6
2025-08-22 14:00:00.000 UTC,11260364.861679634,2423978.623636404,6303524.364053537,0.7329333333333333,0.7102388888888889,11,18
2025-08-22 16:00:00.000 UTC,259673.21504257637,121513.69038613,67417.56053351,0.7863636363636364,0.7522727272727273,6,11
2025-08-22 18:00:00.000 UTC,10208.196674285,3075.981031445,5566.39489385,0.9075,0.88,2,4
2025-08-22 20:00:00.000 UTC,2771246.5658736,1399643.70607642,753581.8293252225,0.808775,0.781475,2,4
2025-08-23 00:00:00.000 UTC,1007.392135588,753.617531706,1.9265699840000001,0.156,0.15,3,5
2025-08-23 08:00:00.000 UTC,207152388.40497297,42355576.69219209,117969989.31422746,0.79915,0.77395,1,2
2025-08-23 10:00:00.000 UTC,205724033.32096556,42371003.45237297,116879970.74138646,0.7993,0.7741,1,1
2025-08-23 12:00:00.000 UTC,137850.51015471312,69314.98253340625,28688.85970168875,0.91,0.886875,2,16
2025-08-24 00:00:00.000 UTC,5062.23484794,3777.54286361,19.13327234,0.78,0.75,1,1
2025-08-24 08:00:00.000 UTC,7832.9787832,0.0,7284.67026837,0.95,0.93,1,3
2025-08-24 12:00:00.000 UTC,903581.46898976,767590.6719714229,45833.11416176143,0.9457142857142857,0.9257142857142857,2,7
2025-08-24 14:00:00.000 UTC,1287822.25928933,1123130.16769367,34659.581914772,0.902,0.881,3,5
2025-08-24 16:00:00.000 UTC,18491269.514835726,16513829.691749072,579214.6512221287,0.9208333333333334,0.89948,13,15
2025-08-24 18:00:00.000 UTC,53055471.71527661,11210608.591838744,29880100.82807938,0.797425,0.7599,3,4
2025-08-24 22:00:00.000 UTC,7854.70338533,0.0,7304.87414835,0.95,0.93,1,3
2025-08-25 06:00:00.000 UTC,8428278.16960439,3407376.0362210046,2732378.8442777786,0.7542857142857143,0.7114285714285715,5,7
2025-08-25 08:00:00.000 UTC,56863.80418854,37218.43180793,7419.65448007,0.81,0.785,1,1
2025-08-25 10:00:00.000 UTC,52272595.07203612,10731085.82068955,29277500.94098143,0.794725,0.7634,3,4
2025-08-25 14:00:00.000 UTC,65412497.13165921,13950418.488439372,36660025.28333897,0.8996333333333334,0.8779,2,3
2025-08-25 16:00:00.000 UTC,265848.26027053373,38699.14636362625,159957.11041010622,0.8225,0.7875,3,8
2025-08-25 18:00:00.000 UTC,101460990.4857856,20647215.19591406,57848446.78804484,0.7895,0.75185,2,2
2025-08-25 20:00:00.000 UTC,30216.16305654,23381.457917405,942.553343105,0.83,0.805,2,2
2025-08-26 02:00:00.000 UTC,5114.05992451,3797.98907991,37.55586347,0.78,0.75,1,1
2025-08-26 06:00:00.000 UTC,98027160.56154,19913503.420384176,55939913.43642432,0.7995,0.7744,2,2
2025-08-26 10:00:00.000 UTC,198346379.16453335,39824939.16654528,113595985.11722128,0.7988,0.7735,1,2
2025-08-26 12:00:00.000 UTC,65758780.05741707,13341551.370782698,37551123.62210604,0.8996,0.8778666666666666,2,3
2025-08-26 16:00:00.000 UTC,6482081.12934463,5556760.81910913,277112.19730103,0.92,0.9,1,1
2025-08-26 18:00:00.000 UTC,247536.50240717,178894.63379262,1807.01296461,0.78,0.73,1,1
2025-08-26 20:00:00.000 UTC,7547.987089655,0.0,7019.627993375,0.95,0.93,1,2
2025-08-26 22:00:00.000 UTC,736.21645265,390.03397389,202.246813465,0.815,0.79,2,2
2025-08-27 00:00:00.000 UTC,7531.02685369,0.0,7003.85497393,0.95,0.93,1,2
2025-08-27 04:00:00.000 UTC,62559.47853919,46378.44170604,3981.938518,0.83,0.805,1,1
2025-08-27 06:00:00.000 UTC,6512912.27306881,5559293.39888408,302327.64687784,0.92,0.9,1,1
2025-08-27 08:00:00.000 UTC,98.999009,0.0,74.24925675,0.78,0.75,1,1
2025-08-27 14:00:00.000 UTC,72501709.5747941,17582106.4399457,39064868.923651546,0.8796333333333334,0.8579,2,3
2025-08-27 18:00:00.000 UTC,6691317.13084237,5776444.46577,245740.95198813,0.92,0.9,1,1
2025-08-28 00:00:00.000 UTC,6741210.97618108,5796298.56038553,270791.318177435,0.92,0.9,1,2
2025-08-28 02:00:00.000 UTC,166711.88726855,0.0,120032.55883335,0.75,0.72,1,2
2025-08-28 04:00:00.000 UTC,6758028.1103575,5900141.87141061,182083.42791114,0.92,0.9,1,1
2025-08-28 08:00:00.000 UTC,35684760.37562168,33908605.68728078,0.0,0.957,0.937,2,2
2025-08-28 12:00:00.000 UTC,11272.35350942,10155.26282476,102.57886881,0.93,0.91,1,1
2025-08-28 14:00:00.000 UTC,55643064.88215353,51372598.19255263,375452.14785015,0.95,0.93,1,1
2025-08-28 16:00:00.000 UTC,195623.622041345,155902.24688664,1574.76885664,0.83,0.805,1,2
2025-08-28 22:00:00.000 UTC,292519.15485337,218008.91809289,17469.00156407,0.83,0.805,1,1
2025-08-29 00:00:00.000 UTC,6859562.05082709,5911481.3647107,262124.48103368,0.92,0.9,1,1
2025-08-29 02:00:00.000 UTC,199543952.299111,40367631.36530421,114019524.52851796,0.7989,0.7737,1,1
2025-08-29 04:00:00.000 UTC,54691917.40285253,50618890.64358464,762052.5697452124,0.9535,0.9335,4,4
2025-08-29 06:00:00.000 UTC,4398128.266496153,679446.257469015,2285396.487686655,0.7775,0.742475,3,4
2025-08-29 08:00:00.000 UTC,70572571.17968903,14006349.69381558,40027965.75238349,0.8229666666666666,0.7912333333333333,3,3
2025-08-29 10:00:00.000 UTC,2933942.0859991186,2622079.9390122783,17686.228029667145,0.92,0.8992857142857144,3,7
2025-08-29 14:00:00.000 UTC,116603723.12953474,29497451.622898854,62043849.75376266,0.8243571428571429,0.7996714285714285,3,7
2025-08-29 18:00:00.000 UTC,7095.87295036,0.0,6599.16184383,0.95,0.93,1,2
2025-08-29 20:00:00.000 UTC,5352.624117253333,342.00968233333333,4511.836950286667,0.8933333333333334,0.8633333333333334,2,3
2025-08-30 00:00:00.000 UTC,342886.700099625,195196.163751495,80827.6298287,0.83,0.805,1,2
2025-08-30 06:00:00.000 UTC,192158712.36637536,39512579.61702671,109227854.56116268,0.79925,0.77405,1,2
2025-08-30 08:00:00.000 UTC,6925481.06468382,6090770.60856938,142162.34964605,0.92,0.9,1,1
2025-08-30 14:00:00.000 UTC,17.44631159,0.0,13.08473369,0.78,0.75,1,1
2025-08-31 10:00:00.000 UTC,60733305.18241461,53757304.34615154,2724669.47349404,0.95,0.93,1,1
2025-08-31 14:00:00.000 UTC,116457350.76811826,37025871.999812946,56284455.111287,0.8795,0.85685,3,4
2025-08-31 20:00:00.000 UTC,7053412.05501701,6282306.45641157,65764.39310373,0.92,0.9,1,1
2025-09-01 02:00:00.000 UTC,16169148.31664755,2726270.80500347,8107058.56715038,0.72,0.67,1,1
2025-09-01 04:00:00.000 UTC,16111310.10150741,3095041.78943483,7699535.97857513,0.72,0.67,1,1
2025-09-01 06:00:00.000 UTC,8104904.992688785,1606438.83210688,3824786.455968885,0.835,0.8,2,2
2025-09-01 08:00:00.000 UTC,199179485.56479183,40211666.61170835,113813829.57554516,0.7986,0.7733,1,1
2025-09-01 10:00:00.000 UTC,197202615.79826483,44212687.14849239,108284095.64830582,0.7986,0.7733,1,1
2025-09-01 12:00:00.000 UTC,213142362.47714993,46257560.85709314,118586742.2827346,0.7987,0.7734,1,1
2025-09-01 14:00:00.000 UTC,7244221.18565651,6307553.67146066,212245.39563019,0.92,0.9,1,1
2025-09-01 16:00:00.000 UTC,214736216.64727044,44374832.29700267,121766578.52299047,0.7989,0.7737,1,1
2025-09-01 20:00:00.000 UTC,94795.47919534,61698.5288744,13860.8562659275,0.815,0.79,2,4
2025-09-02 00:00:00.000 UTC,22922983.69316671,20739831.11521048,578543.71943456,0.95,0.93,1,1
2025-09-02 02:00:00.000 UTC,219528756.8352279,44522715.37459943,125348636.66449994,0.799,0.7738,1,1
2025-09-02 04:00:00.000 UTC,218740450.56699535,47410341.50939482,121851019.13934617,0.799,0.7738,1,2
2025-09-02 08:00:00.000 UTC,218949919.20483023,51893622.39128597,117529825.08941166,0.799,0.7738,1,1
2025-09-02 10:00:00.000 UTC,218711482.9457575,51958962.42158808,117301854.23013364,0.7991,0.7739,1,1
2025-09-02 12:00:00.000 UTC,501.72288782,174.23782999,176.9681914825,0.75,0.7,2,4
2025-09-02 16:00:00.000 UTC,16633575.77233309,3523306.87410662,7621188.89335655,0.72,0.67,1,1
2025-09-02 18:00:00.000 UTC,16633575.77233309,3706996.29494007,7437499.4725231,0.72,0.67,1,1
2025-09-03 00:00:00.000 UTC,284420.88253422,0.0,213951.22077898667,0.865,0.84,2,6
2025-09-03 02:00:00.000 UTC,251970556.36352453,51264641.29630946,143533795.82833132,0.7985,0.7731,1,1
2025-09-03 04:00:00.000 UTC,7283122.67993352,6318831.08702475,235979.32491541,0.92,0.9,1,1
2025-09-03 06:00:00.000 UTC,83222924.17411254,17029882.011691887,47318049.62033619,0.7662,0.7244,3,3
2025-09-03 08:00:00.000 UTC,98951126.92334013,21317411.13368776,55221238.2430375,0.76952,0.7294,2,5
2025-09-03 12:00:00.000 UTC,7813202.995768095,6839982.24312577,191900.453065515,0.92,0.9,1,2
2025-09-03 14:00:00.000 UTC,255563673.5082991,54832668.16770522,142871389.658315,0.7989,0.7736,1,1
2025-09-03 16:00:00.000 UTC,1391.35380548,964.208245,9.73941883,0.75,0.7,1,1
2025-09-03 20:00:00.000 UTC,8577910.331260262,7445317.181998485,274802.1161357467,0.92,0.9,1,9
2025-09-03 22:00:00.000 UTC,251105298.91614336,54725855.18872162,139127435.57454103,0.7976,0.772,1,1
2025-09-04 02:00:00.000 UTC,256195298.27827668,53980377.86464943,143623055.69738537,0.797,0.7713,1,1
2025-09-04 06:00:00.000 UTC,154288741.1268545,35537524.696486205,84007146.57146624,0.84636,0.82296,2,5
2025-09-04 08:00:00.000 UTC,246784106.40265,53583296.80535569,136934033.3374901,0.7976,0.772,1,1
2025-09-04 12:00:00.000 UTC,248530266.03027096,54013479.41989879,137851885.95547035,0.7976,0.772,1,1
2025-09-04 14:00:00.000 UTC,68493364.55218694,19755508.168575607,33874675.07775258,0.860225,0.83885,2,4
2025-09-04 18:00:00.000 UTC,387850.19568432,104406.920172115,207734.86714976,0.805,0.7675,2,2
2025-09-04 20:00:00.000 UTC,258838142.27783492,52619699.86204817,147280997.4191237,0.7979,0.7723,1,1
2025-09-05 02:00:00.000 UTC,11016801.931148352,8660028.439535487,825438.0231832375,0.881,0.861,1,4
2025-09-05 04:00:00.000 UTC,44034091.26211321,38769621.218220666,2182083.655544625,0.95,0.93,2,6
2025-09-05 06:00:00.000 UTC,118388197.3152673,32864422.7374819,60718557.17592089,0.8552,0.8270200000000001,4,5
2025-09-05 08:00:00.000 UTC,260343593.50598168,53755933.91742516,147398512.61599785,0.79815,0.77265,1,2
2025-09-05 12:00:00.000 UTC,240132553.52038267,54506101.65096192,131596627.32733464,0.8,0.775,1,1
2025-09-05 14:00:00.000 UTC,44387.90401674,29113.74412239,5730.76053075,0.81,0.785,1,1
2025-09-05 16:00:00.000 UTC,231582520.90216935,58264812.25652683,121211641.4426544,0.8,0.775,1,2
2025-09-06 00:00:00.000 UTC,11166969.21998394,8809693.1951185,805067.30328767,0.881,0.861,1,2
2025-09-06 02:00:00.000 UTC,11241778.05878866,8884708.336454,794462.57216303,0.881,0.861,1,1
2025-09-06 06:00:00.000 UTC,11391961.598811815,9035044.4577828,773434.4787941659,0.881,0.861,1,5
2025-09-06 08:00:00.000 UTC,11684800.936786946,9313191.219463693,747422.3871098588,0.881,0.861,1,8
2025-09-06 10:00:00.000 UTC,77268945.25593264,21235171.491140217,38647844.79137305,0.7866666666666667,0.7583333333333333,3,3
2025-09-06 18:00:00.000 UTC,230809840.51887688,63741112.38114584,115136514.02098374,0.8,0.775,1,1
2025-09-06 22:00:00.000 UTC,27526881.30819008,21121607.52991874,4478392.08669803,0.95,0.93,1,1
2025-09-07 04:00:00.000 UTC,7059.82991021,0.0,6565.64181649,0.95,0.93,1,3
2025-09-07 08:00:00.000 UTC,116211761.02606222,33685948.00823652,56377852.6353821,0.79,0.7625,3,4
2025-09-07 10:00:00.000 UTC,116283523.60256284,34065441.99108724,56053661.24813196,0.79,0.7625,2,2
2025-09-07 16:00:00.000 UTC,132125372.13613674,40392650.369813375,62004979.91436914,0.8642857142857143,0.8414285714285714,2,7
2025-09-08 06:00:00.000 UTC,231936355.71953633,73205783.33954541,106544892.34309521,0.8,0.775,1,1
2025-09-08 08:00:00.000 UTC,142353263.24557364,47185935.84921008,62787844.12302892,0.79,0.76,3,5
2025-09-08 10:00:00.000 UTC,116557113.11662538,40734273.65664286,49599772.53802941,0.8483333333333334,0.8216666666666667,3,6
2025-09-08 12:00:00.000 UTC,155511077.05339727,61763423.59468464,58757467.66488701,0.8016666666666667,0.7758333333333333,3,6
2025-09-08 14:00:00.000 UTC,26133136.48524307,22211498.35229843,2092318.57897762,0.95,0.93,1,1
2025-09-08 16:00:00.000 UTC,235113404.94586504,92727554.61420168,89485334.21884373,0.8,0.775,1,1
2025-09-08 22:00:00.000 UTC,11823186.71115819,9414601.91032448,824277.78153851,0.886,0.866,1,1
2025-09-09 00:00:00.000 UTC,596719.263828646,488868.1383869461,66080.65237017,0.9452777777777776,0.9244444444444443,3,36
2025-09-09 02:00:00.000 UTC,6436724.921977915,2711462.061166634,2338506.564864493,0.7103478260869565,0.6946521739130435,7,115
2025-09-09 04:00:00.000 UTC,19986049.255889736,8245593.66140794,7138837.0972519,0.916,0.89,5,5
2025-09-09 08:00:00.000 UTC,123714382.15255226,54930429.46035334,41486449.60339406,0.843,0.8205,2,2
2025-09-09 10:00:00.000 UTC,12171291.279304938,10131537.857117094,408380.1873686121,0.8784285714285713,0.8577142857142857,2,14
2025-09-09 12:00:00.000 UTC,8455490.704266692,7223421.613166335,401244.90266352805,0.934,0.914,2,36
2025-09-09 14:00:00.000 UTC,12948720.101790374,11603581.016491175,438728.67817387,0.95,0.93,2,2
2025-09-09 16:00:00.000 UTC,260611527.61729667,111981803.1935939,90278803.39019004,0.8011,0.7761,1,1
2025-09-09 18:00:00.000 UTC,1995235.22872356,1265271.140247554,191250.576720638,0.78,0.73,1,5
2025-09-09 20:00:00.000 UTC,4e-08,0.0,3e-08,0.95,0.93,1,1
2025-09-09 22:00:00.000 UTC,2043844.5244450325,1073176.4023528222,827599.00538105,0.95,0.93,2,4
2025-09-10 00:00:00.000 UTC,16718662.44540142,4135112.49483399,7066391.34358496,0.72,0.67,1,1
2025-09-10 02:00:00.000 UTC,262797038.75860327,114789253.52327508,89167528.25727694,0.8011,0.7761,1,2
2025-09-10 06:00:00.000 UTC,261983151.1598484,118250998.40323938,85074125.21191898,0.8011,0.7761,1,2
2025-09-10 10:00:00.000 UTC,41948752.12995482,20975136.516547944,12253125.3460014,0.9287285714285713,0.9080142857142857,2,7
2025-09-10 14:00:00.000 UTC,92021508.94594486,40949595.7434355,30759232.10883464,0.8437,0.8187,3,3
2025-09-10 22:00:00.000 UTC,1983053.3605388831,1333.656778783333,1842905.9685223738,0.6333333333333333,0.62,1,3
2025-09-11 02:00:00.000 UTC,173692261.68804118,78396778.76789072,54528353.42026374,0.79055,0.75305,2,2
2025-09-11 04:00:00.000 UTC,81605023.75251085,33233917.17328871,26337750.16604421,0.78,0.73,1,1
2025-09-11 12:00:00.000 UTC,268305862.8401504,123344172.6790668,84888007.47117396,0.8011,0.7761,1,1
2025-09-11 14:00:00.000 UTC,14390953.520416848,11824791.65475088,882095.4362725391,0.897142857142857,0.8766666666666666,2,21
2025-09-11 16:00:00.000 UTC,2104748.749981306,1208005.44947703,586167.7458465734,0.8928,0.8708666666666666,1,3
2025-09-11 18:00:00.000 UTC,7262.82274364,0.0,6754.42515158,0.95,0.93,1,5
2025-09-11 22:00:00.000 UTC,7325.184406355,0.0,6812.421497905,0.95,0.93,1,2
2025-09-12 00:00:00.000 UTC,2352105.853943188,1368051.7693211886,562411.8706886343,0.877257142857143,0.8478857142857144,4,7
2025-09-12 02:00:00.000 UTC,137646458.38213265,59854453.30693463,46980896.44710564,0.81555,0.79055,2,2
2025-09-12 08:00:00.000 UTC,18434.4299364975,9618.25263841,5208.98548465,0.9075,0.885,2,4
2025-09-12 10:00:00.000 UTC,245638.16550319,170227.25296728,1719.46288495,0.75,0.7,1,4
2025-09-12 16:00:00.000 UTC,197245.87075741802,107523.96226613401,51258.963693582,0.83,0.805,3,5
2025-09-12 20:00:00.000 UTC,88999536.97202054,79294260.80851033,2029880.70598988,0.8337,0.79966,3,5
2025-09-12 22:00:00.000 UTC,2196392.3054840523,1389016.697865515,215562.4855719875,0.7825,0.745,3,4
2025-09-13 00:00:00.000 UTC,6510.95579552,4512.09238662,45.57667024,0.75,0.7,1,1
2025-09-13 02:00:00.000 UTC,2.00141822,0.12031016,1.68096623,0.93,0.9,1,1
2025-09-13 06:00:00.000 UTC,51721.57751627,38615.95384925,175.22928795,0.78,0.75,1,1
2025-09-13 08:00:00.000 UTC,15440019.95930235,13118387.9190795,329869.46547284,0.891,0.871,1,1
2025-09-13 16:00:00.000 UTC,282044703.4334912,121214631.6985293,97680262.6362032,0.8011,0.7761,1,2
2025-09-14 00:00:00.000 UTC,10228.69339758,5716.13730204,1443.94807626,0.75,0.7,1,1
2025-09-14 06:00:00.000 UTC,283983616.25251865,122024558.74417756,98375125.8294022,0.8011,0.7761,1,1
2025-09-14 10:00:00.000 UTC,87.94231926,0.0,65.95673944,0.78,0.75,1,1
2025-09-14 12:00:00.000 UTC,93785269.9000474,40625495.574367,32159701.65634056,0.7870333333333333,0.7453666666666667,2,3
2025-09-14 14:00:00.000 UTC,93758332.09597768,40775872.57424608,31989660.06332276,0.7870333333333333,0.7453666666666667,2,3
2025-09-14 20:00:00.000 UTC,15545313.43956667,13122616.20735442,495078.36570598,0.896,0.876,1,1
2025-09-15 02:00:00.000 UTC,280615869.88445747,125027100.33189732,92758876.28543012,0.8011,0.7761,1,4
2025-09-15 04:00:00.000 UTC,13809893.988959424,8757493.89599061,1323728.715949765,0.78,0.73,1,2
2025-09-15 06:00:00.000 UTC,281816636.0303736,129713432.34036078,89004458.88281214,0.8011,0.7761,1,4
2025-09-15 08:00:00.000 UTC,183958840.09703013,88734954.47979023,54035618.30662468,0.8040666666666667,0.7790666666666667,2,3
2025-09-15 10:00:00.000 UTC,275574594.43933827,140243879.3375132,73629563.40685718,0.8011,0.7761,1,1
2025-09-15 12:00:00.000 UTC,274905055.96266633,134969149.44893333,78384664.48369202,0.8011,0.7761,1,1
2025-09-16 02:00:00.000 UTC,274932276.05554754,131782447.97903971,81592491.4676707,0.8011,0.7761,1,1
2025-09-16 04:00:00.000 UTC,42307748.86900531,29800093.38557069,6448002.033678953,0.9467583333333334,0.9263416666666666,12,12
2025-09-16 06:00:00.000 UTC,367049.630232,254365.40415475,2569.33700765,0.75,0.7,1,1
2025-09-16 10:00:00.000 UTC,273796664.3324346,128347145.85779168,84146445.33061083,0.8011,0.7761,1,1
2025-09-16 12:00:00.000 UTC,17463336.06699558,11074310.90737932,1673924.42152745,0.78,0.73,1,2
2025-09-16 14:00:00.000 UTC,121811213.19280696,108350664.98399386,2158143.12511972,0.8366666666666666,0.7966666666666667,2,3
2025-09-16 16:00:00.000 UTC,15549781.43782015,13127263.91959939,494344.61993106,0.896,0.876,1,1
2025-09-16 18:00:00.000 UTC,15553040.79320439,13147464.33146632,476999.40338072,0.896,0.876,1,1
2025-09-16 20:00:00.000 UTC,0.0,0.0,0.0,0.0,0.0,1,1
2025-09-17 02:00:00.000 UTC,275591682.891416,108281308.14516713,105605396.94686088,0.8011,0.7761,1,2
2025-09-17 04:00:00.000 UTC,4225129.219295285,4004117.2320768,51.858339265,0.87,0.835,2,2
2025-09-17 06:00:00.000 UTC,16699.7477352,12068.90815745,121.90768924,0.78,0.73,1,1
2025-09-17 10:00:00.000 UTC,273106524.3517831,109401906.99437708,102556066.5550418,0.8011,0.7761,1,1
2025-09-17 14:00:00.000 UTC,279547299.8691757,193350904.4235232,45669413.03815722,0.87555,0.85305,2,2
2025-09-17 18:00:00.000 UTC,48328.35197306,31433.07445406,6021.39832506,0.8,0.775,1,1
2025-09-17 22:00:00.000 UTC,138283.64818411,88836.84346006,22481.49332814,0.83,0.805,1,2
2025-09-18 02:00:00.000 UTC,94371182.5553253,43062686.168463066,30161714.733837023,0.7870333333333333,0.7453666666666667,2,3
2025-09-18 04:00:00.000 UTC,280572549.1407605,128754888.9393844,88997466.44875982,0.8011,0.7761,1,1
2025-09-18 06:00:00.000 UTC,59731228.27104332,33287673.7439376,10316122.89392402,0.78,0.73,1,1
2025-09-18 10:00:00.000 UTC,17979063.783621386,15261935.54172843,634071.8155114325,0.9017916666666667,0.8817916666666666,2,12
2025-09-18 12:00:00.000 UTC,15111949.28929151,13301978.449151302,61156.5793062425,0.901,0.881,1,8
2025-09-18 14:00:00.000 UTC,103012832.13808082,94602464.49269994,799564.9761161,0.9255,0.9055,2,2
2025-09-18 16:00:00.000 UTC,281310661.41321194,129355410.93357743,88969793.38921636,0.8011,0.7761,1,1
2025-09-18 18:00:00.000 UTC,140269908.068225,66427934.13362009,42435415.55436681,0.79055,0.75305,2,2
2025-09-18 20:00:00.000 UTC,279525414.14122736,137538930.04298195,79400743.87202463,0.8011,0.7761,1,2
2025-09-19 02:00:00.000 UTC,74083062.53942846,39653743.02078165,18465396.23348686,0.812775,0.776525,3,4
2025-09-19 08:00:00.000 UTC,298723963.3245124,274474543.6816386,2931127.36088034,0.9255,0.9055,2,2
2025-09-19 12:00:00.000 UTC,551322549.9585972,506916015.32755554,5813956.133939923,0.95,0.93,1,12
2025-09-19 14:00:00.000 UTC,8804971.727590883,7664796.661627612,69451.2747959325,0.8655,0.843,2,4
2025-09-19 16:00:00.000 UTC,440334619.5994049,405342856.81479704,4168339.4126495062,0.95,0.93,2,8
2025-09-19 18:00:00.000 UTC,528392.93454689,343668.45216801,65836.07210582,0.8,0.775,1,1
2025-09-19 20:00:00.000 UTC,9056535.301834144,5761654.64271687,900718.5668739267,0.7933333333333333,0.76,2,3
2025-09-19 22:00:00.000 UTC,11707321.38705325,9528130.57382982,473378.5551086025,0.8505,0.828,2,8
2025-09-20 08:00:00.000 UTC,272073308.5572492,119409735.18461028,91746359.5866708,0.8011,0.7761,1,1
2025-09-20 10:00:00.000 UTC,102555625.94152938,50313641.69207783,30525965.431115493,0.8677,0.8460333333333334,2,3
2025-09-21 02:00:00.000 UTC,102793583.0674681,50675414.23778833,30363019.760130875,0.8677,0.8460333333333334,2,3
2025-09-21 04:00:00.000 UTC,272336874.25133,121090865.57890612,90269782.52755111,0.8011,0.7761,1,1
2025-09-21 06:00:00.000 UTC,151761.42919943,117381.32316831,4786.627337225,0.83,0.805,1,2
2025-09-21 10:00:00.000 UTC,271571532.62428105,121382534.40877765,89384132.06092685,0.8011,0.7761,1,1
2025-09-22 00:00:00.000 UTC,12137395.764280692,10589300.646072933,103694.64926847334,0.8773333333333334,0.8556666666666666,2,3
2025-09-22 02:00:00.000 UTC,344379238.5259317,256731147.87930337,43425856.42203441,0.87555,0.85305,2,2
2025-09-22 04:00:00.000 UTC,261503999.30932263,121573613.90151168,81379639.96245362,0.8011,0.7761,1,1
2025-09-22 06:00:00.000 UTC,174426.302104604,115455.666075352,24981.919105128,0.824,0.799,6,10
2025-09-22 08:00:00.000 UTC,254892120.1069184,122902963.7820335,74918810.63294587,0.8011,0.7761,1,4
2025-09-22 10:00:00.000 UTC,254039415.70182,124930523.87969828,72229466.64648423,0.8011,0.7761,1,1
2025-09-22 14:00:00.000 UTC,54414647.74055094,24395850.567314345,17474387.138017733,0.8022199999999999,0.77222,5,5
2025-09-22 18:00:00.000 UTC,9735793.725909103,8673490.166059796,380797.99903566146,0.95,0.93,1,34
2025-09-22 20:00:00.000 UTC,45139991.17772111,6676445.243904846,28307047.981738053,0.805,0.78,2,6
2025-09-23 00:00:00.000 UTC,159728.04301089,92171.1027619,19638.52734572,0.75,0.7,1,1
2025-09-23 02:00:00.000 UTC,169223696.8511668,81622936.186069,49721783.6453107,0.8107333333333333,0.7857333333333333,2,6
2025-09-23 06:00:00.000 UTC,255655988.18664128,128197520.24851865,70217092.18313366,0.8011,0.7761,1,1
2025-09-23 08:00:00.000 UTC,93573437.2043128,48322423.65540848,24285919.330011517,0.8494545454545454,0.8194363636363636,3,11
2025-09-23 10:00:00.000 UTC,265059909.8567066,139172735.30060527,66275200.82932801,0.8003,0.7751,1,1
2025-09-23 12:00:00.000 UTC,63333895.21771971,27769116.7460643,21288361.260384273,0.7899666666666667,0.7524166666666667,3,6
2025-09-23 20:00:00.000 UTC,26880056.211710695,6788552.213239337,14042338.0939895,0.79,0.7625,2,4
2025-09-24 00:00:00.000 UTC,2547572.97925452,1949174.04559054,419814.06781823,0.9499,0.9299,1,1
2025-09-24 02:00:00.000 UTC,77914883.16184022,41131255.62783979,19247721.930329006,0.9070142857142857,0.8854714285714286,3,7
2025-09-24 04:00:00.000 UTC,158797635.02140215,88882434.79821067,34186986.076801576,0.8123857142857143,0.7871285714285715,3,7
2025-09-24 06:00:00.000 UTC,278942298.0524764,147810171.15255943,68007484.85064153,0.7992,0.7737,1,1
2025-09-24 08:00:00.000 UTC,5966.6692314,4755.13703517,48.0316961,0.83,0.805,1,1
2025-09-24 12:00:00.000 UTC,139559233.5020146,74001267.78445846,33975871.83983469,0.8146,0.78935,2,2
2025-09-24 14:00:00.000 UTC,9216469.68678634,6682361.952516621,1362460.4120921069,0.7942666666666667,0.7425833333333333,3,6
2025-09-24 16:00:00.000 UTC,18491805.6053538,16123437.800337078,260301.96600638333,0.906,0.886,1,3
2025-09-24 18:00:00.000 UTC,36316868.73687243,15668945.08431112,13514016.428987995,0.853,0.8305,2,2
2025-09-24 20:00:00.000 UTC,53933920.1765817,16014308.08355308,25784480.05329773,0.8,0.775,1,1
2025-09-25 00:00:00.000 UTC,4980819.8033850435,4261289.5596349565,201786.9591957133,0.8286,0.7933333333333333,2,3
2025-09-25 02:00:00.000 UTC,47628445.96722183,27012183.714944676,10514002.919100013,0.8000461538461539,0.7791923076923077,5,13
2025-09-25 04:00:00.000 UTC,1693231.881430705,1472596.37271223,34983.1179303175,0.86875,0.835,4,8
2025-09-25 06:00:00.000 UTC,11323728.63180017,9845348.449398046,346007.319222104,0.92,0.9,1,5
2025-09-25 08:00:00.000 UTC,1601950.5353656264,1355851.613822763,85804.85808447,0.8405,0.82175,4,12
2025-09-25 10:00:00.000 UTC,12321.401269206668,10941.919109498334,13.467809392777777,0.906,0.886,1,18
2025-09-25 12:00:00.000 UTC,23944378.951708045,13152663.518498067,5787780.15985339,0.8636285714285714,0.8366642857142856,6,14
2025-09-25 14:00:00.000 UTC,2977495.0644076774,2307381.299932565,373743.36832587124,0.7725,0.753125,4,8
2025-09-25 16:00:00.000 UTC,42381416.127586655,21119704.661723133,11586624.955781577,0.8031375,0.770875,8,16
2025-09-25 18:00:00.000 UTC,16444930.69878767,7566828.666037135,3451274.902150595,0.72,0.67,1,2
2025-09-25 20:00:00.000 UTC,29498996.83688399,13387254.692687785,10139144.33133551,0.875,0.8525,2,2
2025-09-25 22:00:00.000 UTC,2945475.65342416,1711817.04148252,761760.2837550567,0.8804333333333334,0.8584333333333334,1,3
2025-09-26 00:00:00.000 UTC,212776121.1697068,114117638.13643716,50026851.12439616,0.82775,0.803175,2,8
2025-09-26 04:00:00.000 UTC,34982254.449430265,14141415.47102407,13087532.735684028,0.84,0.8166666666666667,2,3
2025-09-26 06:00:00.000 UTC,962333.935795815,448129.143272725,417971.398943505,0.46,0.45,1,2
2025-09-26 10:00:00.000 UTC,283044561.85508454,144106671.04522932,74120686.14504083,0.7971,0.771,1,2
2025-09-26 12:00:00.000 UTC,181616516.60004616,91705878.67367126,48468957.01510351,0.8033666666666667,0.7774,2,6
2025-09-26 14:00:00.000 UTC,250760466.32687795,127116548.42539458,66553623.10366059,0.7981333333333333,0.7723333333333333,1,3
2025-09-26 18:00:00.000 UTC,407448.62432105,282361.90200743,2852.1350173,0.75,0.7,1,1
2025-09-27 04:00:00.000 UTC,54550879.03516142,32451200.91446892,11200397.270828353,0.8987333333333334,0.8777833333333334,3,6
2025-09-27 06:00:00.000 UTC,19319144.455343056,16892551.33224199,320806.37746867,0.911,0.891,1,2
2025-09-27 10:00:00.000 UTC,249537875.43925753,119192167.62074295,73625748.73117134,0.7985,0.7727,1,1
2025-09-27 14:00:00.000 UTC,125146343.63191973,63775050.1804731,32925529.54391126,0.39925,0.38635,2,2
2025-09-27 18:00:00.000 UTC,184418.411714735,158198.72903244,13310.393862255,0.95,0.93,1,2
2025-09-27 20:00:00.000 UTC,249386646.54425913,122900819.67121564,69800242.11353335,0.7985,0.7727,1,1
2025-09-28 00:00:00.000 UTC,6599.75180715,0.0,6137.76918064,0.95,0.93,1,5
2025-09-28 02:00:00.000 UTC,14559.35408897,10522.04522736,106.28325758,0.78,0.73,1,1
2025-09-28 04:00:00.000 UTC,314298.9082254,148879.56816841802,83489.467457596,0.8298200000000001,0.79572,4,5
2025-09-28 06:00:00.000 UTC,246301897.32050112,124115700.61855756,66281249.06986038,0.79875,0.773025,1,4
2025-09-28 10:00:00.000 UTC,239425994.32601145,119603192.33128797,65628699.91005217,0.79925,0.77365,1,2
2025-09-28 12:00:00.000 UTC,39497.035252942005,25158.756136934,4464.020302767,0.78,0.75,1,10
2025-09-28 20:00:00.000 UTC,16375.75341218,11834.75717521,119.542815675,0.78,0.73,1,2
2025-09-28 22:00:00.000 UTC,400644.39943554,298077.400054705,23661.19131784,0.805,0.7675,2,2
2025-09-29 02:00:00.000 UTC,237847151.14570796,119366087.82237647,64844923.5663875,0.799925,0.7745,1,4
2025-09-29 06:00:00.000 UTC,4757103.04624718,3120474.52868286,513476.48834536,0.8016,0.7639,1,1
2025-09-29 12:00:00.000 UTC,96210081.12734789,48701383.66393881,25875570.609637234,0.8407333333333334,0.8173,3,3
2025-09-29 14:00:00.000 UTC,112533957.78370528,57600785.87760126,29604513.72950475,0.8061,0.78096,3,5
2025-09-29 16:00:00.000 UTC,213127634.1353472,112403747.59412588,52748856.09735465,0.8003,0.7749,1,1
2025-09-29 20:00:00.000 UTC,256689.730565235,146731.80552533167,47664.64184146833,0.8013833333333333,0.7610833333333333,3,6
2025-09-30 02:00:00.000 UTC,54992617.57739944,28147824.59006493,14434642.548464864,0.777525,0.733675,3,4
2025-09-30 04:00:00.000 UTC,310998560.4504904,267881560.54602596,13813553.764758613,0.9166888888888889,0.8954888888888889,3,9
2025-09-30 06:00:00.000 UTC,57273215.64096512,28983422.34540719,15312954.3981143,0.4122875,0.397125,5,8
2025-09-30 08:00:00.000 UTC,317797482.6838006,271258134.3441835,16089067.514621975,0.9163555555555557,0.8950666666666666,2,9
2025-09-30 12:00:00.000 UTC,234656132.5838216,123245527.501086,58096731.75969135,0.7986,0.7728,1,1
2025-09-30 14:00:00.000 UTC,540770.02599435,374753.63505973,3785.38313631,0.75,0.7,1,1
2025-09-30 16:00:00.000 UTC,53076359.57554202,25026269.38639038,16107909.28465468,0.8,0.775,1,1
2025-09-30 18:00:00.000 UTC,35291316.63026045,17388746.514896806,9170620.665772984,0.7866666666666667,0.745,3,6
2025-10-01 00:00:00.000 UTC,234841032.77392703,123256600.5349046,58193310.94313616,0.79845,0.77265,1,2
2025-10-01 02:00:00.000 UTC,57189.1689169925,41330.61340501,417.47990439,0.78,0.73,1,4
2025-10-01 04:00:00.000 UTC,35505982.95510626,19092696.31857194,6826671.23865562,0.78,0.73,1,1
2025-10-01 06:00:00.000 UTC,0.0,0.0,0.0,0.0,0.0,2,8
2025-10-01 08:00:00.000 UTC,46883894.23885129,24694414.32418405,11526368.568190925,0.78994,0.7503,4,5
2025-10-01 10:00:00.000 UTC,161834.95568693665,83175.58220956667,29149.629141946665,0.7833333333333333,0.7283333333333333,2,3
2025-10-01 12:00:00.000 UTC,12260.683169305,10863.57806564,109.733370885,0.915,0.895,1,2
2025-10-01 14:00:00.000 UTC,161007705.75645894,87265238.42672218,37192953.02179141,0.8091333333333333,0.7836333333333333,2,3
2025-10-01 16:00:00.000 UTC,13575.47355361,12028.5475826,121.50124788,0.915,0.895,1,1
2025-10-01 20:00:00.000 UTC,13198173.436818182,7648005.203544684,2196067.5632710536,0.8533333333333334,0.8216666666666667,3,3
2025-10-01 22:00:00.000 UTC,189765.59416988,131019.43716747,7509.44657654,0.78,0.73,1,1
2025-10-02 00:00:00.000 UTC,101571.60112029599,55844.932362265994,24931.61001858,0.81942,0.79214,3,5
2025-10-02 02:00:00.000 UTC,247436094.0689778,129954104.62681162,61247752.10890812,0.7985666666666666,0.7727333333333333,1,3
2025-10-02 04:00:00.000 UTC,3241593.20689387,2307001.90362744,124193.00154296,0.78,0.75,1,1
2025-10-02 06:00:00.000 UTC,9605288.597993216,6222462.70622219,1500080.2364706534,0.8127666666666667,0.7793333333333333,2,3
2025-10-02 12:00:00.000 UTC,36991452.91501437,21599278.946721446,5404481.68123904,0.78,0.73,1,2
2025-10-02 14:00:00.000 UTC,2276979.0880309325,1122897.868257635,539296.8660049425,0.78,0.73,3,4
2025-10-02 16:00:00.000 UTC,57666872.81439001,30538766.24961728,14153060.181534972,0.8,0.775,1,6
2025-10-02 18:00:00.000 UTC,7363251.716742335,4316065.033591229,1393388.756859785,0.8075,0.773125,4,8
2025-10-02 20:00:00.000 UTC,25807.42823609,14463.42101824,6311.55871181,0.83,0.805,1,1
2025-10-03 02:00:00.000 UTC,476535.7889737934,249721.81154577332,132076.493954405,0.8145666666666667,0.7893166666666667,3,6
2025-10-03 12:00:00.000 UTC,476742.32788392,330382.43936738,3337.19015136,0.75,0.7,1,1
2025-10-03 14:00:00.000 UTC,127587568.22667584,66858945.62443364,31727232.777590435,0.78925,0.75135,2,2
2025-10-03 16:00:00.000 UTC,85551201.11704522,44965610.321191624,21121415.716723584,0.7728333333333333,0.7175666666666667,2,3
2025-10-03 20:00:00.000 UTC,7420.71944203,0.0,6901.26908108,0.95,0.93,1,3
2025-10-04 02:00:00.000 UTC,9763.96911475,3249.63346641,4615.481768605,0.865,0.83,2,2
2025-10-04 04:00:00.000 UTC,255491598.75022843,235812042.09090713,1795144.746805307,0.95,0.93,2,16
2025-10-04 08:00:00.000 UTC,315888.12650166,203322.186904055,14640.620382085,0.76,0.69,1,2
2025-10-04 14:00:00.000 UTC,7405.884413408001,0.0,6887.472504466,0.95,0.93,1,5
2025-10-04 16:00:00.000 UTC,30863.86001669,16399.1270576,8446.28025583,0.83,0.805,1,1
2025-10-04 20:00:00.000 UTC,48261.813166135,34878.81295561,352.31065566,0.78,0.73,1,2
2025-10-05 02:00:00.000 UTC,7431.00517086,0.0,6910.83480889,0.95,0.93,1,1
2025-10-05 04:00:00.000 UTC,10964813.78474657,5541553.324095085,2462760.738769905,0.78,0.73,3,4
2025-10-05 06:00:00.000 UTC,80643.46864546,40791.917985715,24126.074273875,0.83,0.805,1,2
2025-10-05 08:00:00.000 UTC,52653128.41276278,22362068.331558816,18313178.802616667,0.89566,0.8734799999999999,3,5
2025-10-05 12:00:00.000 UTC,195947809.54075745,180857393.9800032,1374068.89290117,0.95,0.93,1,5
2025-10-05 14:00:00.000 UTC,141987320.64734897,127691534.06882694,4356674.133207585,0.95,0.93,1,2
2025-10-05 16:00:00.000 UTC,563896.7137108566,0.0,422922.53528313665,0.78,0.75,1,3
2025-10-05 18:00:00.000 UTC,7439.275869,0.0,6918.52655817,0.95,0.93,1,3
2025-10-06 00:00:00.000 UTC,64685708.05227276,27469510.66545277,22494608.103626486,0.91205,0.8906,2,4
2025-10-06 06:00:00.000 UTC,129832497.55515935,55634128.27983634,44669692.14127836,0.7742,0.7363,2,2
2025-10-06 08:00:00.000 UTC,7517.78722264,0.0,6991.54211705,0.95,0.93,1,2
2025-10-06 10:00:00.000 UTC,252550542.28387892,112530106.18582958,82757902.5547789,0.799,0.7732666666666667,1,3
2025-10-06 12:00:00.000 UTC,188808855.57355207,86664171.78363438,59360731.48823399,0.806825,0.7813,2,4
2025-10-06 16:00:00.000 UTC,49126.35157228,27143.00923815,12403.70377753,0.83,0.805,1,1
2025-10-06 22:00:00.000 UTC,15831.66219795,9329.37027519,2227.74312931,0.78,0.73,1,1
2025-10-07 02:00:00.000 UTC,262144390.30878147,121410473.39610589,81227140.3125822,0.7987,0.773,1,1
2025-10-07 06:00:00.000 UTC,20342708.40819588,17438435.694630325,768288.3307049815,0.915,0.895,1,7
2025-10-07 08:00:00.000 UTC,164542.00928501,100186.62994622,19929.03683183,0.78,0.73,1,1
2025-10-07 10:00:00.000 UTC,48047.4445915125,23973.8332665,10993.7191938525,0.9,0.8725,2,4
2025-10-07 12:00:00.000 UTC,500286.78261677,345650.88279639,4549.86503534,0.75,0.7,1,1
2025-10-07 16:00:00.000 UTC,21730882.65124532,18301059.124245252,1148080.848619306,0.915,0.895,1,5
2025-10-07 18:00:00.000 UTC,22432047.84449465,19001279.71168644,1075403.1091362687,0.915,0.895,1,9
2025-10-07 20:00:00.000 UTC,11726512.625819145,9930950.11749872,513585.0584682,0.8325,0.7975,2,2
2025-10-08 02:00:00.000 UTC,604554.76701774,418956.46102339,4231.87588902,0.75,0.7,1,1
2025-10-08 04:00:00.000 UTC,333475.017413145,231098.22219579,2334.31055169,0.765,0.715,2,2
2025-10-08 12:00:00.000 UTC,252187245.25565493,117002273.7488752,77888029.3846949,0.7986,0.7728,1,1
2025-10-08 14:00:00.000 UTC,124994880.80537692,60139193.84121316,36457427.80653227,0.8743,0.8514,2,2
2025-10-08 16:00:00.000 UTC,8063906.91293475,1209146.333326106,5040365.503189119,0.802,0.772,3,5
2025-10-08 18:00:00.000 UTC,9170962.470877668,5915259.074662305,1911084.48619759,0.82,0.78375,3,4
2025-10-08 20:00:00.000 UTC,3142082.331085072,2666340.945838306,211360.35900449147,0.9215384615384615,0.9020979020979021,2,143
2025-10-09 00:00:00.000 UTC,24136750.99652149,20701677.500618767,1021398.3962505668,0.92,0.9,1,3
2025-10-09 02:00:00.000 UTC,4641585.626051762,2836271.9236152438,1038332.7786055371,0.92,0.899090909090909,3,11
2025-10-09 04:00:00.000 UTC,6114788.518654935,5250545.43769995,252929.04380841,0.9425,0.9225,2,4
2025-10-09 08:00:00.000 UTC,159561.90618238802,108170.91915785,19529.785368564,0.868,0.844,6,10
2025-10-09 10:00:00.000 UTC,7158.312795235,0.0,6657.23089956,0.95,0.93,1,2
2025-10-09 12:00:00.000 UTC,14542.6861000925,5858.721225865,6524.8953575225,0.92,0.89875,2,4
2025-10-09 14:00:00.000 UTC,137967.99711771,89006.43468513,6277.9101234725,0.795,0.7475,3,4
2025-10-09 16:00:00.000 UTC,7105.333829675,0.0,6607.96046159,0.95,0.93,1,4
2025-10-09 18:00:00.000 UTC,5005619.50583548,1999582.9689140737,1654519.2703458266,0.78,0.73,1,3
2025-10-10 02:00:00.000 UTC,140229.69743874,120377.485066545,10036.13355148,0.95,0.93,1,2
2025-10-10 08:00:00.000 UTC,0.12909183,0.08651036,0.01482672,0.81,0.785,1,1
2025-10-10 10:00:00.000 UTC,0.0,0.0,0.0,0.0,0.0,2,6
2025-10-10 14:00:00.000 UTC,254356.2034118293,152142.46140254717,50752.149463768576,0.8138785714285715,0.7830642857142857,9,14
2025-10-10 16:00:00.000 UTC,35981.52362668,20782.72183143,8182.40468804,0.83,0.805,1,1
2025-10-10 18:00:00.000 UTC,166267.46545131557,103670.35308539776,23044.908055073334,0.7970777777777778,0.7550111111111111,6,9
2025-10-10 20:00:00.000 UTC,1300489.2012649188,983530.0970512968,52847.540357446,0.807032,0.771918,26,50
2025-10-10 22:00:00.000 UTC,64573300.15858645,28848628.98860753,20989356.508050334,0.7865285714285715,0.7412428571428572,4,7
2025-10-11 00:00:00.000 UTC,105426.47942675112,70265.70570032,9145.402305458889,0.8080777777777778,0.7721444444444444,5,9
2025-10-11 02:00:00.000 UTC,224363969.5250261,108694544.92630072,64514439.54701942,0.798,0.772,1,1
2025-10-11 04:00:00.000 UTC,149311354.11643574,75274839.78272612,39963085.242614865,0.7918333333333333,0.7578666666666667,2,3
2025-10-11 06:00:00.000 UTC,231452807.10973713,119601113.25774132,58849001.02386598,0.7972,0.771,1,1
2025-10-11 08:00:00.000 UTC,86172.04337037,43133.05406093,13740.49456351,0.71,0.66,1,2
2025-10-11 10:00:00.000 UTC,82295675.93315586,40057246.41277672,23295978.905345816,0.8114,0.7828666666666667,2,3
2025-10-11 12:00:00.000 UTC,124112303.89930664,62440189.28990112,33101967.25379939,0.8731,0.8499,2,2
2025-10-11 14:00:00.000 UTC,52656.980179165,34871.336272745,7517.53277148,0.83,0.805,1,2
2025-10-11 16:00:00.000 UTC,6309.48593734,0.0,5867.82192172,0.95,0.93,1,1
2025-10-11 20:00:00.000 UTC,462091.3097027175,309476.56403946126,61570.127230195,0.8185875,0.7933,4,8
2025-10-11 22:00:00.000 UTC,6183.64653789,0.0,5750.79128023,0.95,0.93,1,3
2025-10-12 02:00:00.000 UTC,0.005087389,0.001436035,0.00265931,0.83,0.805,5,10
2025-10-12 08:00:00.000 UTC,164570372.07309115,82841632.46694028,43857454.834696226,0.8074833333333333,0.7815833333333333,2,6
2025-10-12 10:00:00.000 UTC,244949972.425666,124259154.9628871,64352323.80487573,0.7963,0.77,1,1
2025-10-12 12:00:00.000 UTC,45806.23491382,28268.26401916,8605.75508646,0.83,0.805,1,2
2025-10-12 14:00:00.000 UTC,430999.88276340713,261603.19772805285,84710.20868899714,0.8442714285714287,0.8196285714285714,7,14
2025-10-12 16:00:00.000 UTC,118356.63023738,68932.34845267444,24010.165496271115,0.8157555555555556,0.7869333333333333,6,9
2025-10-12 20:00:00.000 UTC,88006.919900025,44218.426759995,25428.243228375,0.823,0.7945,2,4
2025-10-12 22:00:00.000 UTC,257242775.67479295,134703192.055946,63553815.15661695,0.7969,0.7707,1,1
2025-10-13 02:00:00.000 UTC,373699.267844905,296897.439681535,3674.466199515,0.805,0.7675,2,2
2025-10-13 04:00:00.000 UTC,189328.79851015,122278.572004095,11035.1024214675,0.85,0.815,3,4
2025-10-13 08:00:00.000 UTC,7.95010742,8.54084571,0.0,0.83,0.805,1,1
2025-10-13 10:00:00.000 UTC,131174814.98180982,69833539.84275395,31096868.077933945,0.7885333333333333,0.7504666666666667,3,6
2025-10-13 12:00:00.000 UTC,126210718.1754508,67994005.61313884,29258868.446559034,0.7884,0.7503,2,2
2025-10-13 14:00:00.000 UTC,26306449.53304759,23796999.868766464,666043.392035504,0.712,0.694,2,5
2025-10-13 16:00:00.000 UTC,123282402.93210717,67455988.29869476,27446805.615254924,0.7881,0.7599,2,2
2025-10-13 18:00:00.000 UTC,1140636.14722978,667242.10440696,250969.994113005,0.83,0.805,1,2
2025-10-13 22:00:00.000 UTC,22440.2577947275,15468.160893165,2130.126778415,0.8155,0.78325,2,4
2025-10-14 00:00:00.000 UTC,0.0,0.0,0.0,0.0,0.0,2,2
2025-10-14 04:00:00.000 UTC,155613.267547364,118994.843454056,6273.8369215719995,0.166,0.161,3,5
2025-10-14 06:00:00.000 UTC,45301.654364755,32569.754904365,3898.07685926,0.83,0.805,1,2
2025-10-14 08:00:00.000 UTC,226445980.6557381,116795711.14400576,57409181.77445353,0.7958,0.7693,1,1
2025-10-14 10:00:00.000 UTC,233883.09153133,170742.61564864,17533.27303408,0.83,0.805,1,2
2025-10-14 12:00:00.000 UTC,37237815.89390358,19346084.51188693,9304771.483516583,0.80795,0.7745333333333333,4,6
2025-10-14 14:00:00.000 UTC,112559447.6969515,59333009.07656858,27326624.75115919,0.812975,0.78725,2,4
2025-10-14 16:00:00.000 UTC,249138.53497272,141692.44041854,32704.53406236,0.75,0.7,1,1
2025-10-15 02:00:00.000 UTC,114661509.17634311,61238453.52111314,27028519.72678121,0.8731,0.8499,2,2
2025-10-15 04:00:00.000 UTC,10.16366367,9.53214561,0.0,0.86415,0.8299,2,2
2025-10-15 06:00:00.000 UTC,180642.43729672668,125185.76362648334,1264.4731925933331,0.7692333333333333,0.7242,3,3
2025-10-15 08:00:00.000 UTC,952086.19046705,705236.25628356,61193.12704241,0.83,0.805,1,1
2025-10-15 10:00:00.000 UTC,231960584.57306683,120534034.63836125,57936439.13215637,0.7958,0.7694,1,1
2025-10-15 12:00:00.000 UTC,194827.11497492,140801.57163938,1422.222292305,0.78,0.73,1,2
2025-10-15 16:00:00.000 UTC,452718.540308085,352637.81113521,11800.58728114,0.8139,0.7879,2,2
2025-10-15 22:00:00.000 UTC,226928623.70586357,116855690.93193305,57720499.28498779,0.7958,0.7693,1,1
2025-10-16 00:00:00.000 UTC,227213288.0110007,117344538.28565846,57427922.85240325,0.7957,0.7692,1,1
2025-10-16 02:00:00.000 UTC,6596.28873668,0.0,6134.54852511,0.95,0.93,1,3
2025-10-16 04:00:00.000 UTC,225681370.38195384,117574974.47843663,56064271.89343862,0.7959,0.7694,1,1
2025-10-16 06:00:00.000 UTC,27258213.20193572,12438542.87729923,7459952.76011384,0.78,0.73,1,1
2025-10-16 08:00:00.000 UTC,224649285.74934977,117622046.26832747,55234314.4006764,0.79595,0.76945,1,2
2025-10-16 10:00:00.000 UTC,6700.07305411,0.0,6231.06794032,0.95,0.93,1,2
2025-10-16 12:00:00.000 UTC,89801.53043693335,47425.71499958,16456.77550316333,0.8833333333333334,0.8533333333333334,2,3
2025-10-16 14:00:00.000 UTC,34689.10013007,27168.06690639,0.0,0.78,0.73,1,1
2025-10-16 16:00:00.000 UTC,104960.908827275,58161.037782575,24076.182252755,0.8156,0.7834,1,2
2025-10-16 18:00:00.000 UTC,38386.694046325,27539.75567904,3361.533028245,0.83,0.805,1,2
2025-10-16 22:00:00.000 UTC,456442.66149639,316314.78804064,3195.07500683,0.75,0.7,1,1
2025-10-17 00:00:00.000 UTC,223472498.24565536,116136624.96417601,55758420.68638206,0.7957,0.7692,1,1
2025-10-17 02:00:00.000 UTC,223695169.14564505,117331542.74317284,54734781.36365734,0.7957,0.7692,1,1
2025-10-17 04:00:00.000 UTC,220000571.395298,117117476.38907276,52172963.29960904,0.796,0.7695,1,1
2025-10-17 06:00:00.000 UTC,13765648.828674534,7311684.905783583,3280351.550134873,0.814225,0.783225,9,16
2025-10-17 08:00:00.000 UTC,241030.25428862715,171602.97099771,14930.62444895,0.7871428571428571,0.7464285714285714,5,7
2025-10-17 12:00:00.000 UTC,6196.56143235,0.0,5762.80213208,0.95,0.93,1,3
2025-10-17 16:00:00.000 UTC,144031.52171281,104091.58445421,1051.42639614,0.78,0.73,1,1
2025-10-17 20:00:00.000 UTC,75221.559563324,44083.428796645996,16036.847991138,0.8984,0.87492,2,5
2025-10-18 00:00:00.000 UTC,6378.009196,0.0,5931.54855228,0.95,0.93,1,3
2025-10-18 02:00:00.000 UTC,521320.41387812,469657.53245345,4744.04417563,0.93,0.91,1,1
2025-10-18 04:00:00.000 UTC,30006309.33109143,14978018.793720428,8246289.35622173,0.7705111111111111,0.7474,4,9
2025-10-18 12:00:00.000 UTC,6396.25496486,0.0,5948.51711731,0.95,0.93,1,1
2025-10-19 00:00:00.000 UTC,0.0,0.0,0.0,0.0,0.0,2,2
2025-10-19 02:00:00.000 UTC,6378.219827,0.0,5931.74443911,0.95,0.93,1,3
2025-10-19 04:00:00.000 UTC,0.0,0.0,0.0,0.0,0.0,2,4
2025-10-19 06:00:00.000 UTC,6405.66608644,0.0,5957.269460386667,0.95,0.93,1,3
2025-10-19 08:00:00.000 UTC,222416359.49581683,117197433.77702484,53840746.6752583,0.7955,0.769,1,1
2025-10-19 14:00:00.000 UTC,325167.9795393967,242493.7125382033,19266.510991006668,0.83,0.805,2,3
2025-10-19 16:00:00.000 UTC,422582.0275053575,181.1126030225,316774.19211543,0.7925,0.76375,2,4
2025-10-19 18:00:00.000 UTC,6571.98894933,0.0,6111.94972287,0.95,0.93,1,3
2025-10-20 02:00:00.000 UTC,39691.97630889,27212.33328733,4739.70764132,0.83,0.805,1,2
2025-10-20 04:00:00.000 UTC,99131.43233161,46402.1329034725,33398.67012347,0.83,0.805,2,4
2025-10-20 06:00:00.000 UTC,93890.237077245,65710.736952215,2829.13611417,0.78,0.73,2,2
2025-10-20 10:00:00.000 UTC,229709930.5210369,113849853.4364209,62854403.56430628,0.795725,0.76925,1,4
2025-10-20 12:00:00.000 UTC,225763685.7295874,117115086.85147382,56632195.71309808,0.796,0.7696,1,2
2025-10-21 00:00:00.000 UTC,0.0,0.0,0.0,0.0,0.0,2,3
2025-10-21 02:00:00.000 UTC,194466517.4695779,179177594.8821079,1676266.364599545,0.95,0.93,1,4
2025-10-21 04:00:00.000 UTC,37502.02044131,26912.194595175,3276.93186007,0.83,0.805,1,2
2025-10-21 10:00:00.000 UTC,204853604.079914,105953901.5575469,51619490.70072295,0.7958,0.7692,1,1
2025-10-21 12:00:00.000 UTC,37813.11840319334,15292.576966596667,13717.04780035,0.8816666666666666,0.8583333333333334,3,6
2025-10-21 14:00:00.000 UTC,284761.2857582154,174048.73681970307,36422.50009340693,0.8248923076923076,0.7974384615384615,4,13
2025-10-21 16:00:00.000 UTC,10436.95995423,5919.28527587,1699.69549071,0.78,0.73,1,1
2025-10-21 22:00:00.000 UTC,102298624.59294435,53382551.65738388,25305339.72200313,0.7879,0.7496,2,2
2025-10-22 00:00:00.000 UTC,125436.800385405,91460.700841485,1698.4725795475,0.81,0.77875,3,4
2025-10-22 02:00:00.000 UTC,204042473.4463294,106870010.78428607,50079459.79063051,0.7957,0.7692,1,1
2025-10-22 04:00:00.000 UTC,37595937.7361929,17703329.87383224,10167453.53990543,0.8366666666666666,0.7966666666666667,2,3
2025-10-22 06:00:00.000 UTC,203964091.593896,106859491.97887304,50029687.27515175,0.7958,0.7692,1,1
2025-10-22 08:00:00.000 UTC,203388564.88698617,106551596.88025744,49894887.23081233,0.7958,0.7692,1,1
2025-10-22 14:00:00.000 UTC,66940379.1634216,35377501.75689571,16127107.654178638,0.8986333333333334,0.8764666666666666,2,3
2025-10-22 18:00:00.000 UTC,801076.54707784,615972.31464619,28894.30575147,0.83,0.805,1,1
2025-10-22 20:00:00.000 UTC,86104.55202583,39259.23924853,30054.92513226,0.83,0.805,1,2
2025-10-23 00:00:00.000 UTC,199871686.5652122,104940307.64217846,48840968.00109579,0.7959,0.7694,1,1
2025-10-23 02:00:00.000 UTC,200192741.35208383,105445327.47197048,48582967.72432282,0.7959,0.7694,1,1
2025-10-23 04:00:00.000 UTC,6333.08259023,0.0,5889.76680891,0.95,0.93,1,1
2025-10-23 06:00:00.000 UTC,6403.040287715,0.0,5954.8274675675,0.95,0.93,1,4
2025-10-23 08:00:00.000 UTC,40772761.56237529,19626987.088454384,10137449.038481943,0.8225,0.78,2,4
2025-10-23 10:00:00.000 UTC,27102449.685475215,13937201.496209025,5848809.920056385,0.85,0.815,2,2
2025-10-23 12:00:00.000 UTC,53917112.42294139,28861671.99607649,10497820.07267072,0.78,0.73,1,1
2025-10-24 02:00:00.000 UTC,202334652.51973855,106991454.43157868,48705060.68236015,0.796,0.7695,1,1
2025-10-24 06:00:00.000 UTC,55180206.51979121,29865412.89246493,10416137.86698265,0.78,0.73,1,1
2025-10-24 12:00:00.000 UTC,54961709.71111965,30866604.04492201,9255444.04419533,0.78,0.73,1,1
2025-10-24 20:00:00.000 UTC,6475.01324454,0.0,6021.76231742,0.95,0.93,1,3
2025-10-25 04:00:00.000 UTC,6475.5526877,0.0,6022.26399956,0.95,0.93,1,3
2025-10-25 06:00:00.000 UTC,6481.74883826,0.0,6028.02641958,0.95,0.93,1,3
2025-10-25 10:00:00.000 UTC,204483896.42162648,113753891.88850497,43616914.79757879,0.796,0.7696,1,5
2025-10-25 14:00:00.000 UTC,201802468.14674836,113503410.35360718,41844129.6257597,0.7962,0.7698,1,1
2025-10-26 02:00:00.000 UTC,6472.5835066,0.0,6019.50266113,0.95,0.93,1,3
2025-10-26 10:00:00.000 UTC,308620.95209358,227350.08611338,21089.780321946666,0.83,0.805,2,3
2025-10-26 12:00:00.000 UTC,62277.16113893,26107.44912429,24025.66559254,0.83,0.805,2,3
2025-10-26 22:00:00.000 UTC,5458.120922225,3063.096448645,921.331824575,0.78,0.73,2,2
2025-10-27 00:00:00.000 UTC,239369.5212692275,78873.6076247675,79749.9215804825,0.785,0.7275,2,4
2025-10-27 02:00:00.000 UTC,192391039.75643915,158511745.0687557,13495887.797825297,0.91924,0.89794,2,5
2025-10-27 04:00:00.000 UTC,44128.62504423,30207.084141255,5316.459019345,0.83,0.805,1,2
2025-10-27 08:00:00.000 UTC,67310098.66416056,34604868.65217068,17134154.55451358,0.7586333333333333,0.6897666666666668,2,3
2025-10-27 10:00:00.000 UTC,196349713.5679618,102628392.35736066,48508382.54058841,0.7962333333333333,0.7697333333333333,1,3
2025-10-27 14:00:00.000 UTC,383544.2959656,280642.18246222,0.0,0.75,0.7,1,1
2025-10-28 08:00:00.000 UTC,98325928.68784772,50061883.00884584,25603804.97942258,0.77305,0.7348,3,4
2025-10-28 14:00:00.000 UTC,6767.88822293,0.0,6294.13604732,0.95,0.93,1,3
2025-10-28 18:00:00.000 UTC,41692.10458395,29936.08095772,3626.063232355,0.83,0.805,1,2
2025-10-29 00:00:00.000 UTC,0.0,0.0,0.0,0.0,0.0,1,1
2025-10-29 02:00:00.000 UTC,2446.862513055,2039.4589016,236.123235535,0.95,0.93,1,2
2025-10-29 04:00:00.000 UTC,48172724.94765655,23726460.59653175,13342830.551190315,0.9115,0.889875,2,4
2025-10-29 06:00:00.000 UTC,47751311.8753667,23723780.04590367,13040751.193039497,0.91155,0.889975,2,4
2025-10-29 10:00:00.000 UTC,189704133.16046512,94368573.52733868,51684638.5929034,0.7962,0.7699,1,1
2025-10-29 16:00:00.000 UTC,622405.52930969,474120.37157509,26916.07951921,0.83,0.805,1,1
2025-10-29 18:00:00.000 UTC,7194806.568418236,4615152.295142322,781004.8211339045,0.7813513513513514,0.7514864864864865,2,74
2025-10-30 00:00:00.000 UTC,93373246.72515024,46949119.48213376,24930123.560205325,0.87305,0.8499,2,6
2025-10-30 02:00:00.000 UTC,22555.75237315,16301.042657688,164.656574708,0.78,0.73,2,5
2025-10-30 04:00:00.000 UTC,93063970.03756878,47159657.95994465,24481009.54486912,0.81305,0.7874,2,2
2025-10-30 10:00:00.000 UTC,92373597.88641438,47288398.24084157,23824386.168093406,0.8730666666666667,0.8499166666666667,2,6
2025-10-30 12:00:00.000 UTC,91354780.58268943,48118207.9191566,22214645.3536712,0.8057166666666667,0.7764,3,6
2025-10-30 16:00:00.000 UTC,1511791.434213605,864497.56783598,243380.576559685,0.7819,0.73285,1,2
2025-10-30 18:00:00.000 UTC,1188770.83622423,830020.0596423886,123383.20461746717,0.8269142857142857,0.8007714285714286,4,7
2025-10-30 20:00:00.000 UTC,875792.004632995,592620.52975255,112305.941083735,0.82995,0.80495,2,4
2025-10-31 00:00:00.000 UTC,17360.018566745,12287.7485364275,1923.81275628,0.89,0.8675,2,4
2025-10-31 02:00:00.000 UTC,4431.56358255,4039.8789325,81.47519927,0.95,0.93,1,1
2025-10-31 04:00:00.000 UTC,91538456.83370043,47999870.45255539,22475962.41068798,0.8731,0.84995,2,2
2025-10-31 06:00:00.000 UTC,91067281.13865544,48107191.99336239,21996785.096908364,0.87305,0.8499,2,2
2025-10-31 10:00:00.000 UTC,6031.385668756,891.1722291880001,4718.016442752,0.95,0.93,2,5
2025-10-31 14:00:00.000 UTC,92381386.28137146,48480526.60084019,22616581.225313917,0.873,0.8498,2,2
2025-10-31 20:00:00.000 UTC,10053751.06494814,9094954.28738735,255034.20301442,0.95,0.93,1,1
2025-11-01 02:00:00.000 UTC,6334.5492241,0.0,5891.13077841,0.95,0.93,1,3
2025-11-01 10:00:00.000 UTC,185749037.10401112,97303625.67803076,45648833.27721619,0.796,0.7696,1,1
2025-11-01 18:00:00.000 UTC,4923.16693669,4527.92161294,50.62363818,0.95,0.93,1,1
2025-11-02 02:00:00.000 UTC,61952658.90483961,32480456.64200734,15198991.19743821,0.8986666666666666,0.8765333333333334,2,3
2025-11-02 06:00:00.000 UTC,1275.02175147,671.68948924,354.70302069,0.83,0.805,1,1
2025-11-02 10:00:00.000 UTC,6391.8860209225,0.0,5944.453999455,0.95,0.93,1,4
2025-11-02 20:00:00.000 UTC,4916.68821792,4522.57655917,49.94348349,0.95,0.93,1,1
2025-11-03 00:00:00.000 UTC,208562.6393993975,159242.626532425,8712.0471433,0.86,0.83625,3,4
2025-11-03 04:00:00.000 UTC,1530.9584093,1150.334842645,273.456478,0.95,0.93,1,2
2025-11-03 06:00:00.000 UTC,64388.4180796,35787.88951637,16044.7870377,0.83,0.805,1,1
2025-11-03 10:00:00.000 UTC,30921.3837301275,19420.75074094,4979.9604296375,0.815,0.79,2,4
2025-11-03 14:00:00.000 UTC,373431.0314761025,215058.04243385,85553.9379044075,0.83,0.805,2,4
2025-11-03 16:00:00.000 UTC,319959.7655739025,206695.60223885832,50728.42409433,0.8258166666666666,0.798725,7,12
2025-11-03 20:00:00.000 UTC,711714.8354771368,529743.9270329366,29171.79702072,0.81,0.785,2,3
2025-11-04 00:00:00.000 UTC,176509313.48723334,81383900.54139607,54404714.32433255,0.7957,0.7693,1,2
2025-11-04 04:00:00.000 UTC,206063.13233761856,134644.00338444856,23393.591599474286,0.8049857142857143,0.77185,9,14
2025-11-04 06:00:00.000 UTC,755726.7190807757,478816.3187501871,109800.33842998283,0.8057571428571428,0.7688571428571428,4,7
2025-11-04 08:00:00.000 UTC,485792.345957685,325753.1761413033,64933.73094270833,0.8133333333333334,0.7866666666666667,3,6
2025-11-04 10:00:00.000 UTC,170564523.18325225,81591676.87863618,49640667.2585581,0.7958,0.7694,1,1
2025-11-04 12:00:00.000 UTC,57712534.17838169,30856297.612452015,13280627.658570392,0.7851333333333333,0.7429333333333333,3,3
2025-11-04 14:00:00.000 UTC,268076.002791765,166276.3324274,29419.14961058,0.78,0.73,1,2
2025-11-04 16:00:00.000 UTC,521029.57661805523,358348.4390267559,58904.55786267814,0.8170407407407407,0.7867333333333333,15,27
2025-11-04 18:00:00.000 UTC,645570.195438043,430470.43071472814,69018.72430071185,0.8166518518518519,0.7874666666666666,16,27
2025-11-04 20:00:00.000 UTC,17215891.243105147,8820898.0531389,4382666.606936833,0.8141416666666667,0.7855583333333334,18,36
2025-11-04 22:00:00.000 UTC,29222319.714755345,11791192.669924423,10514663.790638454,0.8170666666666667,0.7911,2,3
2025-11-05 00:00:00.000 UTC,39854.100839533996,23186.645540562004,6537.475650638001,0.882,0.85,2,5
2025-11-05 02:00:00.000 UTC,58429406.3165972,35061706.1177132,12918101.521340037,0.8259888888888889,0.8003333333333333,4,9
2025-11-05 04:00:00.000 UTC,20952994.9347408,10345013.449920092,5671371.472709113,0.783,0.7386,2,4
2025-11-05 06:00:00.000 UTC,32420195.12327119,16516224.776827652,8278903.21326773,0.8869600000000001,0.86392,2,5
2025-11-05 08:00:00.000 UTC,38222829.56428375,19445958.54945959,9708953.656144897,0.8590428571428571,0.8344,2,7
2025-11-05 10:00:00.000 UTC,40840847.969290346,19142928.248752747,12010565.491063297,0.844,0.8185333333333333,2,3
2025-11-05 12:00:00.000 UTC,34798.285845855,15055.47505244,12873.93271141,0.8475,0.8175,3,4
2025-11-05 14:00:00.000 UTC,315507.58539021,229616.974065835,24366.63217328,0.83,0.805,2,2
2025-11-05 16:00:00.000 UTC,170561.79288921,106488.318163164,30813.814820796,0.824,0.799,3,5
2025-11-05 18:00:00.000 UTC,20309485.285490453,10952114.874461232,4581356.549332251,0.6604636363636364,0.6379727272727272,5,11
2025-11-06 00:00:00.000 UTC,192602.38704741,47037.54729369,108007.37427947,0.83,0.805,1,2
2025-11-06 02:00:00.000 UTC,62827793.60750184,33825308.59302347,14106015.150139686,0.791,0.7629,1,2
2025-11-06 06:00:00.000 UTC,62464522.82221568,32296910.7971962,15351027.21158992,0.791,0.7628,1,1
2025-11-06 08:00:00.000 UTC,2293.11574439,1948.65431136,183.94333092,0.95,0.93,1,1
2025-11-06 10:00:00.000 UTC,60625681.83385573,32522567.95167876,13753014.99210331,0.7914,0.7633,1,1
2025-11-06 14:00:00.000 UTC,184663.54796135,45093.822145425,103560.333963455,0.83,0.805,1,2
2025-11-06 16:00:00.000 UTC,17954.576107405,12906.39548219,1547.038284265,0.83,0.805,1,2
2025-11-06 18:00:00.000 UTC,1546268.3482139367,1398850.2592513068,39085.29686855,0.8366666666666666,0.7966666666666667,2,3
2025-11-06 20:00:00.000 UTC,5475.91221318,0.0,5092.59835825,0.95,0.93,1,3
2025-11-06 22:00:00.000 UTC,6781.457055195,48.28069252833333,5047.374081898333,0.5666666666666667,0.55,3,6
2025-11-07 00:00:00.000 UTC,46494154.40669263,23780520.7150934,11680511.111810895,0.823125,0.797025,2,4
2025-11-07 02:00:00.000 UTC,64632006.3770747,32091093.87451651,17177884.58672753,0.7905,0.7623,1,1
2025-11-07 10:00:00.000 UTC,31403876.335176244,15726244.65459487,8220518.146266732,0.8025,0.772775,3,4
2025-11-07 12:00:00.000 UTC,47159.4595225,26130.6656948,11832.69922081,0.83,0.805,1,1
2025-11-07 16:00:00.000 UTC,30914286.13190681,15948048.809043534,7634419.71332016,0.8105,0.7839,2,2
2025-11-07 18:00:00.000 UTC,212085.63552985332,156736.61469852334,13992.321903003332,0.83,0.805,2,3
2025-11-08 02:00:00.000 UTC,65565010.80478763,33111556.61292962,16881764.12572094,0.7907,0.7625,1,1
2025-11-09 00:00:00.000 UTC,5596.49727206,0.0,5204.74246301,0.95,0.93,1,3
2025-11-09 04:00:00.000 UTC,63286662.9032528,32426406.26529715,15842276.19214655,0.7909,0.7627,1,2
2025-11-09 14:00:00.000 UTC,60430.14386229,40954.333669745,5879.027823525,0.8,0.775,1,2
2025-11-09 16:00:00.000 UTC,1763757.2012562365,695744.6652949266,671617.2329960966,0.6083333333333333,0.5941666666666667,2,6
2025-11-09 18:00:00.000 UTC,716024.950622165,333124.28639472,189573.927559455,0.78,0.73,1,2
2025-11-09 20:00:00.000 UTC,484442.5319105071,282174.10198333143,107802.13620462145,0.83,0.805,4,7
2025-11-10 00:00:00.000 UTC,572509.464109321,352236.881113849,106098.784726198,0.81547,0.78754,6,10
2025-11-10 02:00:00.000 UTC,66240607.97733774,22229719.07184514,28318488.87566128,0.7912,0.7631,1,1
2025-11-10 10:00:00.000 UTC,53678738.3299884,22171929.946946673,18952160.6468799,0.79385,0.76615,1,2
2025-11-10 12:00:00.000 UTC,30455590.954032775,12965330.78532043,10732094.5452816,0.8046666666666668,0.7788,1,3
2025-11-10 14:00:00.000 UTC,8862833.32678522,2615790.8352387664,4354139.437534617,0.8233,0.7983,2,3
2025-11-10 18:00:00.000 UTC,5836.0264023725,0.0,5427.504554205,0.95,0.93,1,4
2025-11-10 20:00:00.000 UTC,24380789.863372553,9001263.438339306,10135218.525421806,0.8099,0.7849,1,3
2025-11-10 22:00:00.000 UTC,835.879149575,632.05931815,142.41288557,0.935,0.915,2,2
2025-11-11 02:00:00.000 UTC,24660588.03632117,10456612.30173003,8899483.24797845,0.8099,0.7849,1,1
2025-11-11 08:00:00.000 UTC,24419238.63387752,12325633.5369787,6841026.86675176,0.8099,0.7849,1,1
2025-11-11 14:00:00.000 UTC,237853.44258524,184187.53866784,7237.623864776666,0.8166,0.7915333333333333,2,3
2025-11-11 16:00:00.000 UTC,23723874.92124849,11831152.90136307,6789716.52432486,0.8099,0.7849,1,1
2025-11-11 20:00:00.000 UTC,31237.874382323334,19445.61379352333,5700.87508424,0.83,0.805,2,3
2025-11-12 02:00:00.000 UTC,28796131.9941111,13742085.32356156,8563722.891243955,0.80445,0.7749,1,2
2025-11-12 04:00:00.000 UTC,31258209.67557763,15305460.39860946,8807122.54513112,0.8025,0.7714,1,1
2025-11-12 08:00:00.000 UTC,26620575.8042766,15314983.93201931,5409134.33161002,0.8064,0.7785,1,1
2025-11-12 16:00:00.000 UTC,8811818.788775086,4225885.7313823765,2636215.1912403232,0.8194,0.7931666666666667,3,3
2025-11-12 20:00:00.000 UTC,3153813.48872701,2853450.99880214,79595.54571397,0.95,0.93,1,1
2025-11-13 10:00:00.000 UTC,200499.88988122,78973.18663834,71401.73077257,0.78,0.75,1,1
2025-11-13 16:00:00.000 UTC,457540.1309404325,321554.409007125,44797.68507302333,0.8152583333333333,0.7880666666666667,7,12
2025-11-13 18:00:00.000 UTC,276430.03403057385,168267.51835901692,53768.63797596385,0.823076923076923,0.7978384615384615,7,13
2025-11-13 20:00:00.000 UTC,707253.1555741932,377950.47477401665,151704.64910137,0.7966666666666667,0.755,2,3
2025-11-13 22:00:00.000 UTC,25171366.2969559,9895279.30816702,9683009.39760527,0.8058,0.7778,1,1
2025-11-14 04:00:00.000 UTC,3428423.8370913877,1454095.3495773862,1212580.02965142,0.8097875,0.776025,5,8
2025-11-14 06:00:00.000 UTC,27170787.18135521,13452819.95507953,7628993.81893397,0.8041,0.7759,1,1
2025-11-14 10:00:00.000 UTC,366216.27959134,219412.081716194,58864.211495086,0.80812,0.77204,3,5
2025-11-14 12:00:00.000 UTC,185047.0110564843,97707.54616912428,41871.279112802855,0.8014285714285715,0.7678571428571428,4,7
2025-11-14 14:00:00.000 UTC,9237316.516998757,4773721.655014818,2662318.141169175,0.83,0.805,1,4
2025-11-14 16:00:00.000 UTC,7731539.789962863,3798585.01404254,1845439.032630345,0.78,0.73,1,4
2025-11-14 22:00:00.000 UTC,0.0,0.0,0.0,0.0,0.0,1,1
2025-11-16 08:00:00.000 UTC,200581.03239157,86789.81496333,63645.95933034,0.78,0.75,1,1
2025-11-16 14:00:00.000 UTC,117232.47145882,53481.97271368,40890.166810665,0.83,0.805,1,2
2025-11-16 16:00:00.000 UTC,463697.4083470987,315191.02103837364,50150.45534595091,0.8170136363636364,0.7874681818181818,11,22
2025-11-16 18:00:00.000 UTC,159570.954638085,81859.25509791,46595.363385745,0.83,0.805,1,2
2025-11-16 22:00:00.000 UTC,1829328.9261976937,1304205.1056810832,112728.93317286334,0.8117,0.7827,2,3
2025-11-17 00:00:00.000 UTC,215473.671069225,97879.75931673,75576.54589399,0.83,0.805,1,2
2025-11-17 08:00:00.000 UTC,5278.47073959,0.0,4908.9777878125,0.95,0.93,1,4
2025-11-17 16:00:00.000 UTC,14793466.574389664,6495344.723324385,4892542.832058195,0.79065,0.7499,2,2
2025-11-17 18:00:00.000 UTC,274539.68533381954,161644.9241099062,47154.508262155236,0.8029809523809524,0.7653333333333333,11,21
2025-11-17 20:00:00.000 UTC,179472.396858897,115804.875136591,25769.405348807002,0.81747,0.7871100000000001,5,10
2025-11-18 02:00:00.000 UTC,223110.44626308169,119086.30569439,46391.223703145,0.7892833333333333,0.75115,3,6
2025-11-18 04:00:00.000 UTC,27850122.48852592,7467947.53715044,13990571.84025878,0.8021,0.7705,1,1
2025-11-18 08:00:00.000 UTC,28001267.05426764,10670537.272491436,10905371.65647709,0.8021,0.7705333333333333,1,3
2025-11-18 10:00:00.000 UTC,28256349.78107175,14476953.61825137,7297389.52304252,0.8021,0.7706,1,1
2025-11-18 14:00:00.000 UTC,28702338.45804465,12776875.887375105,9341146.1283941,0.8021,0.7706,1,2
2025-11-18 16:00:00.000 UTC,12027966.351902947,7519058.988023157,1436457.2390405326,0.8475,0.8175,3,4
2025-11-18 18:00:00.000 UTC,29152902.08985289,14020571.2734798,8447570.36716982,0.8022,0.7707,1,1
2025-11-19 12:00:00.000 UTC,199957.04,84092.81029198,65874.96970802,0.78,0.75,1,1
2025-11-19 14:00:00.000 UTC,11890.661553885,8543.439723255,1028.542827615,0.83,0.805,1,2
2025-11-19 16:00:00.000 UTC,150408.05164562847,84495.45960609538,32575.60289976154,0.8413538461538461,0.8120076923076923,7,13
2025-11-19 18:00:00.000 UTC,120269.12703986728,74234.68297769364,22074.25809474636,0.81495,0.7830409090909091,10,22
2025-11-20 04:00:00.000 UTC,28188370.50637496,14025858.00105089,7690462.63706037,0.802,0.7704,1,1
2025-11-20 08:00:00.000 UTC,28077528.98394639,14250507.506907305,7380420.82232499,0.802,0.7704,1,2
2025-11-20 16:00:00.000 UTC,1091368.4726861988,676955.4402422215,191371.51102519466,0.8054714285714285,0.7697285714285714,14,28
2025-11-20 18:00:00.000 UTC,80483.17474987362,45829.12638956103,14746.779893985518,0.7853672413793104,0.7383086206896552,9,58
2025-11-20 20:00:00.000 UTC,4687.534355425,0.0,4359.4069505375,0.95,0.93,1,4
2025-11-20 22:00:00.000 UTC,26801644.10026926,16511422.92937543,4136563.685472,0.802,0.7704,1,1
2025-11-21 00:00:00.000 UTC,4715.80189105,0.0,4385.69575867,0.95,0.93,1,1
2025-11-21 02:00:00.000 UTC,1073437.5636307562,661782.11600797,122272.5127202075,0.7921375,0.7482125,5,8
2025-11-21 06:00:00.000 UTC,284165.9644547191,189152.48515774574,33311.262180645754,0.8146363636363636,0.7839212121212121,19,33
2025-11-21 08:00:00.000 UTC,1347710.4126100251,847309.0173806724,141874.35285427765,0.7906176470588235,0.7460764705882353,9,17
2025-11-21 10:00:00.000 UTC,457310.8397280475,295519.0755921875,40181.4062347625,0.791125,0.754225,2,4
2025-11-21 12:00:00.000 UTC,223929.1009171964,132003.5067459756,41865.839749417995,0.812488,0.781184,13,25
2025-11-21 14:00:00.000 UTC,8861267.027342,3289695.79646126,3577786.14972879,0.8,0.775,1,1
2025-11-21 16:00:00.000 UTC,32715.52792399,17259.82288759,9076.17709122,0.83,0.805,1,1
2025-11-21 22:00:00.000 UTC,35252087.31531558,20471476.1831886,5262547.55699177,0.78,0.73,1,1
2025-11-22 04:00:00.000 UTC,4515.15301233,0.0,4199.09230146,0.95,0.93,1,3
2025-11-22 06:00:00.000 UTC,25643158.92778859,7455620.26489263,12297305.05718292,0.802,0.7703,1,1
2025-11-22 08:00:00.000 UTC,2019143.7924829617,1646430.7482361207,157083.30116955747,0.9182380281690141,0.8980732394366198,2,71
2025-11-22 10:00:00.000 UTC,25230181.29814367,9380744.46059743,10051541.17523282,0.8019,0.7702,1,1
2025-11-22 20:00:00.000 UTC,4532.47815783,0.0,4215.20468678,0.95,0.93,1,3
2025-11-23 02:00:00.000 UTC,208844.999834415,94844.79080889,73275.43405781,0.83,0.805,1,2
2025-11-23 04:00:00.000 UTC,13206012.255102722,4924155.00575511,5245458.864093702,0.791,0.75015,2,4
2025-11-23 06:00:00.000 UTC,13077627.557173098,5506024.461196508,4568043.673121185,0.876,0.85015,2,6
2025-11-23 16:00:00.000 UTC,28155647.61276214,19985758.98285052,4338323.373598083,0.8379,0.8029,2,4
2025-11-23 18:00:00.000 UTC,5416465.21576546,1651034.05082698,2302985.5566818,0.78,0.73,1,2
2025-11-23 20:00:00.000 UTC,26372436.8755865,12306590.47247103,8005460.409105685,0.8019,0.7702,1,2
2025-11-23 22:00:00.000 UTC,0.0,0.0,0.0,0.0,0.0,2,6
2025-11-24 00:00:00.000 UTC,26044486.80572967,12474722.74800309,7582136.54108932,0.8019,0.7701,1,1
2025-11-24 02:00:00.000 UTC,7673723.553465267,1407876.17809466,4550168.457005917,0.8217666666666666,0.7954666666666667,2,3
2025-11-24 04:00:00.000 UTC,15303076.503050422,4365755.571522577,7518855.574091664,0.8135333333333333,0.7859333333333333,2,3
2025-11-24 06:00:00.000 UTC,22880667.15070157,8120914.312331904,9643635.663472794,0.8053,0.7764,1,3
2025-11-24 10:00:00.000 UTC,4613.9223103,0.0,4290.947748575,0.95,0.93,1,2
2025-11-24 16:00:00.000 UTC,2195508.640540826,571007.95491051,1136415.1391740872,0.8386636363636364,0.8142272727272727,6,11
2025-11-24 18:00:00.000 UTC,7949936.069273846,2098602.48498195,4075624.457166227,0.8051333333333333,0.7705333333333333,3,3
2025-11-24 20:00:00.000 UTC,3391690.62599891,1796778.72518665,475814.25408238,0.75,0.7,2,2
2025-11-25 00:00:00.000 UTC,23071781.623651523,7414783.29239577,10529773.890628833,0.8060666666666667,0.7778333333333333,1,3
2025-11-25 04:00:00.000 UTC,19934091.27936081,4341101.47762314,11305166.76754715,0.8099,0.7849,1,1
2025-11-25 12:00:00.000 UTC,2e-08,0.0,1e-08,0.95,0.93,1,1
2025-11-25 14:00:00.000 UTC,14143.83943435,12822.11710783,0.0,0.92,0.9,1,1
2025-11-25 16:00:00.000 UTC,19733741.637475286,4597417.98548099,10891595.82577336,0.8099,0.7849,1,1
2025-11-25 20:00:00.000 UTC,3367205.549450335,526398.6797214824,1980757.796067525,0.8175,0.7875,3,4
2025-11-26 00:00:00.000 UTC,51405204.22624924,39162237.87277729,6115466.00970304,0.9008,0.8808,1,1
2025-11-26 06:00:00.000 UTC,23847428.81868903,20215607.70777608,1247078.22904404,0.92,0.9,1,1
2025-11-26 08:00:00.000 UTC,24272450.07072583,20628147.741013516,1027025.16730898,0.912275,0.8922375,1,8
2025-11-26 10:00:00.000 UTC,19841841.503904566,4300955.86162445,11272905.53479024,0.8099,0.7849,1,1
2025-11-26 12:00:00.000 UTC,23515435.114258233,17034249.506536834,3175001.84736941,0.877025,0.8557,2,4
2025-11-26 14:00:00.000 UTC,21241515.543701716,15617424.493534388,2642353.3647312145,0.8785777777777778,0.8573222222222222,3,9
2025-11-26 16:00:00.000 UTC,2741699.93311576,1020289.0226621856,1153784.670365705,0.84839375,0.823425,7,16
2025-11-26 18:00:00.000 UTC,4817131.822875862,2545854.2149417046,1360028.8577500691,0.8972545454545454,0.875890909090909,3,11
2025-11-27 00:00:00.000 UTC,10.61578577,1.08277919,6.87906013,0.78,0.75,1,1
2025-11-27 02:00:00.000 UTC,3825372.6569863977,1816183.6234557375,977407.1919342977,0.805,0.7675,2,4
2025-11-27 04:00:00.000 UTC,20821308.97994746,8437106.89023115,7905538.52812961,0.8099,0.7849,1,1
2025-11-27 08:00:00.000 UTC,6692664.7264412,3774861.031978528,1503143.964580228,0.84778,0.81462,2,5
2025-11-27 12:00:00.000 UTC,20456327.052432407,6631468.24535902,9424702.85809517,0.8099,0.7849,1,1
2025-11-27 14:00:00.000 UTC,20471833.703248553,7969121.472682823,8099220.80099696,0.8099,0.7849,1,3
2025-11-27 16:00:00.000 UTC,2547437.3851651736,1832991.0094186568,350710.87580799335,0.8733333333333334,0.8433333333333334,2,3
2025-11-27 18:00:00.000 UTC,0.0,0.0,0.0,0.0,0.0,1,1
2025-11-28 08:00:00.000 UTC,24182994.298316155,21253058.168257248,516920.2927944941,0.9149954545454546,0.8947681818181819,2,22
2025-11-28 10:00:00.000 UTC,1744994.2555386366,860794.0397332975,509779.151698555,0.8341583333333334,0.8154083333333333,2,12
2025-11-28 12:00:00.000 UTC,7043284.196243236,2582996.04357778,2944744.131255527,0.8079,0.7752333333333333,2,3
2025-11-28 14:00:00.000 UTC,164859.57561424334,75126.17255636667,57514.32791447,0.8133333333333334,0.78,2,3
2025-11-29 00:00:00.000 UTC,14.049679565,8.477636275,1.7786298,0.78,0.73,2,2
2025-11-29 02:00:00.000 UTC,0.0,0.0,0.0,0.0,0.0,1,2
2025-11-29 06:00:00.000 UTC,3370076.650360997,1551819.85446704,1245840.546204907,0.8851666666666667,0.8626666666666666,1,3
2025-12-01 00:00:00.000 UTC,253019.26129923668,163283.67295951833,31402.86384742,0.8107833333333333,0.776,4,6
2025-12-01 02:00:00.000 UTC,19294912.584731914,8080745.93679406,7063830.95096201,0.8099,0.7849,1,1
2025-12-01 04:00:00.000 UTC,221658.268190705,110412.94552888,68021.96036463,0.83,0.805,1,2
2025-12-01 08:00:00.000 UTC,5968.683520085,5301.4464084142855,40.52534205714286,0.915,0.895,1,14
2025-12-01 10:00:00.000 UTC,14557690.20464115,6646807.809646795,4779523.23197604,0.607425,0.588675,2,4
2025-12-01 12:00:00.000 UTC,7243694.83095003,3799277.66527943,1488619.56131409,0.78,0.73,1,2
2025-12-01 14:00:00.000 UTC,71699.38784688125,47867.15550219,9504.24743908125,0.8170125,0.78739375,10,16
2025-12-01 18:00:00.000 UTC,3673788.32582587,2122633.25492162,559232.22293126,0.78,0.73,1,1
2025-12-02 02:00:00.000 UTC,4630.22011205,0.0,4306.1047042,0.95,0.93,1,1
2025-12-02 10:00:00.000 UTC,20739641.20767174,8707540.99025322,7519154.29062914,0.8078,0.7824,1,2
2025-12-02 12:00:00.000 UTC,100245.69312969,46202.86377327,28981.40607399,0.78,0.75,1,1
2025-12-02 14:00:00.000 UTC,96515.20781499363,61778.27322767,15719.820197994546,0.82,0.7927272727272727,7,11
2025-12-02 16:00:00.000 UTC,4007004.807350905,1967391.52724858,965061.475137455,0.7925,0.74875,3,4
2025-12-02 22:00:00.000 UTC,454221.34588877,312551.66192021,53096.521520245,0.83,0.805,1,2
2025-12-03 02:00:00.000 UTC,12380976.986509852,6852200.95106863,2187274.197118654,0.7971,0.7557,2,3
2025-12-03 04:00:00.000 UTC,1968611.33696963,644154.709711045,793310.928063685,0.805,0.7675,3,4
2025-12-03 06:00:00.000 UTC,239217.149598935,108716.27860017,83853.52682697,0.83,0.805,1,2
2025-12-03 08:00:00.000 UTC,3.58495286,4.37458641,0.0,0.83,0.805,1,1
2025-12-03 10:00:00.000 UTC,5059.06757518,0.0,4704.93284491,0.95,0.93,1,1
2025-12-03 12:00:00.000 UTC,4.08329376,4.16419068,0.0,0.83,0.805,1,1
2025-12-03 14:00:00.000 UTC,9615844.00654278,4054457.116430423,3565259.5807755557,0.8242571428571429,0.7992571428571429,4,7
2025-12-03 16:00:00.000 UTC,419837.18620275,249976.66378291,56504.48214509,0.78,0.73,1,1
2025-12-03 20:00:00.000 UTC,5172.81580506,0.0,4810.7186987,0.95,0.93,1,1
2025-12-03 22:00:00.000 UTC,182230.73926480382,109708.38587197385,36492.039710302306,0.8251461538461539,0.7987923076923077,7,13
2025-12-04 02:00:00.000 UTC,14043718.0003539,1149673.281426265,9102226.787708124,0.75,0.7,2,2
2025-12-04 04:00:00.000 UTC,9347281.725853544,887022.3459614733,5936483.8545853,0.74,0.69,2,3
2025-12-04 10:00:00.000 UTC,21779679.78923902,8957434.26715852,8137436.39941518,0.8099,0.7849,1,1
2025-12-04 12:00:00.000 UTC,5271.59807666,0.0,4902.58621129,0.95,0.93,1,1
2025-12-04 18:00:00.000 UTC,6153.95012287,4049.39466967,968.39069782,0.89,0.8675,2,4
2025-12-05 00:00:00.000 UTC,12929866.73063828,272509.13682626,8390501.57270138,0.72,0.67,1,1
2025-12-05 14:00:00.000 UTC,3343570.55981059,1931840.76789069,508965.74077104,0.78,0.73,1,1
2025-12-05 16:00:00.000 UTC,3296508.2343721464,1716757.141533264,696455.849812114,0.79042,0.7479,3,5
2025-12-05 20:00:00.000 UTC,12516496.57765902,471024.30006559,7915028.40696595,0.72,0.67,1,1
2025-12-06 00:00:00.000 UTC,26793283.6673892,2935822.94025519,16623274.13693892,0.78,0.73,1,1
2025-12-06 02:00:00.000 UTC,12586398.23928719,666968.16072684,7765918.65959557,0.72,0.67,1,1
2025-12-06 06:00:00.000 UTC,26372729.79950164,8609903.34140345,11894894.07770907,0.8036,0.7775,1,1
2025-12-06 08:00:00.000 UTC,22229769.47077277,7060643.39885879,10331928.23507382,0.8078,0.7824,1,1
2025-12-06 14:00:00.000 UTC,8534901.35271342,4769652.840418375,1016119.081742995,0.735,0.685,2,2
2025-12-07 02:00:00.000 UTC,26848449.96813143,3917120.7130116,15682247.76372434,0.78,0.73,1,1
2025-12-07 10:00:00.000 UTC,5020.15476802,0.0,4668.74393425,0.95,0.93,1,3
2025-12-07 14:00:00.000 UTC,288475.1236158013,52165.19679675375,168464.26280278122,0.81125,0.784375,4,8
2025-12-07 16:00:00.000 UTC,3988532.949007545,2041806.741806255,870198.6808045825,0.805,0.7675,2,4
2025-12-07 18:00:00.000 UTC,10769.5156482875,5578.7814256975,3054.5521276775,0.7925,0.76375,3,4
2025-12-08 04:00:00.000 UTC,442339.65379265,288459.80513471,54756.051841155,0.81045,0.77575,1,2
2025-12-08 06:00:00.000 UTC,27400234.26964002,4354765.22024002,15647405.79659719,0.78,0.73,1,2
2025-12-08 08:00:00.000 UTC,13949567.22058016,3319055.64910295,6880474.66064621,0.805,0.7675,2,2
2025-12-09 02:00:00.000 UTC,6601.391251716666,4770.82552954,48.19008421,0.78,0.73,1,3
2025-12-09 10:00:00.000 UTC,21630962.69483277,8015939.960838115,8949224.08071922,0.8094,0.7843,1,2
2025-12-09 12:00:00.000 UTC,21404221.46817938,8828129.12581694,7972044.30455705,0.8099,0.7849,1,1
2025-12-09 14:00:00.000 UTC,13384146.304370653,9686912.066636523,2753491.91531593,0.8821428571428571,0.8592857142857143,5,14
2025-12-09 16:00:00.000 UTC,1085937.2100292493,567342.5935442761,234898.26272235392,0.8155555555555556,0.785,11,18
2025-12-09 22:00:00.000 UTC,27797224.26390251,6624208.3041729,13667765.40847593,0.78,0.73,1,1
2025-12-10 02:00:00.000 UTC,15903.94114336,10676.29825358,456.46054677,0.75,0.7,1,1
2025-12-10 04:00:00.000 UTC,102067311.12705036,85217696.96231891,6925959.086089045,0.865,0.83,2,2
2025-12-10 06:00:00.000 UTC,5494.68263337,0.0,5110.05484903,0.95,0.93,1,1
2025-12-10 10:00:00.000 UTC,27742250.56559864,7972044.47993308,12279798.43295392,0.78,0.73,1,1
2025-12-10 18:00:00.000 UTC,365534784.87776554,190672228.42647275,92491685.64063483,0.80092,0.77308,3,10
2025-12-10 20:00:00.000 UTC,667104.758421875,366059.567287295,170959.763242305,0.83,0.805,1,2
2025-12-11 00:00:00.000 UTC,110727874.2357049,102148003.13896838,828908.32310638,0.94,0.92,2,3
2025-12-11 02:00:00.000 UTC,68108474.76819699,61389989.53780452,1453947.45539609,0.8836363636363636,0.8568181818181818,6,11
2025-12-11 04:00:00.000 UTC,9491306.6087155,3553057.576739527,3473040.72736585,0.8933333333333334,0.8633333333333334,3,3
2025-12-11 14:00:00.000 UTC,218049.18183228,148201.165115225,6694.267334955,0.79,0.7525,2,2
2025-12-12 00:00:00.000 UTC,1054.46786799,0.01439539,980.64072184,0.95,0.93,1,2
2025-12-12 12:00:00.000 UTC,13869666.87448423,4796372.378255275,5328117.724554675,0.765,0.715,2,2
2025-12-12 14:00:00.000 UTC,58856132.39060287,53619509.24319556,956575.2054278972,0.8952818181818182,0.8732318181818182,6,22
2025-12-12 16:00:00.000 UTC,446579.12997872,346015.42861694,13480.77101592,0.83,0.805,1,1
2025-12-13 22:00:00.000 UTC,262777.16067553,108127.080753625,87188.297967355,0.7873,0.7434,1,2
2025-12-14 12:00:00.000 UTC,48217.72605151,26663.15703749,12152.11243397,0.83,0.805,1,1
2025-12-14 18:00:00.000 UTC,33.116212428333334,11.500606525,15.157944475,0.83,0.805,1,6
2025-12-14 22:00:00.000 UTC,63840.3559291175,32162.44736512625,19180.599695475,0.82375,0.795625,3,8
2025-12-15 00:00:00.000 UTC,47.08955260666667,16.480320616666667,21.426769226666668,0.83,0.805,1,3
2025-12-15 04:00:00.000 UTC,11.99204198,2.636550205,7.017043585,0.83,0.805,1,2
2025-12-15 06:00:00.000 UTC,40.682215406,10.070373684,22.678809712,0.83,0.805,1,5
2025-12-15 10:00:00.000 UTC,473786.00683854,351676.75972613,29720.97577889,0.83,0.805,1,1
2025-12-15 12:00:00.000 UTC,21428772.60479121,7335657.30012866,9483786.31737196,0.8099,0.7849,1,1
2025-12-15 14:00:00.000 UTC,1690129.4652408562,628310.9632533869,697377.499306537,0.8152153846153846,0.7877538461538461,7,13
2025-12-15 16:00:00.000 UTC,4144494.256661499,2420016.926251864,616516.0683110425,0.812475,0.7787125,5,8
2025-12-15 18:00:00.000 UTC,24527.514594293334,13475.443542916668,5906.296425733333,0.81,0.785,2,3
2025-12-15 22:00:00.000 UTC,4.54170061,1.5894200166666665,2.06664897,0.83,0.805,1,3
2025-12-16 00:00:00.000 UTC,268.1973799125,199.4611094375,41.42436039,0.8525,0.82875,3,4
2025-12-16 02:00:00.000 UTC,3888.19508523,2000.03900001,721.69755965,0.75,0.7,1,1
2025-12-16 04:00:00.000 UTC,143785.62103399402,88900.967714754,26856.30614126,0.756,0.734,5,10
2025-12-16 08:00:00.000 UTC,20037195.84844503,7209575.09909446,8517619.92235004,0.8099,0.7849,1,1
2025-12-16 12:00:00.000 UTC,3362561.1638295683,1160240.653480097,1479033.7019208015,0.82665,0.80165,2,6
2025-12-16 16:00:00.000 UTC,593773.9376510821,503732.7266752415,48476.59948421969,0.8791666666666667,0.8586979166666666,2,96
2025-12-16 20:00:00.000 UTC,8.588572838333334,2.6940194033333333,4.219781728333333,0.83,0.805,1,6
2025-12-16 22:00:00.000 UTC,850293.7218320945,494673.94269666093,126136.68825108516,0.84,0.8146774193548387,3,31
2025-12-17 00:00:00.000 UTC,5.883567742,2.915563096,1.8207089319999998,0.83,0.805,1,10
2025-12-17 08:00:00.000 UTC,4880.87792923,0.0,4539.21647418,0.95,0.93,1,1
2025-12-17 16:00:00.000 UTC,102877.528068269,75606.86313355599,7050.595670384,0.824,0.799,5,10
2025-12-17 18:00:00.000 UTC,5457413.1649779,3348631.4919474423,1044500.1327312824,0.8175,0.78625,3,4
2025-12-18 10:00:00.000 UTC,4728.49374549,0.0,4397.4991833,0.95,0.93,1,1
2025-12-18 12:00:00.000 UTC,290927.35132149,199247.297238665,34949.22057513,0.83,0.805,1,2
2025-12-18 14:00:00.000 UTC,35720.94549518,18864.73057402,9890.63054959,0.83,0.805,1,1
2025-12-18 16:00:00.000 UTC,2320296.15812223,1470359.0376060016,164182.30302237166,0.8166666666666667,0.7875,4,6
2025-12-18 18:00:00.000 UTC,56541.89559771,38097.48036969,6453.592602915,0.81525,0.78795,1,2
2025-12-19 02:00:00.000 UTC,4676.32837222,0.0,4348.98538616,0.95,0.93,1,3
2025-12-19 06:00:00.000 UTC,95437.45852561,63202.15600014333,14034.156345648333,0.91,0.8883333333333334,2,6
2025-12-19 14:00:00.000 UTC,12650.413088245,4719.561664605,5925.9058485775,0.92,0.89875,2,4
2025-12-19 16:00:00.000 UTC,28594316.99556127,16333420.01927876,4540431.38748096,0.78,0.73,1,1
2025-12-19 20:00:00.000 UTC,4951.61836563,0.0,4605.00508003,0.95,0.93,1,3
2025-12-21 10:00:00.000 UTC,359639.00276191,269738.80322281,19770.59400052,0.83,0.805,1,1
2025-12-21 16:00:00.000 UTC,4936.15814747,0.0,4590.62707714,0.95,0.93,1,3
2025-12-22 00:00:00.000 UTC,0.0,0.0,0.0,0.0,0.0,1,1
2025-12-22 04:00:00.000 UTC,430424.11523724,298283.9256963,3012.95496976,0.75,0.7,1,1
2025-12-22 08:00:00.000 UTC,5017.82810851,0.0,4666.58014091,0.95,0.93,1,3
2025-12-22 10:00:00.000 UTC,20703.5282467,12678.785604145,3987.554634445,0.83,0.805,1,2
2025-12-22 18:00:00.000 UTC,8798.62749074,6322.761353245,760.133776795,0.83,0.805,1,2
2025-12-23 12:00:00.000 UTC,5477453.004787543,1781427.2716625,2503207.04329486,0.787475,0.758725,2,4
2025-12-23 14:00:00.000 UTC,19961894.947712008,7482502.54766343,8185588.79679572,0.8099,0.7849,1,1
2025-12-24 02:00:00.000 UTC,537028.15433142,279388.39759889,203936.94129938,0.93,0.9,1,1
2025-12-24 10:00:00.000 UTC,20046053.25904098,7811556.95062473,7922590.25239653,0.8099,0.7849,1,2
2025-12-24 18:00:00.000 UTC,12437.555144793332,8619.22609267,87.06250868,0.75,0.7,1,3
2025-12-25 08:00:00.000 UTC,14185585.979353428,5903440.361156366,5202290.453792327,0.5388333333333333,0.522,2,3
2025-12-25 18:00:00.000 UTC,4893.95974537,0.0,4551.38256319,0.95,0.93,1,3
2025-12-26 04:00:00.000 UTC,20200151.0390889,9213913.24219036,6641185.30839051,0.8099,0.7849,1,1
2025-12-26 14:00:00.000 UTC,20407722.912565928,9344741.54183463,6673280.17223836,0.8099,0.7849,1,1
2025-12-26 22:00:00.000 UTC,21381.584480916667,14817.438804293333,149.67033234333334,0.75,0.7,1,3
2025-12-27 18:00:00.000 UTC,4840.3629996,0.0,4501.53758962,0.95,0.93,1,2
2025-12-28 02:00:00.000 UTC,4873.44340175,0.0,4532.30236362,0.95,0.93,1,1
2025-12-28 22:00:00.000 UTC,4852.73496629,0.0,4513.04351864,0.95,0.93,1,3
2025-12-29 02:00:00.000 UTC,21064854.7008996,7038531.76296566,9478420.80800971,0.8092,0.7841,1,1
2025-12-29 04:00:00.000 UTC,20722895.33867141,7092791.0945133,9172609.45680988,0.8099,0.7849,1,1
2025-12-29 06:00:00.000 UTC,558495.5441738267,0.0,418871.6581303634,0.78,0.75,1,3
2025-12-29 08:00:00.000 UTC,22457390.155882247,5777741.170161273,14038150.95390509,0.90165,0.8808166666666666,3,6
2025-12-29 10:00:00.000 UTC,28523629.84270922,9063679.779360576,15440851.411704045,0.86495,0.84245,2,2
2025-12-29 16:00:00.000 UTC,20065360.351380248,9076929.58569566,6672371.75410269,0.8099,0.7849,1,1
2025-12-30 00:00:00.000 UTC,12425900.49574929,7588281.33176052,3595029.11441384,0.92,0.9,1,1
2025-12-30 02:00:00.000 UTC,42395776.52713961,14857277.408499965,23298921.46592568,0.92,0.9,1,4
2025-12-30 04:00:00.000 UTC,47765797.36908304,19976126.65199648,23013090.98017825,0.92,0.9,1,1
2025-12-30 08:00:00.000 UTC,36056106.03831343,16022504.09114424,15182281.068598302,0.86425,0.84165,2,4
2025-12-30 10:00:00.000 UTC,32146998.157229375,15251969.029795963,12020052.48412624,0.8456666666666666,0.8222,2,3
2025-12-30 12:00:00.000 UTC,21420295.723056488,10644392.80206509,6134124.83780505,0.8085,0.7833,1,1
2025-12-30 14:00:00.000 UTC,19877.9929425,13775.44931172,139.14574803,0.75,0.7,1,1
2025-12-31 02:00:00.000 UTC,61755664.47639324,28967831.81290452,26612266.21584939,0.92,0.9,1,1
2025-12-31 06:00:00.000 UTC,44807062.62004252,19628324.418991126,19488957.30051353,0.8646,0.84205,2,2
2025-12-31 12:00:00.000 UTC,20525095.530243248,7346279.96779767,8763867.51389025,0.8099,0.7849,1,1
2025-12-31 14:00:00.000 UTC,20657318.06308719,9390924.00985864,6823004.93785849,0.8099,0.7849,1,1
2026-01-01 00:00:00.000 UTC,20334425.4868009,9958729.6147469,6001760.94984312,0.8099,0.7849,1,1
2026-01-01 04:00:00.000 UTC,20365057.797133233,10269303.37867924,5715230.48629063,0.8099,0.7849,1,1
2026-01-01 10:00:00.000 UTC,20405719.21310644,10483332.66646591,5533116.34390133,0.8099,0.7849,1,1
2026-01-02 00:00:00.000 UTC,14875520.69033545,8091354.95977786,5296613.66152404,0.92,0.9,1,1
2026-01-02 14:00:00.000 UTC,60345.765343845,36195.96069531,11377.24800154,0.81565,0.78835,1,2
2026-01-02 16:00:00.000 UTC,3027080.3146683276,1667344.1483359963,769231.452006185,0.8225,0.7975,4,8
2026-01-02 22:00:00.000 UTC,5187.68568026,0.0,4824.54768264,0.95,0.93,1,3
2026-01-03 02:00:00.000 UTC,7514.718761475,5430.887416975,54.8572789,0.78,0.73,1,2
2026-01-03 06:00:00.000 UTC,5130.81543205,0.0,4771.6583518,0.95,0.93,1,3
2026-01-03 14:00:00.000 UTC,9.30557579,1.96642899,5.52455952,0.83,0.805,1,1
2026-01-03 16:00:00.000 UTC,1717.75565228,3.22235317,1593.3729566466666,0.8662,0.8424666666666666,2,3
2026-01-03 20:00:00.000 UTC,137450.65522571333,103018.87100154666,7628.906455146666,0.83,0.805,2,3
2026-01-04 00:00:00.000 UTC,15070.531549826668,7944.23780172,4057.252244363333,0.81,0.7763333333333333,3,3
2026-01-04 04:00:00.000 UTC,5211.820388,0.0,4846.99296084,0.95,0.93,1,1
2026-01-04 08:00:00.000 UTC,5194.01154636,0.0,4830.43073811,0.95,0.93,1,1
2026-01-05 00:00:00.000 UTC,9683587.427348258,4363038.17962701,3699310.1524756574,0.847475,0.823725,3,4
2026-01-05 02:00:00.000 UTC,35929382.34162948,16506834.517311756,15828749.82719836,0.85,0.815,2,2
2026-01-05 04:00:00.000 UTC,73844038.28418067,34006105.86801564,32453528.58774697,0.92,0.9,1,1
2026-01-05 10:00:00.000 UTC,16150.65910652,9693.45286272,1612.00851184,0.75,0.7,1,1
2026-01-05 14:00:00.000 UTC,45657.555661535,24122.462675905,10004.494199335,0.78,0.74,2,2
2026-01-05 16:00:00.000 UTC,25797657.092668924,21066423.02320735,1584277.3394394363,0.9025,0.87875,2,8
2026-01-05 18:00:00.000 UTC,24105902.221946284,20378080.387597784,1098136.9679784228,0.9,0.8757142857142857,2,14
2026-01-05 20:00:00.000 UTC,18286586.846361544,15854390.15657585,602712.31708129,0.88,0.8583333333333334,2,6
2026-01-05 22:00:00.000 UTC,9.73979999,4.29788902,3.54264997,0.83,0.805,1,1
2026-01-06 00:00:00.000 UTC,31517920.023846254,15057268.011528097,13308229.870996222,0.8733333333333334,0.8433333333333334,3,3
2026-01-06 10:00:00.000 UTC,19367.72297253,11330.87368482,2807.56408512,0.78,0.73,1,1
2026-01-06 14:00:00.000 UTC,109732.15848960572,73067.78725668858,14933.407923101428,0.8257714285714286,0.8001857142857143,4,7
2026-01-06 16:00:00.000 UTC,7.060467664,0.19996411,5.271898328,0.16,0.155,1,5
2026-01-06 20:00:00.000 UTC,31.4017362075,26.1576162325,2.1077302975,0.883325,0.860175,3,4
2026-01-06 22:00:00.000 UTC,4090.884427805,1.958659235,3801.9854490875,0.915275,0.89355,2,4
2026-01-07 00:00:00.000 UTC,4063.100810665,1.9470396725,3776.1585478325,0.91525,0.893525,2,4
2026-01-07 02:00:00.000 UTC,15.73459478,7.73036863,4.60555367,0.8109,0.784,1,1
2026-01-07 06:00:00.000 UTC,50863877.94032578,21817775.130994827,22559468.327162426,0.86395,0.8413,2,2
2026-01-07 08:00:00.000 UTC,39934886.84983067,18509978.50192878,17431418.75098528,0.86545,0.84195,2,2
2026-01-07 12:00:00.000 UTC,15.65848058,7.69354128,4.58114164,0.8108,0.7839,1,1
2026-01-07 14:00:00.000 UTC,164215.91916036667,126512.88091143334,5680.934012656667,0.83,0.805,2,3
2026-01-07 16:00:00.000 UTC,15.5402344,7.63394856,4.54493313,0.8106,0.7837,1,1
2026-01-07 18:00:00.000 UTC,7250.47975749,4333.83926976,959.0109532,0.78,0.73,1,1
2026-01-07 20:00:00.000 UTC,123098.91688975401,87967.881356952,11126.548016576002,0.8183,0.7921600000000001,2,5
2026-01-07 22:00:00.000 UTC,3926.92282433,1.9171658925,3649.5499957825,0.915175,0.893425,2,4
2026-01-08 00:00:00.000 UTC,5246.48392987,0.0,4879.23005477,0.95,0.93,1,1
2026-01-08 02:00:00.000 UTC,4007984.3291490017,2231566.570226296,1375744.95070077,0.944,0.924,2,5
2026-01-08 04:00:00.000 UTC,11508301.193680175,6328830.123927695,4028719.25469402,0.935,0.915,2,4
2026-01-08 06:00:00.000 UTC,13004520.651093416,7278677.64493346,4425468.66349435,0.935,0.915,2,2
2026-01-08 08:00:00.000 UTC,3447.2010776233333,2.5366084666666664,3202.6042728566667,0.9035,0.8812,2,3
2026-01-08 10:00:00.000 UTC,661.70793646625,16.345456425,599.04292448625,0.475,0.465,6,8
2026-01-08 14:00:00.000 UTC,25314988.272140674,7253970.46823635,12525893.118729215,0.80675,0.78135,1,2
2026-01-08 18:00:00.000 UTC,81.87591104,72.41967661,3.72492065,0.95,0.93,1,1
2026-01-08 20:00:00.000 UTC,4545.917088784,3264.128460282,963.574432282,0.95,0.93,4,5
2026-01-09 00:00:00.000 UTC,12705740.501339866,3649837.93806303,6278427.70588899,0.8086,0.78245,2,2
2026-01-09 02:00:00.000 UTC,75539564.84015094,40621834.72480221,27363773.63133363,0.92,0.9,2,4
2026-01-09 04:00:00.000 UTC,8337717.35891914,2465532.19998777,4060860.280699437,0.5857666666666667,0.5707,2,3
2026-01-09 08:00:00.000 UTC,96.16739063,89.43506694,0.00060634,0.95,0.93,1,1
2026-01-09 10:00:00.000 UTC,15.42226125,7.57123562,4.51056384,0.8104,0.7834,1,1
2026-01-09 12:00:00.000 UTC,124228.28072362428,111799.12440694,3731.561534422857,0.8502285714285713,0.8252857142857143,2,7
2026-01-09 20:00:00.000 UTC,5104.951401515,0.0,4747.604803405,0.95,0.93,1,2
2026-01-09 22:00:00.000 UTC,15.455895933333332,8.036429696666666,4.070173583333333,0.8103,0.7833,1,3
2026-01-10 00:00:00.000 UTC,9.43916379,5.06526591,2.4851212,0.8253,0.7999,1,1
2026-01-10 02:00:00.000 UTC,27887460.39977915,7236046.69035029,14574736.08831698,0.8072,0.7821,1,1
2026-01-10 04:00:00.000 UTC,5100.23908452,0.0,4743.2223486,0.95,0.93,1,4
2026-01-10 08:00:00.000 UTC,13034806.32385867,7799381.29511532,1841161.46201055,0.7826,0.7396,1,1
2026-01-10 10:00:00.000 UTC,3675416.36136719,1949858.4930037225,772834.6845054325,0.78065,0.7474,2,4
2026-01-10 12:00:00.000 UTC,9.5288954,5.13778525,2.48342529,0.8252,0.7998,1,1
2026-01-10 14:00:00.000 UTC,10.247869365,6.063914585,2.135421045,0.82555,0.8001,1,2
2026-01-10 16:00:00.000 UTC,10.46352602,6.16785082,2.20366661,0.8254666666666666,0.8000666666666667,1,3
2026-01-10 18:00:00.000 UTC,8679375.178187516,5213654.679244897,1206479.3738698368,0.7970333333333333,0.7599333333333333,2,3
2026-01-11 00:00:00.000 UTC,5109.576942535,0.0,4751.906556555,0.95,0.93,1,2
2026-01-11 02:00:00.000 UTC,5117.509177105,0.0,4759.2835347,0.95,0.93,1,6
2026-01-11 12:00:00.000 UTC,13.67671764,8.07259292,2.883825575,0.8265,0.8011,1,2
2026-01-11 14:00:00.000 UTC,13.750319206666667,8.114552596666666,2.89991084,0.8263666666666666,0.8010333333333333,1,3
2026-01-11 16:00:00.000 UTC,8492035.655550087,5213961.130614623,1064875.4158745771,0.7972466666666667,0.7599133333333333,2,15
2026-01-11 18:00:00.000 UTC,14.11861755,8.30792951,3.002495,0.8264,0.8011,1,1
2026-01-11 20:00:00.000 UTC,15.76349807,9.30553769,3.32890601,0.8268,0.8015,1,3
2026-01-11 22:00:00.000 UTC,15.84038022,9.384107215,3.31195753,0.8268,0.8015,1,2
2026-01-12 00:00:00.000 UTC,4401775.889696765,2351936.4283181145,1609660.5306670573,0.8401142857142857,0.8155714285714285,2,7
2026-01-12 02:00:00.000 UTC,58540495.33649713,27736127.15530317,24548401.22036741,0.8552799999999999,0.82842,3,5
2026-01-12 04:00:00.000 UTC,16.05384461,9.478585085,3.388571365,0.8268,0.8015,1,2
2026-01-12 06:00:00.000 UTC,52873435.45365821,34127123.955405906,13897481.29308752,0.8809,0.85825,3,4
2026-01-12 08:00:00.000 UTC,15.966291396666668,9.426816243333334,3.3691028666666667,0.8268,0.8014333333333333,1,3
2026-01-12 10:00:00.000 UTC,15.910933365,9.393411905,3.357610085,0.8268,0.8014,1,2
2026-01-12 12:00:00.000 UTC,15.89685707,9.40329267,3.33644858,0.8268,0.8014,1,1
2026-01-12 14:00:00.000 UTC,13630746.737791903,10760623.567003826,812794.3555229633,0.8431,0.8136333333333333,3,3
2026-01-12 16:00:00.000 UTC,85.64983365,76.04979293,3.60455236,0.95,0.93,1,1
2026-01-12 18:00:00.000 UTC,15.936618005,9.408555435,3.363050225,0.8267,0.8014,1,2
2026-01-12 20:00:00.000 UTC,15.92196919,9.39987999,3.35998611,0.8267,0.8014,1,1
2026-01-12 22:00:00.000 UTC,15.89065294,9.38147052,3.35329874,0.8267,0.8014,1,1
2026-01-13 00:00:00.000 UTC,15.905476055,9.38920936,3.357439145,0.8267,0.8014,1,2
2026-01-13 02:00:00.000 UTC,84006271.15389635,41637908.32263544,33967734.930969864,0.87335,0.8507,2,2
2026-01-13 04:00:00.000 UTC,16.034208163333332,9.465491713333334,3.384322703333333,0.8267,0.8014,1,3
2026-01-13 06:00:00.000 UTC,4457376.057759977,2790669.74116729,506734.22757884336,0.7864333333333333,0.7470666666666667,3,3
2026-01-13 08:00:00.000 UTC,18963925.66086625,14363381.752606206,2323128.5366149857,0.8770777777777777,0.8548111111111111,4,9
2026-01-13 10:00:00.000 UTC,29067479.171835985,24956182.75928955,1204548.4953628313,0.92,0.9,1,9
2026-01-13 12:00:00.000 UTC,25628102.861771416,22016059.398626834,1049268.9818166073,0.9242857142857143,0.9042857142857144,2,7
2026-01-13 14:00:00.000 UTC,9621146.03620342,8034738.6672917735,466062.1303663907,0.8721857142857143,0.8466071428571429,6,14
2026-01-13 16:00:00.000 UTC,30208775.71153081,25934639.08174544,1253259.05863228,0.92,0.9,1,1
2026-01-13 18:00:00.000 UTC,4646940.09707244,2888720.71424355,546356.25792512,0.7808666666666667,0.7332,2,3
2026-01-13 20:00:00.000 UTC,6692399.233463285,4189872.62570994,759129.938540955,0.78135,0.73475,2,2
2026-01-13 22:00:00.000 UTC,2836014.9037507717,1774452.045501446,330486.00403424,0.8105600000000001,0.78092,4,5
2026-01-14 00:00:00.000 UTC,44548.35652034,23447.62127832,12413.80572055,0.83,0.805,1,1
2026-01-14 04:00:00.000 UTC,99577431.71802302,46814023.23719404,41066079.22397,0.86385,0.84135,2,2
2026-01-14 06:00:00.000 UTC,62187.75611198,43398.773259395,132.656018985,0.75,0.7,2,2
2026-01-14 08:00:00.000 UTC,29839026.36856696,25936470.920218904,918652.811491355,0.92,0.9,1,12
2026-01-14 10:00:00.000 UTC,25711000.258625485,22389169.418023314,755519.3191574229,0.9242857142857143,0.9042857142857144,2,7
2026-01-14 12:00:00.000 UTC,23850171.90982053,20764584.384458493,700603.064000528,0.926,0.906,2,5
2026-01-14 14:00:00.000 UTC,10486905.271857122,8646929.93310672,474985.5283436329,0.8204,0.7799428571428572,5,7
2026-01-14 16:00:00.000 UTC,3574262.6605126485,2735999.0550520224,269697.18557386217,0.8050357142857143,0.7726428571428572,10,14
2026-01-14 18:00:00.000 UTC,9946974.906405233,8660557.861121714,289578.1932664767,0.8077666666666667,0.7803666666666667,2,3
2026-01-14 20:00:00.000 UTC,7370104.2190515,4614451.467248275,841637.21963951,0.80325,0.7693,2,2
2026-01-14 22:00:00.000 UTC,18.34016806,10.9325849,3.70837126,0.8239,0.7983,1,1
2026-01-15 00:00:00.000 UTC,18.29062792,10.90208293,3.69932533,0.8239,0.7983,1,2
2026-01-15 02:00:00.000 UTC,22038165.17001581,8961618.228366416,9518922.0699488,0.8493333333333334,0.8256,3,3
2026-01-15 04:00:00.000 UTC,17.64091394,10.54571603,3.559285425,0.8251,0.7996,1,2
2026-01-15 06:00:00.000 UTC,10557.799144305,7472.491945115,134.02925325,0.7903,0.7623,2,2
2026-01-15 08:00:00.000 UTC,7453934.2276976425,1958346.8110675025,3874843.5652541523,0.864975,0.841625,3,4
2026-01-15 10:00:00.000 UTC,13631.457164565,12064.245843975,115.979836345,0.8699,0.84655,2,2
2026-01-15 12:00:00.000 UTC,31604.29491141,25908.0095007,2362.03229755,0.9155,0.8945,1,1
2026-01-15 16:00:00.000 UTC,26616378.42573661,21928637.155397594,1437341.6345631825,0.885625,0.860075,2,4
2026-01-16 08:00:00.000 UTC,23108973.136419296,15442695.268835928,4456474.409549745,0.899175,0.8779,3,4
2026-01-16 10:00:00.000 UTC,29251115.11199597,21260726.23873936,4145732.0204772167,0.8829,0.8611666666666666,2,3
2026-01-16 12:00:00.000 UTC,16392831.56807846,14379502.32577799,373995.249891565,0.85,0.825,2,2
2026-01-16 16:00:00.000 UTC,16642442.34436128,14629755.842598965,348442.273522445,0.935,0.915,2,2
2026-01-16 18:00:00.000 UTC,8404.206551976922,1680.3523804107695,5293.670353101539,0.8669230769230769,0.8434615384615385,2,13
2026-01-16 20:00:00.000 UTC,3714350.263234445,2325469.2010383676,424349.03092928,0.780625,0.7326,3,4
2026-01-17 10:00:00.000 UTC,51596917.70810808,39366817.992763616,7065248.25276284,0.9199,0.8999,1,1
2026-01-17 18:00:00.000 UTC,8861095.01378633,2675163.255242237,4235955.7362594865,0.7888,0.7602666666666666,2,3
2026-01-17 20:00:00.000 UTC,4125.75022566,2.5494994775,3833.85430172,0.919275,0.89795,2,4
2026-01-17 22:00:00.000 UTC,16.93300043,10.17676126,3.40011848,0.8271,0.8018,1,1
2026-01-18 08:00:00.000 UTC,17.08264847,10.28916604,3.40599323,0.827,0.8017,1,1
2026-01-18 14:00:00.000 UTC,17.395830415,10.43610459,3.49720575,0.82635,0.801,1,2
2026-01-19 00:00:00.000 UTC,2697075.4309312,906802.2393836431,1208507.8278271032,0.8220555555555554,0.7942555555555556,6,9
2026-01-19 04:00:00.000 UTC,40275351.07244977,22087694.95590656,14160121.009298226,0.92,0.9,1,2
2026-01-19 06:00:00.000 UTC,21986218.539161928,7488361.47236753,9766422.83716675,0.8098,0.7848,1,1
2026-01-19 08:00:00.000 UTC,88.19690748,0.0,82.02312395,0.95,0.93,1,1
2026-01-19 22:00:00.000 UTC,467598.950983,360004.97068907,16412.18485224,0.83,0.805,1,1
2026-01-20 06:00:00.000 UTC,22501006.138734646,20366198.748994026,294471.56630714,0.8825,0.86,3,4
2026-01-20 08:00:00.000 UTC,22159866.373226866,19478523.802497488,464392.70590429334,0.8633333333333334,0.8333333333333334,2,3
2026-01-20 10:00:00.000 UTC,8341994.856965442,7301398.331226306,206397.04004259,0.23,0.225,3,8
2026-01-20 14:00:00.000 UTC,152804.23653210915,94433.66152434834,28476.108799635836,0.829175,0.8036416666666667,7,12
2026-01-20 16:00:00.000 UTC,14460923.50218411,9096805.76595498,1612234.883019735,0.7822,0.74055,1,2
2026-01-20 22:00:00.000 UTC,268773.7423945043,136766.25908618717,61414.05636409,0.7872142857142856,0.7503571428571428,4,7
2026-01-21 00:00:00.000 UTC,21201079.212496154,6945700.72546349,9665344.83752724,0.8087,0.7835,1,1
2026-01-21 02:00:00.000 UTC,29789693.9393284,16170073.50797416,9502454.534125485,0.8511,0.8203,2,2
2026-01-21 06:00:00.000 UTC,2488.524731115,16.6811898,2297.646810135,0.95,0.93,2,2
2026-01-21 10:00:00.000 UTC,2150862.395907975,499884.021099545,1179553.0933851877,0.78775,0.754325,1,4
2026-01-21 12:00:00.000 UTC,103289.015759145,72746.4328467925,10138.7892737575,0.815,0.79,2,4
2026-01-21 14:00:00.000 UTC,14281500.57420532,8937567.78627654,1637883.388922495,0.78225,0.7405,1,2
2026-01-21 16:00:00.000 UTC,2200953.4887597864,1261629.1724105023,350829.37611905125,0.80785,0.77315,5,8
2026-01-21 18:00:00.000 UTC,10610850.054058893,6639731.173173668,1217841.23444688,0.7942,0.7566,2,4
2026-01-21 20:00:00.000 UTC,195122.44022457,133690.62321124,23382.941169535,0.83,0.805,1,2
2026-01-22 08:00:00.000 UTC,0.07356994,0.03002828,0.03839176,0.95,0.93,1,1
2026-01-22 10:00:00.000 UTC,174736261.17852393,94877018.16207138,62385616.89860013,0.92,0.9,1,1
2026-01-22 16:00:00.000 UTC,8174354.3762911,3133165.169074507,3282885.580876373,0.8099,0.7849,1,3
2026-01-22 18:00:00.000 UTC,14140208.82671109,8849087.98750232,1620322.62779457,0.7822,0.7404,1,1
2026-01-22 20:00:00.000 UTC,0.36862855,0.29469463,0.04812992,0.95,0.93,1,1
2026-01-22 22:00:00.000 UTC,4.08390292,3.53815356,0.25987615,0.95,0.93,1,1
2026-01-23 02:00:00.000 UTC,62056356.33661248,54418836.99796819,2715465.1182173737,0.9033,0.8816333333333334,2,3
2026-01-23 08:00:00.000 UTC,11825629.39348232,5199229.00183121,4082707.50911306,0.8099,0.7849,1,1
2026-01-23 10:00:00.000 UTC,3.69410171,2.92307974,0.51243485,0.95,0.93,1,1
2026-01-23 12:00:00.000 UTC,13647437.49679634,5799176.19102287,4912697.50021257,0.8099,0.7849,1,1
2026-01-23 14:00:00.000 UTC,7000800.196177,3584786.065198797,1806518.645171005,0.8353333333333334,0.8083666666666667,4,6
2026-01-23 16:00:00.000 UTC,9906268.685296776,5415322.92665829,2149944.44296749,0.8474,0.8184,3,3
2026-01-24 02:00:00.000 UTC,15599077.65904538,8398621.75178787,3845094.30279684,0.8099,0.7849,1,1
2026-01-24 14:00:00.000 UTC,13587292.69124175,8849621.59883485,1204974.99268404,0.7823,0.74,1,1
2026-01-24 16:00:00.000 UTC,21788207.42723134,12352497.82298997,3552893.5988889,0.78,0.73,1,1
2026-01-25 04:00:00.000 UTC,17672677.73664789,8900049.55139721,4971235.20409771,0.8099,0.7849,1,1
2026-01-25 06:00:00.000 UTC,212618.096049045,127038.74815046,39866.457248035,0.81,0.785,1,2
2026-01-25 08:00:00.000 UTC,558907.2282898567,0.0,419180.42121739,0.78,0.75,1,3
2026-01-25 16:00:00.000 UTC,35368.45744751,19476.84942142,8994.75882382,0.83,0.805,1,1
2026-01-25 18:00:00.000 UTC,206397.7641868867,128558.50698192584,37307.1509569825,0.8225416666666666,0.7971583333333333,6,12
2026-01-25 20:00:00.000 UTC,232085.8092145,136581.15871467,31318.23718222,0.774,0.72335,1,2
2026-01-25 22:00:00.000 UTC,42860.54163995,28322.293142835,4778.36524213,0.805,0.7675,2,2
2026-01-26 00:00:00.000 UTC,19660130.988030594,9500807.76208068,5930429.05042453,0.8099,0.7849,1,1
2026-01-26 04:00:00.000 UTC,192719754.5572228,97067486.9977,76380292.1038005,0.92,0.9,1,1
2026-01-26 06:00:00.000 UTC,123613274.48508959,86797331.89283085,26191884.68416112,0.94,0.92,2,3
2026-01-26 10:00:00.000 UTC,19809756.65071503,6502016.51808914,9046661.47705708,0.8099,0.7849,1,1
2026-01-26 16:00:00.000 UTC,19973306.424742833,6702140.90127132,8974907.31150932,0.8099,0.7849,1,1
2026-01-26 22:00:00.000 UTC,99.87337747,0.0,74.9050331,0.78,0.75,1,1
2026-01-27 00:00:00.000 UTC,19982324.422577232,8001932.48825565,7682193.95102521,0.8099,0.7849,1,1
2026-01-27 06:00:00.000 UTC,51279405.85258656,47319447.86318884,370399.57971666,0.95,0.93,1,1
2026-01-27 08:00:00.000 UTC,106.73674337,6.84869398,73.20386354,0.78,0.75,1,1
2026-01-27 10:00:00.000 UTC,19.1719403175,0.6968424,13.6821128375,0.78,0.75,1,4
2026-01-27 12:00:00.000 UTC,77.774928434,17.286288025999998,41.177924736,0.814,0.786,2,5
2026-01-27 16:00:00.000 UTC,65068.26098728,34424.90116757,17955.04892719,0.83,0.805,1,1
2026-01-27 18:00:00.000 UTC,84125.7769978825,62156.85700491,5548.5475246025,0.5975,0.57625,4,4
2026-01-27 20:00:00.000 UTC,9986.519599,0.0,7489.88969925,0.78,0.75,1,1
2026-01-27 22:00:00.000 UTC,124699.12885114801,56021.101017766,43892.478952994,0.8,0.772,2,5
2026-01-28 00:00:00.000 UTC,10361989.167087303,4504243.62264561,3628600.462340305,0.79495,0.76745,2,2
2026-01-28 02:00:00.000 UTC,20307.84984012,10320.32362073,4910.56375936,0.78,0.75,1,1
2026-01-28 04:00:00.000 UTC,20307.90744663,10320.41271475,4910.51787022,0.78,0.75,1,2
2026-01-28 06:00:00.000 UTC,41897.90950963333,23993.371090061664,5843.743011703334,0.8316666666666666,0.8016666666666667,4,6
2026-01-28 08:00:00.000 UTC,20308.301718385,10320.68526814,4910.541020645,0.78,0.75,1,2
2026-01-28 12:00:00.000 UTC,4044663.09926917,1432222.40942208,1742493.9467895657,0.8571285714285714,0.8321285714285713,4,7
2026-01-28 14:00:00.000 UTC,18694836.805270754,7704928.967983094,6968412.18468264,0.7999333333333333,0.7732666666666667,2,3
2026-01-28 16:00:00.000 UTC,10154.2887103,5160.00350275,2455.716449765,0.865,0.84,2,2
2026-01-28 22:00:00.000 UTC,8821.7381753275,2579.840062785,4710.474892575,0.9075,0.885,2,4
2026-01-29 00:00:00.000 UTC,20309.00098965,10319.54414111,4912.206601125,0.78,0.75,1,2
2026-01-29 04:00:00.000 UTC,20382.796973065,10392.554734755,4894.54299504,0.78,0.75,1,2
2026-01-29 06:00:00.000 UTC,20386.16471055,10395.74576929,4893.87776362,0.78,0.75,1,1
2026-01-29 14:00:00.000 UTC,233023.5118678767,173373.85370711834,14210.073346516667,0.83,0.805,4,6
2026-01-29 16:00:00.000 UTC,3904596.033761538,1270667.471144452,1793228.296924746,0.81398,0.78298,4,5
2026-01-29 18:00:00.000 UTC,2571127.0333614936,1581276.688706655,485637.382354675,0.804575,0.7718875,4,8
2026-01-29 22:00:00.000 UTC,26069.712265303337,16081.04985834,3471.234340633333,0.78,0.75,1,3
2026-01-30 00:00:00.000 UTC,2173923.123105884,911119.8075369649,791056.9991482205,0.8061315789473684,0.7706263157894737,10,19
2026-01-30 04:00:00.000 UTC,38533.85196724,26878.44246188,95.25391518,0.75,0.7,1,1
2026-01-30 08:00:00.000 UTC,51722508.61875915,25813001.207575705,20734291.716109555,0.815,0.7875,2,4
2026-01-30 10:00:00.000 UTC,9390009.683581056,2261790.648406725,5107968.12956623,0.79495,0.76745,2,2
2026-01-30 12:00:00.000 UTC,12486007.432549933,3243578.555739323,6556382.127543613,0.7999333333333333,0.7732666666666667,2,3
2026-01-30 14:00:00.000 UTC,89391.55026676,65529.84347950571,5809.21724752,0.8085714285714285,0.7814285714285715,3,7
2026-01-30 16:00:00.000 UTC,79129.60525965667,39735.371292276664,13280.712216443333,0.7333333333333333,0.69,2,3
2026-01-30 18:00:00.000 UTC,109321.54489684111,80287.13043840333,7256.9423406077785,0.8147,0.7885333333333333,6,9
2026-01-30 20:00:00.000 UTC,174773.70933629334,130329.31628559667,9880.403121643334,0.8133333333333334,0.7866666666666667,2,3
2026-01-30 22:00:00.000 UTC,245699.791155185,184566.404760905,13221.92711901,0.83,0.805,1,2
2026-01-31 00:00:00.000 UTC,26351.710901006663,16364.03624132,3399.74693443,0.78,0.75,1,3
2026-01-31 06:00:00.000 UTC,26352.257659853334,16364.524550353333,3399.668694533333,0.78,0.75,1,3
2026-01-31 08:00:00.000 UTC,2187463.525151379,689415.5921799178,1030709.75439053,0.8166555555555556,0.7905444444444444,5,9
2026-01-31 10:00:00.000 UTC,6119139.918209247,4585621.724277456,219559.5647217025,0.81,0.785,4,8
2026-01-31 12:00:00.000 UTC,299122.37972405,219460.85381166,15104.711716118001,0.8,0.774,3,5
2026-01-31 14:00:00.000 UTC,51784913.70772094,38967906.40816137,1683278.4315648568,0.8153818181818182,0.787830303030303,15,33
2026-01-31 16:00:00.000 UTC,23916620.66005731,17828589.84872116,950630.7620367276,0.8123471698113208,0.7836235849056604,39,106
2026-01-31 18:00:00.000 UTC,42556699.179222666,31604539.13720123,1801419.7325075234,0.8087944444444445,0.7786055555555556,11,18
2026-01-31 20:00:00.000 UTC,8173079.93962952,3562052.72286237,2852523.447208865,0.79495,0.76745,2,2
2026-01-31 22:00:00.000 UTC,27180.254871223337,17188.35835229667,3196.832801116667,0.78,0.75,1,3
2026-02-01 00:00:00.000 UTC,27180.362853585,17187.85012081,3197.422019375,0.78,0.75,1,2
2026-02-01 02:00:00.000 UTC,27180.58041114,17188.99716847,3196.43813988,0.78,0.75,1,5
2026-02-01 04:00:00.000 UTC,27180.73025153,17189.28759876,3196.26008988,0.78,0.75,1,1
2026-02-01 06:00:00.000 UTC,9052752.308608297,3053062.901182312,4053425.0087646563,0.81196,0.78596,3,5
2026-02-01 10:00:00.000 UTC,27196.46095189,17193.51468024,3203.831033675,0.78,0.75,1,2
2026-02-01 12:00:00.000 UTC,27196.5987189,17193.606100115,3203.842939055,0.78,0.75,1,2
2026-02-01 14:00:00.000 UTC,32762931.71638007,24251613.97717307,1467508.5064720598,0.8103319999999999,0.7826,12,25
2026-02-01 16:00:00.000 UTC,64277.08359154333,46596.04009535,4648.4014102833335,0.8133333333333334,0.7866666666666667,2,3
2026-02-01 18:00:00.000 UTC,43538.56287284,27677.42999064,6623.1911733925,0.805,0.7775,2,4
2026-02-01 20:00:00.000 UTC,135041.77323862584,85422.49197874832,16305.593168623333,0.8125,0.7829166666666667,7,12
2026-02-01 22:00:00.000 UTC,10420479.946881473,7659716.486164083,517740.29111587454,0.8093548387096775,0.7797580645161291,16,31
2026-02-02 00:00:00.000 UTC,86716.86594201333,64197.9630055,5110.5012324633335,0.8133333333333334,0.7866666666666667,2,3
2026-02-02 02:00:00.000 UTC,8863534.48344053,6648523.640355022,309509.6655585953,0.8119790697674419,0.7825093023255814,24,43
2026-02-02 04:00:00.000 UTC,104825267.45034528,53661183.13892018,40679517.75248711,0.85,0.825,2,2
2026-02-02 06:00:00.000 UTC,20549069.983367164,14516605.263168763,1627005.910473573,0.8046076923076922,0.7734538461538462,8,13
2026-02-02 08:00:00.000 UTC,5217068.002074673,2556005.48434868,1539619.1451428365,0.8177444444444444,0.7921888888888888,5,9
2026-02-02 10:00:00.000 UTC,27197.95856824,17193.01990212,3205.44902406,0.78,0.75,1,1
2026-02-02 12:00:00.000 UTC,85112.283074855,62014.125870215,5753.363447445,0.805,0.7775,2,2
2026-02-02 14:00:00.000 UTC,1036512.0584265613,615954.6165672687,144234.63535388376,0.81,0.78125,5,8
2026-02-02 16:00:00.000 UTC,0.0,0.0,0.0,0.0,0.0,1,2
2026-02-02 18:00:00.000 UTC,31620092.308725,10380145.22563448,13581560.72591732,0.7951,0.7578,1,1
2026-02-02 20:00:00.000 UTC,31620092.3613916,12712103.04659396,11249602.94486859,0.7951,0.7578,1,1
2026-02-03 02:00:00.000 UTC,15051635.349982513,6516692.83301739,4825171.975377019,0.64922,0.62358,3,5
2026-02-03 04:00:00.000 UTC,569.97505972,475.55029470666665,54.52651083,0.95,0.93,1,3
2026-02-03 06:00:00.000 UTC,1259.6902507,985.06959986,160.94939756666665,0.94,0.92,2,3
2026-02-03 08:00:00.000 UTC,3591299.642957614,3312688.6092833094,27220.05866727,0.4318181818181818,0.42272727272727273,5,11
2026-02-03 10:00:00.000 UTC,41185.3185161075,29550.586812425,3604.2452235775,0.85485,0.831175,2,4
2026-02-03 12:00:00.000 UTC,58.45726619,47.45560825,4.4e-07,0.8367,0.8118,1,1
2026-02-03 14:00:00.000 UTC,9847.474284145,7136.773775815,495.018794395,0.8,0.775,1,2
2026-02-03 16:00:00.000 UTC,4112532.026521099,503799.24034240295,2499400.77133658,0.414,0.397,5,10
2026-02-03 18:00:00.000 UTC,3772361.423754403,919727.0128819715,1852782.8204084653,0.7365333333333333,0.7043875,12,24
2026-02-03 20:00:00.000 UTC,60757.98922019,39527.04869358,9383.132628666666,0.83,0.805,2,3
2026-02-03 22:00:00.000 UTC,0.0,0.0,0.0,0.0,0.0,2,6
2026-02-04 02:00:00.000 UTC,28614.86756387,15978.132015813999,4088.818788406,0.892,0.866,3,5
2026-02-04 06:00:00.000 UTC,10616.8997615275,7612.4584193025,76.8903858075,0.7725,0.7275,3,4
2026-02-04 08:00:00.000 UTC,23458.778755466665,16825.426961126668,169.9528814,0.77,0.72,2,3
2026-02-04 10:00:00.000 UTC,17416.95493538,12069.950118525,121.918336235,0.75,0.7,1,2
2026-02-04 12:00:00.000 UTC,22766254.64798904,8192051.51899728,9262835.91961591,0.8,0.7667,1,1
2026-02-04 14:00:00.000 UTC,53754.04035356571,38642.97067947,4559.003871617143,0.8214285714285714,0.7964285714285715,4,7
2026-02-04 16:00:00.000 UTC,4733252.958897734,156359.261741244,3509313.8770481246,0.7506666666666667,0.7173333333333333,9,15
2026-02-04 18:00:00.000 UTC,14617767.794883737,6031266.899642158,5352038.994891658,0.8083166666666667,0.7822,7,12
2026-02-04 20:00:00.000 UTC,8655922.49126469,300332.4196529,6406716.500388042,0.785,0.74625,3,4
2026-02-04 22:00:00.000 UTC,28214.43754932,17258.98346427,3337.55594673,0.52,0.4866666666666667,2,3
2026-02-05 00:00:00.000 UTC,35111666.52129755,1136033.84438638,26075507.70961922,0.8,0.775,1,1
2026-02-05 02:00:00.000 UTC,35896543.63424239,13808696.29322549,17411995.504622355,0.818525,0.787725,5,8
2026-02-05 04:00:00.000 UTC,14354309.095430834,4650164.53946679,6239801.300307677,0.73574,0.6975933333333333,6,15
2026-02-05 06:00:00.000 UTC,12427753.07979217,2876808.732530138,6211676.911453388,0.7904684210526316,0.7468368421052631,5,19
2026-02-05 08:00:00.000 UTC,12747574.601367062,2880138.052523253,6425735.543008217,0.8266666666666667,0.7866666666666667,2,3
2026-02-05 10:00:00.000 UTC,15577503.568276284,5721801.326357365,6045825.65331095,0.79005,0.753425,3,4
2026-02-05 12:00:00.000 UTC,13561200.386452775,8125130.061323265,2431687.42983838,0.7812448275862068,0.7488344827586206,14,29
2026-02-05 14:00:00.000 UTC,5540052.563820157,3456491.083937481,802058.9027990735,0.7851871428571429,0.7531771428571429,34,70
2026-02-05 16:00:00.000 UTC,2630433.94309585,1324698.4078350572,598087.6149669443,0.5857142857142857,0.5642857142857143,3,7
2026-02-05 18:00:00.000 UTC,1191639.8056725324,646860.1867620788,225713.73967108558,0.70056875,0.66888125,9,16
2026-02-05 20:00:00.000 UTC,2852273.3490661336,2085940.2435771537,148539.82889141704,0.7614472972972973,0.7290013513513514,38,74
2026-02-05 22:00:00.000 UTC,1155732.315242126,848019.1741701165,59067.603999175255,0.7360225,0.7102975,28,40
2026-02-06 00:00:00.000 UTC,571062.414156411,343437.9570560112,100707.21478563167,0.7742350649350649,0.7420285714285715,36,77
2026-02-06 02:00:00.000 UTC,40810.34577628,28639.55948057,4212.76886933,0.83,0.805,2,4
2026-02-06 04:00:00.000 UTC,6703326.546949213,2774210.58687065,2362142.59301874,0.7931666666666667,0.7554333333333333,2,3
2026-02-06 06:00:00.000 UTC,13375808.947582297,6494171.6174375,3577332.982181659,0.7876142857142857,0.744,5,7
2026-02-06 08:00:00.000 UTC,107749190.50550129,53861015.89070083,43113255.56583705,0.935,0.915,2,4
2026-02-06 10:00:00.000 UTC,14858353.061217375,7085094.832859505,4124046.71955844,0.78665,0.7522,2,2
2026-02-06 12:00:00.000 UTC,2.4199709,0.96749854,1.28307439,0.95,0.93,1,1
2026-02-06 14:00:00.000 UTC,3564408.304917284,2034614.59260072,652029.445405821,0.80132,0.76242,6,10
2026-02-06 16:00:00.000 UTC,123104.33909481455,61455.864786635,33940.80305698955,0.8095181818181818,0.7765318181818182,12,22
2026-02-06 18:00:00.000 UTC,60258.3319198775,45329.51961338,3178.4375821175,0.83,0.805,1,4
2026-02-06 22:00:00.000 UTC,185222.64615155,93622.5630878,45294.42152586,0.78,0.75,1,1
2026-02-07 02:00:00.000 UTC,36816214.19214792,15914312.03103904,11745709.69152169,0.7916,0.7513,1,1
2026-02-07 04:00:00.000 UTC,11511293.364175703,7486334.98256914,1434927.8383465835,0.8048666666666667,0.7756,2,3
2026-02-07 06:00:00.000 UTC,56277.769924385,42568.562504605,2735.04228452,0.83,0.805,1,2
2026-02-07 08:00:00.000 UTC,35634884.73813539,13609334.61384384,13163154.28991727,0.7916,0.7513,1,1
2026-02-07 10:00:00.000 UTC,2545.95386263,1908.1570729,383.20140346,0.92,0.9,1,1
2026-02-07 12:00:00.000 UTC,7505970.719596626,3117098.655456316,2522136.43251299,0.78222,0.75026,3,5
2026-02-07 14:00:00.000 UTC,9433699.16825528,4154302.850458865,2933541.6649054075,0.910275,0.885325,3,4
2026-02-07 16:00:00.000 UTC,2635916.04381214,1186162.7894460924,738055.9225367625,0.78,0.73,3,4
2026-02-07 18:00:00.000 UTC,17276480.086082034,8644773.747875601,4235547.7719407035,0.78385,0.7371833333333333,5,6
2026-02-07 20:00:00.000 UTC,2380716.03295986,2053005.5754820125,157436.9798303525,0.89,0.8675,2,4
2026-02-07 22:00:00.000 UTC,2917801.432015831,2423879.921152599,289675.4106221227,0.95,0.93,1,56
2026-02-08 00:00:00.000 UTC,598945.5793168334,63234.68395755,493784.7048070989,0.95,0.93,2,9
2026-02-08 02:00:00.000 UTC,922838.4050477631,830023.79791088,28215.918783533336,0.95,0.93,1,6
2026-02-08 06:00:00.000 UTC,36450387.20377443,12306527.71302027,15089583.30933659,0.7917,0.7516,1,1
2026-02-08 08:00:00.000 UTC,37015999.90772779,12891071.08132157,14922751.24934509,0.7917,0.7514,1,1
2026-02-08 10:00:00.000 UTC,10914231.962672904,5979235.94916024,2806720.780791445,0.83,0.805,1,2
2026-02-08 16:00:00.000 UTC,33124350.766091056,15493516.73965734,9208892.60343335,0.7877333333333333,0.7442,2,3
2026-02-08 18:00:00.000 UTC,9264817.02832108,4262044.877183857,2699081.02222923,0.9104,0.885325,2,4
2026-02-09 06:00:00.000 UTC,2534.13893051,1900.94607973,301.22065088,0.889,0.869,1,1
2026-02-09 08:00:00.000 UTC,36310437.30190577,17965328.5427005,9314703.0022213,0.7916,0.7513,1,1
2026-02-09 10:00:00.000 UTC,0.29054839,0.010202985,0.260007015,0.475,0.465,2,2
2026-02-09 12:00:00.000 UTC,0.05129953,0.01622487,0.03148369,0.95,0.93,1,1
2026-02-09 14:00:00.000 UTC,35690309.37282578,14679008.34815475,12135121.08364925,0.7916,0.7513,1,1
2026-02-09 16:00:00.000 UTC,32706451.87453833,16334013.103287205,7928661.273346525,0.7858,0.7407,2,2
2026-02-09 20:00:00.000 UTC,3523.06590617,0.0,3276.45129273,0.95,0.93,1,3
2026-02-09 22:00:00.000 UTC,420293.2407745925,0.0,315219.9305809425,0.78,0.75,2,4
2026-02-10 02:00:00.000 UTC,46973.698581375,33699.215332025,4114.612025975,0.83,0.805,1,2
2026-02-10 04:00:00.000 UTC,36435446.37899629,12775988.73223404,14601605.67694377,0.7917,0.7514,1,1
2026-02-10 06:00:00.000 UTC,53861.993446455,40572.705440795,2786.199283595,0.83,0.805,1,2
2026-02-10 08:00:00.000 UTC,34915855.61229246,20079934.109658934,8117903.667065157,0.8443333333333334,0.8107666666666667,2,3
2026-02-10 12:00:00.000 UTC,2.37869792,1.745677565,0.466511495,0.95,0.93,2,2
2026-02-10 14:00:00.000 UTC,35919951.22709154,18565665.44340895,8417401.91838221,0.7916,0.7512,1,1
2026-02-10 16:00:00.000 UTC,12039414.651924543,6225042.793784697,2818919.3069800367,0.7838333333333333,0.7504,2,3
2026-02-10 18:00:00.000 UTC,3648413.04989264,2189047.45124473,474294.07517689,0.78,0.73,1,1
2026-02-10 20:00:00.000 UTC,2613752.259527375,2142896.043619845,281732.88101066,0.865,0.84,2,2
2026-02-10 22:00:00.000 UTC,69765.41662696,19714.22347092,32609.838999295,0.78,0.75,1,2
2026-02-11 00:00:00.000 UTC,71079.308831745,21027.829721125,32281.65190268,0.78,0.75,1,2
2026-02-11 04:00:00.000 UTC,994208.61518196,686789.8759868675,39691.16546819,0.585,0.5475,3,4
2026-02-11 06:00:00.000 UTC,8474258.961197412,4488863.569715427,1802724.4415672773,0.6702142857142857,0.6316,5,7
2026-02-11 08:00:00.000 UTC,55263.609684375,34405.701834375,8716.3973232925,0.805,0.7775,4,4
2026-02-11 10:00:00.000 UTC,53526.053867565,27151.092154795,12774.169667895,0.765,0.725,2,2
2026-02-11 12:00:00.000 UTC,23175707.872471496,10683493.303778613,6723784.080688186,0.8443333333333334,0.8107333333333333,2,3
2026-02-11 14:00:00.000 UTC,1594822.4372758893,972976.5852686272,194682.9504835726,0.6778947368421052,0.6494736842105263,10,19
2026-02-11 16:00:00.000 UTC,24596.8129096425,12066.04982838,6386.276317325,0.9075,0.885,3,4
2026-02-11 18:00:00.000 UTC,98261.19063072334,48214.99371148,25480.89926156,0.78,0.75,1,3
2026-02-11 20:00:00.000 UTC,5182153.19986021,2282586.63432797,1500385.20156998,0.78,0.73,1,1
2026-02-12 02:00:00.000 UTC,23492246.237018686,19475010.918375693,1048775.67089768,0.83695,0.81195,2,2
2026-02-12 06:00:00.000 UTC,98264.14579351,48213.86863753,25484.2407076,0.78,0.75,1,1
2026-02-12 08:00:00.000 UTC,98264.40416728,48213.47848237,25484.82464309,0.78,0.75,1,1
2026-02-12 10:00:00.000 UTC,7122965.292877144,2941943.68757194,2409742.492424864,0.80232,0.7722399999999999,3,5
2026-02-12 12:00:00.000 UTC,3302.66482227,0.0,3071.47828471,0.95,0.93,1,3
2026-02-12 14:00:00.000 UTC,106408.98454285,56351.43471549,23455.30369164,0.78,0.75,1,1
2026-02-12 16:00:00.000 UTC,13765050.303045822,7419223.635958775,3032897.019010666,0.8059555555555555,0.7747777777777778,5,9
2026-02-12 18:00:00.000 UTC,1159117.2068611877,557820.12959601,289047.0669886445,0.6933333333333334,0.6577777777777777,5,9
2026-02-12 20:00:00.000 UTC,1265212.327543545,679943.14674897,244725.997734545,0.78,0.74,2,2
2026-02-12 22:00:00.000 UTC,109216.439608845,59154.11852041,22758.21118622,0.78,0.75,1,2
2026-02-13 00:00:00.000 UTC,5134848.391090686,3537452.999106973,211721.7150402,0.78,0.7366666666666667,2,3
2026-02-13 02:00:00.000 UTC,36122088.95539819,19509364.99244002,7611099.39527294,0.791,0.7508,1,1
2026-02-13 08:00:00.000 UTC,100.63146913,0.69422963,74.77937221,0.78,0.75,1,1
2026-02-13 10:00:00.000 UTC,55205.41334269,30123.47460958,11280.585397435,0.78,0.75,2,2
2026-02-13 14:00:00.000 UTC,33180.347417045,20574.81154702,5104.897140571667,0.7966666666666667,0.7683333333333333,5,6
2026-02-13 16:00:00.000 UTC,59958.7110689125,37627.30692143,9121.2838613125,0.805,0.7775,4,4
2026-02-13 18:00:00.000 UTC,19446107.743056,9265295.42120248,5339334.369746648,0.78545,0.7505166666666667,3,6
2026-02-13 20:00:00.000 UTC,25711141.886003204,14251483.66944526,5290428.321407817,0.8443333333333334,0.8107333333333333,2,3
2026-02-14 00:00:00.000 UTC,174905.56228143,84467.023904825,56331.95373172,0.83,0.805,1,2
2026-02-14 04:00:00.000 UTC,50065.76304834,0.0,37549.32228625,0.78,0.75,1,1
2026-02-14 08:00:00.000 UTC,9891200.728622165,5153168.080365082,2240668.917760016,0.802875,0.762775,4,8
2026-02-14 10:00:00.000 UTC,37036648.78800891,17316888.04778214,10501338.85689135,0.7915,0.7511,1,2
2026-02-14 14:00:00.000 UTC,12336610.66698104,6768078.543823814,2499143.32940146,0.7838333333333333,0.7504,2,3
2026-02-14 16:00:00.000 UTC,50075.92383747,0.0,37556.9428781,0.78,0.75,1,1
2026-02-14 18:00:00.000 UTC,2537.85992171,1903.15213194,327.62673924,0.899,0.879,1,1
2026-02-14 20:00:00.000 UTC,53908.33393578,3822.00032749,36609.25012434,0.78,0.75,1,1
2026-02-15 02:00:00.000 UTC,18477079.596700966,10168466.754854696,3709640.18238906,0.78575,0.75055,2,2
2026-02-15 04:00:00.000 UTC,50087.89530673,0.0,37565.92148004,0.78,0.75,1,1
2026-02-15 06:00:00.000 UTC,21255546.693712573,14531082.33341071,2741101.8227306064,0.8305,0.8003666666666667,3,3
2026-02-15 08:00:00.000 UTC,1973024.48501188,1282047.75872216,158260.115336505,0.78,0.73,1,2
2026-02-15 10:00:00.000 UTC,104500.68732625,46106.2190065275,37375.0253856825,0.83475,0.80975,3,4
2026-02-15 14:00:00.000 UTC,3091.973836765,2470.53634419,404.999323995,0.95,0.93,1,2
2026-02-15 16:00:00.000 UTC,45503.7141951925,33715.970914195,2914.51901293,0.83,0.805,2,4
2026-02-15 18:00:00.000 UTC,61773.189233795,45142.59460485,4584.82272835,0.83,0.805,2,2
2026-02-15 22:00:00.000 UTC,37084.074994295,11723.07145789,16253.61417326,0.8395,0.8145,2,2
2026-02-16 00:00:00.000 UTC,68344.5437638,18256.955554985,33001.45226786,0.78,0.75,1,2
2026-02-16 02:00:00.000 UTC,67515.19879294,17427.42566483,33208.97342987,0.78,0.75,1,1
2026-02-16 04:00:00.000 UTC,12008356.69927108,6586792.050941186,2426652.425347537,0.7837333333333333,0.7502,2,3
2026-02-16 06:00:00.000 UTC,70884.06710927,20796.54851281,32366.50181914,0.78,0.75,1,1
2026-02-16 10:00:00.000 UTC,29884.704231955,4800.26816966,17661.223618105,0.865,0.84,2,2
2026-02-16 14:00:00.000 UTC,975829.3829719,676006.498143245,37973.8480376575,0.805,0.7675,2,4
2026-02-16 18:00:00.000 UTC,61951.40894856,11857.81288703,34605.74382439,0.78,0.75,1,2
2026-02-17 00:00:00.000 UTC,36237027.10138331,19801357.776796345,7405402.17092224,0.7913,0.7508,1,2
2026-02-17 02:00:00.000 UTC,534.31038189,454.1684234,42.74023175,0.95,0.93,1,1
2026-02-17 10:00:00.000 UTC,10089430.53419784,5142721.024851977,2469757.522905637,0.8977666666666666,0.8715,2,3
2026-02-17 12:00:00.000 UTC,4406376.981851386,2363966.659953573,960375.4777150686,0.8061857142857143,0.7763571428571429,4,7
2026-02-17 14:00:00.000 UTC,1795.541030265,1435.138083665,234.715074475,0.95,0.93,1,2
2026-02-17 16:00:00.000 UTC,18407016.812475033,10114950.998070613,3647360.04418778,0.7868,0.747475,2,4
2026-02-17 18:00:00.000 UTC,12051530.577296188,5930682.062848603,2912254.458700777,0.7812666666666667,0.739,2,3
2026-02-17 20:00:00.000 UTC,2610649.686596005,1435125.45433971,471149.96908475,0.78,0.74,2,2
2026-02-17 22:00:00.000 UTC,50113.9038774,0.0,37585.42790805,0.78,0.75,1,1
2026-02-18 04:00:00.000 UTC,31302318.93071205,28876376.54972468,234780.05583752,0.95,0.93,1,1
2026-02-18 06:00:00.000 UTC,2538.67613962,1903.83011029,327.66621643,0.899,0.879,1,1
2026-02-18 08:00:00.000 UTC,16881956.45596261,5736266.27001753,6587561.94283517,0.78,0.73,1,1
2026-02-18 12:00:00.000 UTC,50118.39046643,0.0,37588.79284982,0.78,0.75,1,1
2026-02-18 14:00:00.000 UTC,1768.744785215,1414.25707965,230.675570595,0.95,0.93,1,2
2026-02-18 16:00:00.000 UTC,16641252.886678573,7055934.201651674,5092180.405623677,0.78,0.73,1,3
2026-02-18 18:00:00.000 UTC,1772578.09260117,1222742.08799122,71239.91960763,0.78,0.73,1,2
2026-02-18 20:00:00.000 UTC,2539.54780616,1904.51699861,335.36416642,0.902,0.882,1,1
2026-02-18 22:00:00.000 UTC,18747411.25897268,10437394.17165384,3248216.04739621,0.78,0.73,1,1
2026-02-19 04:00:00.000 UTC,18042799.8175088,10463605.9966979,2724341.91387104,0.78,0.7309,1,2
2026-02-19 06:00:00.000 UTC,17894733.04039721,10463619.16438129,2633535.94788542,0.78,0.7319,1,1
2026-02-19 10:00:00.000 UTC,14599884.99745124,8496648.5352469,2194847.24838664,0.78,0.7323,1,1
2026-02-19 12:00:00.000 UTC,1004.00008384,530.01653946,222.98352342,0.78,0.75,1,1
2026-02-19 14:00:00.000 UTC,14464841.853791393,8570688.267157095,2021915.42237434,0.78,0.7323,1,3
2026-02-19 16:00:00.000 UTC,3641658.3287006123,2176367.16489913,491488.6999108575,0.805,0.773075,3,4
2026-02-19 18:00:00.000 UTC,14625472.28900158,8767161.25826961,1943072.098966245,0.78,0.7323,1,2
2026-02-19 20:00:00.000 UTC,2541.41567385,1905.83640294,335.69222139,0.902,0.882,1,1
2026-02-19 22:00:00.000 UTC,55915.98782568,5772.64039618,36164.35047308,0.78,0.75,1,1
2026-02-20 00:00:00.000 UTC,213681645.8549504,108046157.157629,84267324.11182635,0.92,0.9,1,2
2026-02-20 04:00:00.000 UTC,14746624.26706496,8847236.11152627,1951716.8392454,0.78,0.7323,1,1
2026-02-20 14:00:00.000 UTC,3336732.166103855,1938043.47146652,498576.0251831375,0.78,0.74,3,4
2026-02-20 16:00:00.000 UTC,83704.75243199,33543.41979276,29235.14453123,0.78,0.75,1,1
2026-02-20 22:00:00.000 UTC,2542.92895292,1907.01826934,335.84506713,0.902,0.882,1,1
2026-02-21 04:00:00.000 UTC,2543.42613076,1907.472413,335.82943433,0.902,0.882,1,1
2026-02-21 16:00:00.000 UTC,2543.87872145,1907.84730701,335.8537253,0.902,0.882,1,1
2026-02-22 00:00:00.000 UTC,210257181.7390124,108083916.4459601,81147547.11915107,0.92,0.9,1,2
2026-02-22 02:00:00.000 UTC,15305460.53953525,535741.04206976,10680100.44130167,0.78,0.7328,1,1
2026-02-22 04:00:00.000 UTC,4078198.12192774,357196.32679009,2659089.6084156833,0.78,0.7450333333333333,1,3
2026-02-22 10:00:00.000 UTC,1315950.837100703,102.70925740333334,986860.41856812,0.78,0.75,1,3
2026-02-22 18:00:00.000 UTC,1242600.44595494,71948.17499196,860002.159474245,0.78,0.75,1,2
2026-02-22 20:00:00.000 UTC,655260.99223161,82346.018902245,409099.72527146,0.78,0.75,2,2
2026-02-22 22:00:00.000 UTC,104761.54103426,41644.269266094,41920.33528248,0.82,0.794,2,5
2026-02-23 00:00:00.000 UTC,1866401.2000747975,1221648.4640563542,130932.88083123833,0.7975,0.75625,7,12
2026-02-23 02:00:00.000 UTC,71797.28643326832,39268.73667796666,17712.077792953332,0.8133333333333334,0.78,4,6
2026-02-23 04:00:00.000 UTC,1242459.6169996,137598.66531516,794246.04743454,0.78,0.75,1,1
2026-02-23 08:00:00.000 UTC,49143.76829233,24058.387359445,12799.487260705,0.865,0.84,2,2
2026-02-23 10:00:00.000 UTC,10611.54200914,1105.2856610166668,6853.370845836666,0.78,0.75,1,3
2026-02-23 12:00:00.000 UTC,104643.38664338,54470.99177975,24011.54820278,0.78,0.75,1,1
2026-02-23 14:00:00.000 UTC,45577627.28945281,42140229.46403846,243439.64689222636,0.919209090909091,0.8974181818181818,2,11
2026-02-23 16:00:00.000 UTC,41634.203275205,24899.3583136875,8041.2537714525,0.7154875,0.6918875,5,8
2026-02-23 20:00:00.000 UTC,103514.57982819,53345.92656176,24290.00830938,0.78,0.75,1,1
2026-02-23 22:00:00.000 UTC,179842.3896457025,113712.0808152025,31061.042849585,0.83,0.805,2,4
2026-02-24 00:00:00.000 UTC,166813.26968393428,87499.12905447143,43305.96921779,0.8057714285714286,0.7753571428571429,4,7
2026-02-24 02:00:00.000 UTC,72656.460366875,22487.028953595,32005.31632156,0.78,0.75,1,2
2026-02-24 04:00:00.000 UTC,2703066.209123083,1828938.0689290112,144618.36215945444,0.6933333333333334,0.6533333333333333,5,9
2026-02-24 06:00:00.000 UTC,54327.679675295,16699.0701561175,24046.62480679,0.7725,0.7375,2,4
2026-02-24 08:00:00.000 UTC,26938690.13763581,24786949.992918704,262134.458277478,0.8942,0.8712,3,10
2026-02-24 10:00:00.000 UTC,72012.33280592,34228.0672956875,19868.40821311,0.81175,0.78425,2,4
2026-02-24 12:00:00.000 UTC,135165.942169664,61801.681200642,36873.68274319,0.804,0.762,4,5
2026-02-24 16:00:00.000 UTC,107361.90563912,57194.30809126,23327.12113808,0.78,0.75,1,1
2026-02-24 20:00:00.000 UTC,8830106.097544044,5541575.02269261,904917.18881609,0.7803,0.737,3,3
2026-02-25 00:00:00.000 UTC,69811792.53641564,36070661.54550078,26753664.034464236,0.8266666666666667,0.8,3,3
2026-02-25 02:00:00.000 UTC,122526.27017538,72362.41889204,19532.28373949,0.78,0.75,1,1
2026-02-25 04:00:00.000 UTC,122391.089718545,72227.20313883,19566.114150075,0.78,0.75,1,2
2026-02-25 06:00:00.000 UTC,62434.76729725,37034.151457745,9966.485948505,0.8435,0.8185,2,2
2026-02-25 08:00:00.000 UTC,14395306.78164154,13261023.93222295,115642.97683566,0.865,0.84,2,2
2026-02-25 10:00:00.000 UTC,3435627.30458961,1043629.29607163,1465752.88720062,0.78,0.7304,1,1
2026-02-25 12:00:00.000 UTC,35944.142528498,24242.640069172,4692.394666264,0.83,0.805,3,5
2026-02-25 14:00:00.000 UTC,85897.1447063225,47570.03528469167,20366.70484153,0.8341666666666666,0.8070833333333333,7,12
2026-02-25 16:00:00.000 UTC,592864.3583820761,367649.0151498838,66469.51110459668,0.7631476190476191,0.7293047619047619,13,21
2026-02-25 18:00:00.000 UTC,30.592515078333335,21.430907926666666,5.460264398333334,0.8858333333333334,0.8641666666666666,2,6
2026-02-25 20:00:00.000 UTC,5228871.755109487,2875827.2859528,1333414.4769103325,0.83,0.805,2,4
2026-02-25 22:00:00.000 UTC,71764.016417825,46580.0340762675,7243.0143322325,0.8225,0.795,3,4
2026-02-26 00:00:00.000 UTC,521572.67641677667,0.0,391179.50731258,0.78,0.75,1,3
2026-02-26 04:00:00.000 UTC,137485.87367898,87326.55131857,15787.85394066,0.78,0.75,1,1
2026-02-26 12:00:00.000 UTC,30.666535064,22.61152852,4.589688078,0.907,0.887,1,5
2026-02-26 16:00:00.000 UTC,951.12100111,502.43337505,210.90737578,0.78,0.75,1,1
2026-02-27 10:00:00.000 UTC,20601.503303516667,12837.772859666668,3951.517209823333,0.89,0.8675,3,6
2026-02-27 12:00:00.000 UTC,41372.943912485,31073.5830315,2231.636818045,0.83,0.805,1,2
2026-02-27 14:00:00.000 UTC,28.34402801,0.0,24.4892402,0.8872,0.864,1,1
2026-02-27 16:00:00.000 UTC,696269.408227728,481136.4266276,29458.147675002,0.8,0.76,3,5
2026-02-27 22:00:00.000 UTC,3669184.0205266383,2266782.850162678,686910.28636126,0.83,0.805,3,5
2026-02-28 00:00:00.000 UTC,208579655.82689136,108166534.93364353,79555155.3105587,0.92,0.9,1,1
2026-02-28 06:00:00.000 UTC,15875869.481867265,14513536.194708558,123627.18261913824,0.8588235294117647,0.8279411764705883,8,17
2026-02-28 08:00:00.000 UTC,19311940.157044288,17546875.221402887,413228.8549540734,0.9033333333333334,0.8816666666666666,2,3
2026-02-28 18:00:00.000 UTC,279591.58432688,9977.168442512,200483.15270509198,0.8,0.772,2,5
2026-02-28 20:00:00.000 UTC,1011.75705279,561.007394435,197.81039515,0.78,0.75,2,2
2026-03-01 00:00:00.000 UTC,66777248.09213373,36061857.3714084,24037730.933763754,0.94,0.92,2,3
2026-03-01 02:00:00.000 UTC,42567.12065088625,28192.25953413625,6074.27258982375,0.83,0.805,5,8
2026-03-01 04:00:00.000 UTC,188728589.61301276,105183838.61828157,64671892.03342991,0.92,0.9,1,1
2026-03-01 18:00:00.000 UTC,43507.626099315,31229.045415425,3794.59359452,0.83,0.805,1,2
2026-03-01 20:00:00.000 UTC,48084.2509519175,35416.48148086,3291.3405354275,0.83,0.805,3,4
2026-03-01 22:00:00.000 UTC,9256.57162297,6414.80428534,64.79585073,0.75,0.7,1,1
2026-03-02 06:00:00.000 UTC,5.74796552,0.0,4.51215293,0.81,0.785,1,1
2026-03-02 14:00:00.000 UTC,1173140.624900615,729798.853511507,128069.21218540099,0.805,0.7675,6,10
2026-03-02 16:00:00.000 UTC,43197.124453245,31142.24429685,401.16928338,0.78,0.74,2,2
2026-03-02 18:00:00.000 UTC,99650.28745125,79355.05474306,863.42665519,0.83,0.805,1,1
2026-03-03 02:00:00.000 UTC,360166.39093892334,34.65382885333334,270491.67366591666,0.8933333333333334,0.87,2,3
2026-03-03 08:00:00.000 UTC,43997.81974091167,32829.64582461,2579.877865205,0.8216666666666667,0.7958333333333333,4,6
2026-03-03 14:00:00.000 UTC,24.48188699888889,20.602985837777776,1.1858935855555557,0.91,0.89,1,9
2026-03-03 16:00:00.000 UTC,529.37222054,449.96681883,42.34934627,0.95,0.93,1,1
2026-03-04 02:00:00.000 UTC,187785281.57803404,105212698.44058786,63794054.97964278,0.92,0.9,1,1
2026-03-04 04:00:00.000 UTC,973791.47413768,101.78522793,730241.82037533,0.78,0.75,1,1
2026-03-04 06:00:00.000 UTC,2565.55039131,1922.46354143,360.87630683,0.91,0.89,1,1
2026-03-04 08:00:00.000 UTC,34984.7038825825,25072.14447980125,3104.75637227125,0.8275,0.801875,6,8
2026-03-04 12:00:00.000 UTC,858.0162247033333,643.4868296833333,122.72165897333333,0.6086666666666667,0.5953333333333333,2,3
2026-03-04 14:00:00.000 UTC,2475725.585321796,1382346.991313535,578759.983333619,0.81,0.779,6,10
2026-03-04 16:00:00.000 UTC,135584.3905911875,68077.337874915,33390.480550545,0.7925,0.75375,4,4
2026-03-04 18:00:00.000 UTC,114481.36564915416,74481.3127849725,17604.4169177,0.828975,0.8029083333333333,7,12
2026-03-04 20:00:00.000 UTC,16812.284132745,11650.913492685,117.68540023,0.75,0.7,1,2
2026-03-04 22:00:00.000 UTC,10745.061941435,7444.68764367,77.105997035,0.765,0.725,2,2
2026-03-05 02:00:00.000 UTC,15127742.98674614,13956296.708721735,112456.63764393,0.9315,0.9115,2,2
2026-03-05 08:00:00.000 UTC,486989.67858908,285168.723390925,80073.535550885,0.39,0.375,2,2
2026-03-05 10:00:00.000 UTC,681.6727348718182,517.1193517245455,91.61440051090909,0.83,0.8118181818181818,2,11
2026-03-05 12:00:00.000 UTC,386.6186163775,323.6386085875,21.6118158325,0.913,0.893,1,4
2026-03-05 14:00:00.000 UTC,3.115187315,0.0,2.44542204,0.405,0.3925,2,2
2026-03-05 16:00:00.000 UTC,446.90365661,235.50540998,99.672332475,0.39,0.375,2,2
2026-03-05 20:00:00.000 UTC,10.01653637,3.64451679,3.86788548,0.78,0.75,1,2
2026-03-06 04:00:00.000 UTC,1587011.1685495565,1064582.3318690532,100295.92403184,0.78,0.7366666666666667,2,3
2026-03-06 08:00:00.000 UTC,14622.411374385,8094.108903905,3676.84974296,0.805,0.7775,2,2
2026-03-06 10:00:00.000 UTC,454016.07476946,271422.84285264,69134.61483193,0.7801,0.7501,1,1
2026-03-06 12:00:00.000 UTC,21557.7273756175,16183.0360360725,1170.9042517075,0.6175,0.59875,3,4
2026-03-06 14:00:00.000 UTC,263513.2222063387,180088.00266939175,17460.03173196826,0.7166521739130435,0.6868695652173913,14,23
2026-03-06 16:00:00.000 UTC,422281.667064,247445.479267024,72881.66327305,0.81,0.783,3,5
2026-03-06 18:00:00.000 UTC,0.0,0.0,0.0,0.0,0.0,1,2
2026-03-07 06:00:00.000 UTC,0.0,0.0,0.0,0.0,0.0,1,1
2026-03-07 08:00:00.000 UTC,84791.42831332,48473.44040245,18087.8308235,0.81,0.785,1,2
2026-03-07 14:00:00.000 UTC,3.405021905,2.15405775,0.91046196,0.93,0.9,1,4
2026-03-07 18:00:00.000 UTC,1641892.347573255,1134184.786568195,64396.627160275,0.78,0.73,1,2
2026-03-07 22:00:00.000 UTC,2932.2374286375,340.0300662575,2386.9507423725,0.95,0.93,1,4
2026-03-08 02:00:00.000 UTC,26351.62549866143,18546.776216405717,2342.4863974142854,0.8085714285714285,0.7785714285714286,5,7
2026-03-08 04:00:00.000 UTC,0.0,0.0,0.0,0.0,0.0,1,1
2026-03-08 08:00:00.000 UTC,193376.06496428,91305.70005958,53726.34866363,0.78,0.75,1,2
2026-03-08 22:00:00.000 UTC,736583.4298594726,359103.40130998,169242.65826563834,0.7116666666666667,0.6675,6,12
2026-03-09 00:00:00.000 UTC,3791381.34342379,1469492.24961799,1374043.75794985,0.78,0.75,1,1
2026-03-09 08:00:00.000 UTC,98342.63726118334,45889.88435453333,33275.938640713335,0.5533333333333333,0.5366666666666667,2,3
2026-03-09 10:00:00.000 UTC,112496.5537172,81301.26004748,821.22416607,0.78,0.73,1,1
2026-03-09 12:00:00.000 UTC,72236.38301514,51154.76733109333,3717.259191823333,0.8133333333333334,0.78,2,3
2026-03-09 14:00:00.000 UTC,17932.6043012425,12852.0651575,1583.776327375,0.88,0.8525,2,4
2026-03-09 16:00:00.000 UTC,3410635.62166709,26548.06623219,2463215.93758478,0.78,0.73,1,1
2026-03-10 02:00:00.000 UTC,240.52545947,133.035747305,47.82737477125,0.8925,0.8625,3,8
2026-03-10 04:00:00.000 UTC,15156869.31933512,1942598.928056795,9176832.047610324,0.78,0.74,2,2
2026-03-10 08:00:00.000 UTC,881400.84694853,573935.9588871425,69486.6593852775,0.78,0.73,3,4
2026-03-10 10:00:00.000 UTC,681.84336300875,573.63557248875,50.17764942125,0.58975,0.57725,4,8
2026-03-10 14:00:00.000 UTC,1030680.7814620676,883628.0136443988,69524.45367407874,0.91225,0.891,3,8
2026-03-10 16:00:00.000 UTC,6952.4451682555555,5040.2896550177775,915.4157890966669,0.9091111111111111,0.8885555555555554,2,9
2026-03-10 18:00:00.000 UTC,165998.17459080333,74021.84358312334,51762.50753418,0.8384,0.8044333333333333,2,3
2026-03-10 20:00:00.000 UTC,2.23496249,0.84663516,0.83048069,0.7804,0.7504,1,4
2026-03-10 22:00:00.000 UTC,9392387.35186701,6030901.89149577,825660.63345386,0.8263333333333334,0.7863333333333333,3,3
2026-03-11 00:00:00.000 UTC,534.83908585,476.006778745,4.81355943,0.4595,0.4495,1,2
2026-03-11 06:00:00.000 UTC,5071981.95528435,1517479.60295677,2286506.86350649,0.78,0.75,1,1
2026-03-11 08:00:00.000 UTC,435992.430183545,0.0,326994.322637655,0.78,0.75,1,2
2026-03-11 10:00:00.000 UTC,36632.43134066857,0.0,27474.32350549857,0.78,0.75,2,7
2026-03-11 12:00:00.000 UTC,4340.7729793926665,1399.6689573160002,1962.0413028026662,0.8263866666666667,0.8010533333333334,2,15
2026-03-11 14:00:00.000 UTC,2.005655536666666,0.6729905216666667,1.1315662783333331,0.8815666666666666,0.8517,2,6
2026-03-11 16:00:00.000 UTC,1781.6259664466666,0.0,1656.91214879,0.6333333333333333,0.62,3,6
2026-03-12 00:00:00.000 UTC,273201.510566485,125081.34150125,80972.560686075,0.79615,0.75425,1,2
2026-03-12 04:00:00.000 UTC,16965676.41706283,13768192.772978514,1472378.43296927,0.865,0.84,2,2
2026-03-12 06:00:00.000 UTC,489.76722198608695,346.69015453739127,76.28121843173913,0.9082608695652175,0.7578260869565216,2,23
2026-03-12 08:00:00.000 UTC,3.00507371,1.014559235,1.6900071,0.93,0.9,1,2
2026-03-12 10:00:00.000 UTC,813.05184248625,592.170170545,163.9680429625,0.95,0.93,1,8
2026-03-12 12:00:00.000 UTC,16388.30578075,14585.5889676,147.49792929,0.919,0.899,1,2
2026-03-12 14:00:00.000 UTC,42939.25721064125,33999.2895160075,2519.02568597625,0.8745,0.852,2,8
2026-03-12 16:00:00.000 UTC,44070.73041870667,39133.95522103905,488.53909074095236,0.9322857142857143,0.9122857142857144,2,21
2026-03-12 18:00:00.000 UTC,0.0,0.0,0.0,0.0,0.0,1,2
2026-03-12 20:00:00.000 UTC,1162331.114681796,1020495.0355914821,25555.07895164273,0.8355,0.8173181818181818,3,22
2026-03-13 00:00:00.000 UTC,785582.8405417562,335804.22462287877,257938.66854221126,0.82375,0.798125,5,8
2026-03-13 10:00:00.000 UTC,154910.99732879,82171.87229048,34011.37570611,0.78,0.75,1,2
2026-03-13 12:00:00.000 UTC,1662332.53267603,935992.8586252114,314792.8069045729,0.6971428571428572,0.6742857142857143,5,7
2026-03-13 14:00:00.000 UTC,75528.57136498706,46536.88846825236,11203.666796954707,0.8194117647058824,0.7926470588235294,4,17
2026-03-13 16:00:00.000 UTC,10762.412456426666,9578.54535651,107.62585427333335,0.6133333333333333,0.6,2,3
2026-03-13 18:00:00.000 UTC,59671.830507455554,53046.74287821223,657.9045784933334,0.8177777777777777,0.8,3,18
2026-03-13 20:00:00.000 UTC,3516.08156174,0.0,3269.95585241,0.95,0.93,1,2
2026-03-13 22:00:00.000 UTC,28793.27180614,15471.40746138,7707.176342556666,0.83,0.805,1,3
2026-03-14 00:00:00.000 UTC,2318.468276226666,0.0,2156.175496886666,0.6333333333333333,0.62,2,3
2026-03-14 06:00:00.000 UTC,11122480.63551703,6109185.52239783,2232674.95423994,0.78,0.75,1,1
2026-03-14 10:00:00.000 UTC,0.0,0.0,0.0,0.0,0.0,1,1
2026-03-14 12:00:00.000 UTC,24776526.34843652,21722845.015746992,576028.69784587,0.92,0.9,1,1
2026-03-14 14:00:00.000 UTC,442801.22837623337,0.0,332100.9212821733,0.78,0.75,1,3
2026-03-15 12:00:00.000 UTC,11124212.42095881,6344830.49974737,1998328.815971735,0.78,0.75,1,2
2026-03-15 16:00:00.000 UTC,11124313.387715,6661121.610818,1682113.42996825,0.78,0.75,1,1
2026-03-15 22:00:00.000 UTC,39601.611492785,27117.97844293,4761.318808755,0.83,0.805,1,2
2026-03-16 00:00:00.000 UTC,1974.6842382385714,1223.68124873,326.445878285,0.81,0.785,1,14
2026-03-16 02:00:00.000 UTC,235806.17989919413,143583.94385091166,46230.71508052083,0.8295166666666666,0.8042833333333334,7,12
2026-03-16 04:00:00.000 UTC,357408.9228787738,225920.4767296631,39604.48162776231,0.8148076923076922,0.7837461538461538,7,13
2026-03-16 06:00:00.000 UTC,143652.43048221,112815.95971434,2824.24682383,0.83,0.805,1,1
2026-03-16 08:00:00.000 UTC,7693424.723297782,3961877.6256742124,1808190.9167991225,0.78,0.75,2,4
2026-03-16 10:00:00.000 UTC,404985.8972364932,217301.9275374168,86437.4953899528,0.78,0.75,2,25
2026-03-16 12:00:00.000 UTC,3476835.0029339576,2262679.313419477,433616.12281255546,0.82,0.7931818181818182,5,11
2026-03-16 14:00:00.000 UTC,0.007434615,0.00688478,2.9405e-05,0.95,0.93,1,2
2026-03-16 16:00:00.000 UTC,3374936.6694664233,1837104.5889194338,694097.91907365,0.5733333333333333,0.5566666666666666,3,3
2026-03-16 18:00:00.000 UTC,86036.50684373181,46281.963773851814,20209.79264877,0.8132545454545455,0.7781454545454545,8,11
2026-03-16 20:00:00.000 UTC,677656.8416711267,435277.6386349517,66751.93464885889,0.864575,0.8418555555555555,8,36
2026-03-16 22:00:00.000 UTC,1681468.3395755664,917146.4541101377,434971.07592543,0.7092,0.69018125,5,16
2026-03-17 00:00:00.000 UTC,193317.647686565,121357.9461529,23285.9122671125,0.7925,0.74875,3,4
2026-03-17 02:00:00.000 UTC,24481.15694736643,21788.21685704857,244.82439557642857,0.8542857142857143,0.8357142857142857,1,14
2026-03-17 04:00:00.000 UTC,46502.39981982481,41387.0939303048,465.0659075336,0.8832,0.864,1,25
2026-03-17 06:00:00.000 UTC,1370638.767661689,737711.981521744,328592.220062146,0.34618000000000004,0.33528,5,10
2026-03-17 08:00:00.000 UTC,1322.4521443328572,302.6807871892857,927.1997070357144,0.95,0.93,2,14
2026-03-17 10:00:00.000 UTC,1235832.826497135,806718.0725103487,305531.47133707,0.93,0.9,1,8
2026-03-17 14:00:00.000 UTC,5434707.289271085,3210905.47334273,871865.53863411,0.805,0.7775,2,2
2026-03-17 16:00:00.000 UTC,730363.9876585767,642637.1285792934,14690.46031342,0.92,0.9,1,6
2026-03-17 20:00:00.000 UTC,118.1114892125,68.52200509875,41.3216798625,0.95,0.93,1,16
2026-03-18 08:00:00.000 UTC,4174574.809985154,2425391.395686854,1042973.450999368,0.9,0.87,2,5
2026-03-18 10:00:00.000 UTC,3589735.5974174975,2651883.11548506,578878.922190685,0.93,0.9,1,4
2026-03-18 12:00:00.000 UTC,2032415.080966324,1187908.885453314,337628.19106845,0.8,0.772,3,5
2026-03-18 14:00:00.000 UTC,873380.006320029,659003.506349464,120604.00718183401,0.852,0.8235,6,10
2026-03-18 16:00:00.000 UTC,2055885.4452522981,1172197.07858234,391228.34593773,0.888,0.865,5,5
2026-03-18 20:00:00.000 UTC,1850975.454396025,1276018.257159605,75193.824549485,0.78,0.73,1,2
2026-03-19 02:00:00.000 UTC,186648.37281457,140074.90018848,10177.03992724,0.83,0.805,1,1
2026-03-19 06:00:00.000 UTC,7250412.66474908,6664575.232960648,58698.16762773,0.8475,0.8175,3,4
2026-03-19 08:00:00.000 UTC,3626733.2941574636,2697124.8709930684,566760.8367736457,0.9042857142857144,0.7714285714285715,2,7
2026-03-19 12:00:00.000 UTC,3706137.7130821017,2335745.291963739,771052.6704125179,0.855,0.7475,10,18
2026-03-19 14:00:00.000 UTC,639021.20624706,429442.56669161,41983.69309356166,0.8516666666666666,0.82,4,6
2026-03-19 16:00:00.000 UTC,4067533.63619989,2526323.3292555967,442977.68018212664,0.8933333333333334,0.8633333333333334,2,3
2026-03-20 00:00:00.000 UTC,6173299.27860512,2609778.16950449,2021968.521442355,0.86,0.835,2,2
2026-03-20 04:00:00.000 UTC,46120.14278097,42430.50644596,0.02491253,0.94,0.92,1,1
2026-03-20 06:00:00.000 UTC,144252.7595540743,113013.46931587283,19699.069473871426,0.94,0.92,1,7
2026-03-20 08:00:00.000 UTC,174786.987005906,116535.35624267,35523.150903754,0.898,0.876,3,5
2026-03-20 10:00:00.000 UTC,301354.71904375,251724.735781555,25521.60573869,0.94,0.92,1,2
2026-03-20 12:00:00.000 UTC,61612.375350343886,54972.305493685,636.2478848977778,0.9216666666666666,0.9016666666666666,2,18
2026-03-20 14:00:00.000 UTC,4109661.266885823,2329818.3107992536,752571.14560833,0.5666666666666667,0.55,2,3
2026-03-20 16:00:00.000 UTC,3082.72022652,2392.47397073,474.45583993,0.95,0.93,1,1
2026-03-20 18:00:00.000 UTC,6331.83809651,4633.0492984,0.0,0.75,0.0,1,1
2026-03-20 20:00:00.000 UTC,442806.23600288667,0.0,332104.67700216,0.78,0.75,1,3
2026-03-21 02:00:00.000 UTC,146853.77993235388,122962.57753546275,12163.645794642778,0.94,0.92,4,18
2026-03-21 04:00:00.000 UTC,10349.291375261666,4698.180376734167,4824.2061976791665,0.8616666666666666,0.8433333333333334,4,12
2026-03-21 06:00:00.000 UTC,25349824.24762453,22227968.6645564,586873.15830567,0.92,0.9,1,1
2026-03-21 14:00:00.000 UTC,12326933.5448249,7003791.31391319,2241408.84470548,0.78,0.75,1,1
2026-03-21 16:00:00.000 UTC,12327017.9732584,7218329.36803593,2026934.111907865,0.78,0.75,1,2
2026-03-21 18:00:00.000 UTC,12327025.12689998,7285996.92606421,1959271.91911077,0.78,0.75,1,1
2026-03-22 00:00:00.000 UTC,222706.36533425,186469.3775032611,7303.830903287222,0.8348555555555555,0.8047444444444445,9,18
2026-03-22 02:00:00.000 UTC,12327207.96870648,7342407.051132055,1902998.9253978,0.78,0.75,1,2
2026-03-22 18:00:00.000 UTC,27015.58149412,14896.90394901,4824.47054169,0.78,0.73,1,1
2026-03-22 20:00:00.000 UTC,373869.468104025,244702.3552215011,40341.64504782834,0.8106166666666667,0.7781444444444444,9,18
2026-03-22 22:00:00.000 UTC,5965164.79497302,4338132.500585605,1030515.8148901076,0.93,0.9,1,4
2026-03-23 00:00:00.000 UTC,5830.933759105,4266.53522177,0.0,0.75,0.0,1,2
2026-03-23 06:00:00.000 UTC,55239.3100145675,38463.9706878825,947.9358206975,0.77,0.20125,3,4
2026-03-23 08:00:00.000 UTC,12967137.712792652,11019542.64093877,650881.300574612,0.74,0.72,3,5
2026-03-23 10:00:00.000 UTC,9089514.781104336,8020081.684477049,157276.60331327165,0.8516666666666666,0.8275,4,6
2026-03-23 12:00:00.000 UTC,51555.605256715,37259.2371099,376.3547275,0.39,0.365,2,2
2026-03-23 14:00:00.000 UTC,10679049.25987749,6688091.79983499,1107614.15987557,0.78,0.73,1,1
2026-03-24 12:00:00.000 UTC,17328729.21525869,10059894.3397699,2936652.57167411,0.78,0.75,1,1
2026-03-24 14:00:00.000 UTC,0.0,0.0,0.0,0.0,0.0,1,1
2026-03-24 16:00:00.000 UTC,0.0,0.0,0.0,0.0,0.0,1,1
2026-03-24 20:00:00.000 UTC,4.354794815,0.956805265,2.39734006,0.78,0.746,2,2
2026-03-25 04:00:00.000 UTC,10883.54909197,5891.528906936666,3903.665275833333,0.92,0.9,1,3
2026-03-25 06:00:00.000 UTC,52080949.59679097,45887697.92473234,2547585.200283255,0.95,0.93,1,2
2026-03-25 08:00:00.000 UTC,9580.54537921,8143.4634632,479.02737808,0.92,0.9,1,1
2026-03-25 10:00:00.000 UTC,16749.32611735,8820.69143288,4662.51609158,0.83,0.805,1,1
2026-03-25 12:00:00.000 UTC,9580.652310626667,8143.554349763333,479.0327297966666,0.92,0.9,1,3
2026-03-25 18:00:00.000 UTC,4118.581242653333,3544.2414911533333,182.61737907666668,0.9266666666666666,0.9066666666666666,2,3
2026-03-25 20:00:00.000 UTC,4462301.874197977,2967651.28614279,350388.4368038133,0.8866666666666666,0.8566666666666666,3,3
2026-03-26 06:00:00.000 UTC,25766595.27222352,23778138.05400561,184795.54916226,0.95,0.93,1,1
2026-03-26 08:00:00.000 UTC,34856614.5852264,17060936.967357602,14190859.029972268,0.8918181818181818,0.8604545454545454,4,11
2026-03-26 10:00:00.000 UTC,9146.317740194167,4919.4854361533335,2762.228140028333,0.9158333333333334,0.8941666666666666,3,12
2026-03-26 12:00:00.000 UTC,1387.12038611,1260.19792444,15.95283078,0.94,0.92,1,1
2026-03-26 14:00:00.000 UTC,479377.19474582,440040.87111050665,986.1480556433331,0.94,0.92,3,3
2026-03-26 16:00:00.000 UTC,151829.62309639333,77445.61939861668,44777.22719397667,0.5533333333333333,0.5366666666666667,3,3
2026-03-26 18:00:00.000 UTC,56199.407918095,40285.83514845,4954.688225615,0.83,0.805,1,2
2026-03-27 08:00:00.000 UTC,6836397.862870506,5161309.25000886,991448.8265745912,0.93,0.9,1,8
2026-03-27 10:00:00.000 UTC,33721.77290067,20035.447296462306,7102.804286801538,0.6991615384615385,0.6764307692307693,9,13
2026-03-27 12:00:00.000 UTC,58079.0599051875,38191.32829134,4206.5925340525,0.815,0.773125,7,8
2026-03-27 14:00:00.000 UTC,550342.9851959514,384426.18873157,22321.280252055712,0.6814,0.6464142857142857,5,7
2026-03-27 16:00:00.000 UTC,959.33562142,504.97433658,214.52737948,0.78,0.75,1,1
2026-03-27 22:00:00.000 UTC,19369.89330037,0.0,14527.41997527,0.78,0.75,1,2
2026-03-28 14:00:00.000 UTC,7.55133317,3.820975805,3.20176404,0.95,0.93,1,2
2026-03-28 16:00:00.000 UTC,7.632424285,3.813730835,3.284423745,0.95,0.93,1,2
2026-03-29 02:00:00.000 UTC,0.0,0.0,0.0,0.0,0.0,2,2
2026-03-29 12:00:00.000 UTC,1246168.380250046,265854.16081776,730849.1542010921,0.9,0.866,2,5
2026-03-29 14:00:00.000 UTC,1089611.2954550476,679721.742478405,300928.4234311325,0.93,0.9,1,4
2026-03-29 22:00:00.000 UTC,87842.380534187,65857.91731526,4849.285496816,0.742,0.719,6,10
2026-03-30 04:00:00.000 UTC,31569.79626653,22594.02309921,2819.662895345,0.83,0.805,1,2
2026-03-30 10:00:00.000 UTC,1539399.87148075,1129745.58959404,255714.29473863,0.93,0.9,1,2
2026-03-30 16:00:00.000 UTC,7.58136464,3.8641517,3.18651741,0.95,0.93,1,1
2026-03-30 18:00:00.000 UTC,945.76778288,498.93936537,210.38647179,0.78,0.75,1,1
