time_bucket,avg_total_collateral_base,avg_total_debt_base,avg_available_borrows_base,avg_current_liquidation_threshold,avg_ltv,sampled_user_count,account_data_call_count,user_state_observed,user_state_age,borrow_amount_value_usd,collateralization_ratio,borrow_capacity_utilization,remaining_borrow_capacity,risk_buffer,ltv_utilization,distance_to_liquidation,debt_expansion_ratio,capital_efficiency,overcollateral_margin,has_sampled_borrow_position
2025-04-01 00:00:00.000 UTC,101139269.53311454,41530811.84615004,41661461.569367275,0.8375,0.8125,4,4,True,0.0,295655002.0869922,2.4352827464048303,0.49921477249116225,0.41192171707080283,0.025000000000000022,0.9701492537313433,0.02985074626865669,0.41062993669884296,2.923246365648214,59608457.6869645,1
2025-04-02 00:00:00.000 UTC,52392575.62821847,32115199.78458496,16609169.348717831,0.8646499999999999,0.8285833333333334,4,4,True,0.0,263365998.9966048,1.6313949774451189,0.6591198686784931,0.31701379727115736,0.03606666666666647,0.9582875537307969,0.04171244626920312,0.612972341968388,5.026780910056209,20277375.84363351,1
2025-04-03 00:00:00.000 UTC,30985352.042524926,9922406.56039747,14587083.393577036,0.7943666666666667,0.7693111111111112,14,29,True,0.0,227103283.1268962,3.122765818344347,0.40483937360713756,0.47077352464988703,0.025055555555555498,0.9684584504776692,0.03154154952233079,0.3202289438822499,7.329375597063253,21062945.482127458,1
2025-04-04 00:00:00.000 UTC,50138002.69030857,40422125.493808165,5059326.66294757,0.83546,0.800625,7,9,True,0.0,217732247.91219062,1.2403603738746662,0.8887606612579086,0.10090802168961376,0.03483499999999995,0.9583044071529457,0.041695592847054264,0.8062173067301216,4.342658985781203,9715877.196500406,1
2025-04-05 00:00:00.000 UTC,93039856.5047017,57382177.4692676,23840016.10608027,0.915,0.89375,4,8,True,0.0,128024899.86069097,1.621406865477202,0.7064839663070112,0.2562344462007584,0.02124999999999999,0.976775956284153,0.023224043715846965,0.616748344472864,1.376022112138805,35657679.035434105,1
2025-04-06 00:00:00.000 UTC,31513488.509559173,12114153.419172222,12980327.43102304,0.8106424782969868,0.7802091238418445,60,108,True,0.0,303370795.65287447,2.6013776959176513,0.4827417427556769,0.41189750944538056,0.03043335445514228,0.9624577353519923,0.037542264648007695,0.38441169137772746,9.626696694047414,19399335.09038695,1
2025-04-07 00:00:00.000 UTC,64618912.48105012,24296244.057117205,26720986.885757048,0.8198481863127765,0.7921297853239657,54,110,True,0.0,437796022.0876094,2.6596255918873606,0.476236040413925,0.4135165056142524,0.027718400988810732,0.9661908125777862,0.03380918742221384,0.37599277246026425,6.775044724189621,40322668.42393291,1
2025-04-08 00:00:00.000 UTC,53017737.27976921,22185619.623480093,20729086.356389884,0.8228521324354657,0.7976856341189674,14,47,True,0.0,280705517.1429453,2.389734349526935,0.5169700949107449,0.39098398800017814,0.02516649831649831,0.9694155276209702,0.030584472379029837,0.41845655363239725,5.294558605202082,30832117.65628912,1
2025-04-09 00:00:00.000 UTC,22387282.944290653,12730298.34390089,6195226.741933198,0.8412093121693123,0.8136553439153439,32,58,True,0.0,358037817.89088506,1.7585827401300806,0.6726523193498934,0.27672972898719467,0.027553968253968386,0.9672448130859225,0.03275518691407753,0.5686397217375345,15.99291074231025,9656984.600389764,1
2025-04-10 00:00:00.000 UTC,63385428.61518971,26198650.480996657,24900502.74046688,0.8741842405063291,0.8506950421940929,10,93,True,0.0,371419356.55224293,2.419415788655477,0.5127022431751814,0.3928426972015413,0.02348919831223628,0.9731301512612132,0.02686984873878684,0.4133229206360277,5.859696221463048,37186778.13419305,1
2025-04-11 00:00:00.000 UTC,60631826.43563092,32650146.871620048,18236298.041032724,0.86226,0.8348000000000001,6,267,True,0.0,525538184.3521898,1.8570154270372647,0.6416275872221854,0.30077104901982593,0.02745999999999993,0.9681534571938859,0.0318465428061141,0.5384984881872675,8.667695090962193,27981679.56401087,1
2025-04-12 00:00:00.000 UTC,120626224.06315891,54391284.5387819,42149401.51146112,0.819,0.7853333333333333,7,12,True,0.0,210365634.37054276,2.217749131796113,0.5634027140689144,0.34942154443458356,0.03366666666666662,0.9588929588929589,0.04110704110704111,0.4509076277667704,1.7439461112568444,66234939.52437701,1
2025-04-13 00:00:00.000 UTC,76806477.91440949,40883462.95120984,21644890.761169575,0.8347760000000001,0.8086550000000001,7,110,True,0.0,275054673.03949213,1.8786685953210476,0.6538387871087624,0.28181074499067515,0.02612099999999995,0.968708971029354,0.03129102897064595,0.5322918595065507,3.581138993848978,35923014.963199645,1
2025-04-14 00:00:00.000 UTC,137254823.8403856,81363884.50201795,31078086.894964144,0.88,0.8575,7,10,True,0.0,222218037.77258146,1.6869256511097557,0.7236077728907706,0.22642619053669857,0.022499999999999964,0.9744318181818182,0.025568181818181768,0.5927943530541154,1.6190180538281123,55890939.33836764,1
2025-04-15 00:00:00.000 UTC,96775423.91601457,62840875.847735785,17997118.40242058,0.8638899999999999,0.8368400000000001,7,12,True,0.0,360688847.43402386,1.540007560532775,0.7773680733996468,0.18596785913373184,0.027049999999999796,0.9686881431663756,0.03131185683362436,0.6493474614202829,3.72707070492446,33934548.06827878,1
2025-04-16 00:00:00.000 UTC,63193691.189856395,36098637.99376726,14490392.478891976,0.8112038187255579,0.780618587531631,16,247,True,0.0,373853129.4672899,1.7505838087511036,0.7135665114846729,0.22930125153407588,0.030585231193926865,0.962296490120106,0.037703509879894015,0.5712380035740289,5.915988169516823,27095053.196089134,1
2025-04-17 00:00:00.000 UTC,43650700.11047351,37742181.9625812,2768463.1120511647,0.87555625,0.8458375,5,9,True,0.0,224443242.34163475,1.1565494584746108,0.9316608484769656,0.06342310902332818,0.029718750000000016,0.9660572921499904,0.033942707850009635,0.8646409305477639,5.141801661224261,5908518.147892311,1
2025-04-18 00:00:00.000 UTC,38320452.86772051,30635945.27870996,4990392.3333026385,0.8899999999999999,0.8675,2,134,True,0.0,234619127.4746189,1.2508330498406652,0.8599240711282105,0.13022790598349973,0.022499999999999853,0.9747191011235957,0.02528089887640428,0.7994672031790198,6.122556230859472,7684507.589010548,1
2025-04-19 00:00:00.000 UTC,43038756.80568336,34045641.27542144,5778953.22093285,0.8644164383561643,0.8379712328767124,3,74,True,0.0,164380464.31454554,1.2641488071118905,0.8548898414656331,0.1342732376547114,0.02644520547945195,0.9694068688354168,0.030593131164583176,0.7910461129055113,3.8193590269512327,8993115.530261919,1
2025-04-20 00:00:00.000 UTC,41135606.96232452,32905959.398748755,5349118.50412073,0.8642,0.83765,2,73,True,0.0,107341081.66128111,1.2500959617633485,0.8601723275089842,0.13003621191295187,0.026549999999999963,0.9692779449201574,0.030722055079842603,0.799938589185929,2.6094444591420074,8229647.563575767,1
2025-04-21 00:00:00.000 UTC,46625396.69067967,27552997.974301916,10662802.785100734,0.8571872628726287,0.8321813008130081,12,172,True,0.0,289139233.3319221,1.6922077493768979,0.7209844469246861,0.22869087540079222,0.02500596205962058,0.9708278889074717,0.029172111092528263,0.5909439903984711,6.201324897032362,19072398.716377754,1
2025-04-22 00:00:00.000 UTC,31713515.75512874,17723308.10989106,7942664.63441829,0.8214822922125564,0.7908132864086573,26,164,True,0.0,727265093.9092934,1.7893677387140834,0.6905371671066185,0.2504504607986831,0.030669005803899085,0.9626662606185995,0.0373337393814005,0.5588566164262261,22.932338991512772,13990207.64523768,1
2025-04-23 00:00:00.000 UTC,34431481.16273044,21718175.46184112,7072937.72768199,0.8442299999999999,0.81312,8,72,True,0.0,429036708.0661464,1.5853763233116254,0.7543360799868001,0.20542066413738622,0.03110999999999997,0.9631498525283395,0.03685014747166049,0.6307650652377237,12.460594013903393,12713305.70088932,1
2025-04-24 00:00:00.000 UTC,144594084.5654761,81467171.90928401,34059450.76042148,0.8320000000000001,0.8030000000000002,5,7,True,0.0,424817099.60288197,1.7748754642727218,0.7051809360185436,0.23555217257175165,0.028999999999999915,0.9651442307692308,0.03485576923076916,0.5634198117724069,2.9379977810261897,63126912.65619208,1
2025-04-25 00:00:00.000 UTC,24283901.332110245,19423030.79136308,3160237.16158399,0.87,0.8466666666666666,2,3,True,0.0,595160777.4837347,1.2502632361015804,0.8600628939899911,0.13013712740651168,0.023333333333333428,0.9731800766283524,0.026819923371647625,0.7998315643656603,24.50844983037229,4860870.540747166,1
2025-04-26 00:00:00.000 UTC,47093746.805320896,38325215.130592115,5347094.116809048,0.9027843137254902,0.8810980392156863,4,89,True,0.0,213191648.67726994,1.2287927581058646,0.8775632841735467,0.11354148861659284,0.02168627450980387,0.9759784544546284,0.024021545545371614,0.8138068794785709,4.526962986372162,8768531.674728781,1
2025-04-27 00:00:00.000 UTC,70064941.77179919,62589191.61410224,2571204.2336710114,0.95,0.93,4,5,True,0.0,255682461.55679846,1.1194415515667495,0.9605403834611775,0.03669744338110489,0.019999999999999907,0.9789473684210527,0.021052631578947323,0.8933025566188951,3.649221066786206,7475750.157696955,1
2025-04-28 00:00:00.000 UTC,118368277.60690074,74177086.07135153,23115921.74998836,0.8916666666666666,0.8695833333333334,6,9,True,0.0,422752830.3510145,1.5957525952561866,0.7624092186312468,0.1952881482888176,0.022083333333333233,0.9752336448598132,0.02476635514018677,0.6266635586072521,3.571504451175426,44191191.53554921,1
2025-04-29 00:00:00.000 UTC,47330099.763487466,28622974.81317842,10317941.098121816,0.855,0.83125,5,10,True,0.0,321680604.61479706,1.6535702550978741,0.7350359934618883,0.21799956369586046,0.023749999999999938,0.9722222222222223,0.02777777777777768,0.6047520490387694,6.796533415781129,18707124.950309046,1
2025-04-30 00:00:00.000 UTC,12818286.786853565,9979603.009590138,1717775.75406504,0.7876530612244899,0.7620739795918368,6,121,True,0.0,295742958.3005732,1.2844485671960624,0.8531486593045677,0.1340097770184695,0.0255790816326531,0.9675249384635315,0.03247506153646851,0.7785442138668031,23.07195674572418,2838683.777263427,1
2025-05-01 00:00:00.000 UTC,57549348.21681565,31063875.38951516,14594311.890300227,0.808,0.7760125,5,8,True,0.0,474890359.0748207,1.8526132845691237,0.6803571766689017,0.2535964757640094,0.03198750000000006,0.96041150990099,0.03958849009901,0.5397780574765648,8.25188075607188,26485472.82730049,1
2025-05-02 00:00:00.000 UTC,114842135.72984512,70713640.94192316,23172650.8358915,0.8433583333333333,0.808125,5,7,True,0.0,386358874.20244503,1.624045010271279,0.7531838738425155,0.20177829930299182,0.03523333333333334,0.9582225823345157,0.04177741766548426,0.6157464809629636,3.3642606152093553,44128494.787921965,1
2025-05-03 00:00:00.000 UTC,23874606.622651502,19095987.784503117,3107396.2304424,0.8899999999999999,0.8675,2,2,True,0.0,201867479.51533952,1.2502420347182226,0.8600485300641221,0.1301548661955417,0.022499999999999853,0.9747191011235957,0.02528089887640428,0.7998451277679032,8.455321702507709,4778618.838148385,1
2025-05-04 00:00:00.000 UTC,47947365.78081531,38350206.86659689,6240843.30956135,0.95,0.93,1,1,True,0.0,353820177.17292917,1.2502505122750085,0.8600426927621863,0.13016029573116686,0.019999999999999907,0.9789473684210527,0.021052631578947323,0.7998397042688332,7.3793454845959365,9597158.914218418,1
2025-05-05 00:00:00.000 UTC,115044820.13483427,76383732.59286954,20299706.621277656,0.9026666666666668,0.8804333333333334,3,4,True,0.0,447685971.32234013,1.506142947321401,0.790039465018252,0.1764504181716838,0.022233333333333438,0.9753692762186114,0.02463072378138864,0.6639476032327805,3.8914048524535514,38661087.54196474,1
2025-05-06 00:00:00.000 UTC,89938407.98695105,49258508.24025968,21862416.467061717,0.8615124999999999,0.8374645833333334,6,173,True,0.0,296194373.7891083,1.825845142290426,0.69260219046602,0.2430820931390478,0.024047916666666502,0.9720863984368578,0.027913601563142154,0.5476915740759662,3.293302387919546,40679899.746691376,1
2025-05-07 00:00:00.000 UTC,47952049.97655871,38353464.77294725,6241941.70525235,0.95,0.93,1,1,True,0.0,381855812.69318277,1.250266442952029,0.8600317342481515,0.13017048714921917,0.019999999999999907,0.9789473684210527,0.021052631578947323,0.799829512850781,7.963284424333318,9598585.203611456,1
2025-05-08 00:00:00.000 UTC,37688110.50295999,21556161.51090722,8780808.469410356,0.8633101637362637,0.8377843659340659,57,209,True,0.0,676919689.9280888,1.7483683485990837,0.7105574988172093,0.23298616864118776,0.02552579780219777,0.9704326453290827,0.029567354670917312,0.5719618527762017,17.961093854119436,16131948.992052767,1
2025-05-09 00:00:00.000 UTC,43476573.88723551,28321155.785943396,8268468.021651384,0.889206734006734,0.865780260942761,33,221,True,0.0,674371736.5421982,1.535127104834266,0.7740215077058231,0.1901821436780455,0.023426473063973052,0.9736546382657111,0.02634536173428892,0.6514118582434651,15.511151782366875,15155418.101292111,1
2025-05-10 00:00:00.000 UTC,59834605.3669946,49955151.91475945,5021525.968318509,0.8945523809523809,0.8654595238095238,12,124,True,0.0,327863253.6283964,1.1977664579840108,0.9086607965108755,0.08392344091715921,0.02909285714285703,0.9674777489140619,0.03252225108593809,0.8348872965462097,5.4794922038417795,9879453.452235147,1
2025-05-11 00:00:00.000 UTC,66208209.0342362,52951603.9806122,8622030.42122747,0.95,0.93,1,1,True,0.0,449898178.3573558,1.2503532293087438,0.8599720399000864,0.1302260028929196,0.019999999999999907,0.9789473684210527,0.021052631578947323,0.7997739971070805,6.7952023611560595,13256605.053623997,1
2025-05-12 00:00:00.000 UTC,86179143.22393249,39508177.17806637,27383284.061040763,0.810625,0.7815541666666667,7,13,True,0.0,708547049.4570861,2.1812988950494097,0.5906310976948502,0.3177483905808459,0.02907083333333338,0.9641377537907992,0.035862246209200754,0.4584424455857749,8.22179268614866,46670966.04586612,1
2025-05-13 00:00:00.000 UTC,47880809.64908272,32259238.1113602,8656135.850564716,0.558039264354067,0.5435545753588517,22,56,True,0.0,710652878.7363418,1.4842510999111702,0.7884380609934066,0.18078507681898706,0.014484688995215378,0.9740436024479721,0.025956397552027943,0.6737404473271728,14.842123262841614,15621571.53772252,1
2025-05-14 00:00:00.000 UTC,37786394.833647005,22498469.397111177,8545924.2637443,0.5607166666666666,0.5399166666666667,6,10,True,0.0,602334314.1902584,1.6795095775937012,0.7247192405461591,0.2261640545854498,0.02079999999999993,0.9629046161162799,0.037095383883720134,0.5954119067500282,15.940507604443598,15287925.436535828,1
2025-05-15 00:00:00.000 UTC,19051154.197451167,15521412.96223897,1462344.1739251788,0.3284552083333333,0.3202923611111111,7,25,True,0.0,451767469.7925986,1.2274110768007702,0.9138974867456533,0.07675882304920005,0.008162847222222214,0.9751477613533893,0.02485223864661068,0.8147229717092711,23.71339106861253,3529741.2352121975,1
2025-05-16 00:00:00.000 UTC,63069602.520158105,46123616.25683656,8680319.102356289,0.8456,0.8138833333333334,8,15,True,0.0,627309448.1797004,1.3674036781712613,0.8416113907611884,0.1376307881373109,0.031716666666666615,0.9624921160517188,0.037507883948281195,0.7313129370380078,9.946304132473353,16945986.26332154,1
2025-05-17 00:00:00.000 UTC,63069602.520158105,46123616.25683656,8680319.102356289,0.8456,0.8138833333333334,0,0,False,1.0,325871913.4313233,1.3674036781712613,0.8416113907611884,0.1376307881373109,0.031716666666666615,0.9624921160517188,0.037507883948281195,0.7313129370380078,5.1668616958093105,16945986.26332154,1
2025-05-18 00:00:00.000 UTC,20677086.78595862,18700024.060834005,498214.9508251895,0.8496775,0.8195225,11,19,True,0.0,269700172.23101795,1.1057251433844648,0.9740489244600705,0.02409502634401655,0.030154999999999932,0.9645100641125605,0.03548993588743954,0.9043838841713815,13.043431844285033,1977062.7251246162,1
2025-05-19 00:00:00.000 UTC,46792670.97987057,19828024.942371696,17745811.153154977,0.8108733333333333,0.7670533333333334,6,9,True,0.0,404129501.9939751,2.3599259692212966,0.5277082939298899,0.37924338964939464,0.04381999999999997,0.9459595004562982,0.054040499543701825,0.4237421059144365,8.636598286253522,26964646.037498876,1
2025-05-20 00:00:00.000 UTC,15686142.70445308,13824164.824437885,759712.3150621769,0.8689285714285714,0.84675,7,145,True,0.0,689314090.9091752,1.1346900810039284,0.9479073837639159,0.04843206704007002,0.02217857142857138,0.9744759556103576,0.025524044389642397,0.8812979127439274,43.944142540121625,1861977.8800151963,1
2025-05-21 00:00:00.000 UTC,24594014.97438619,8066634.174185431,10872770.944831371,0.8128125313283208,0.7762889724310778,11,33,True,0.0,701873545.5338519,3.048857112312236,0.4259180329843534,0.4420901164838268,0.036523558897243014,0.9550652118545033,0.044934788145496674,0.3279917566361796,28.538388151134686,16527380.800200759,1
2025-05-22 00:00:00.000 UTC,22639036.85949763,7432816.405186487,9917213.001858354,0.8204633333333333,0.78655,8,14,True,0.0,390574828.01549786,3.0458221521118847,0.42840367764267023,0.4380580792109908,0.03391333333333335,0.9586656320209312,0.041334367979068753,0.328318578714988,17.252272278166384,15206220.454311142,1
2025-05-23 00:00:00.000 UTC,35073686.32721533,27690700.17059803,3567011.4187464565,0.84027,0.8159858823529411,8,76,True,0.0,703253010.8949776,1.2666233107553038,0.8858837951540117,0.10170049949892618,0.024284117647058845,0.97109962554053,0.028900374459470024,0.789500707517918,20.050729892890967,7382986.156617299,1
2025-05-24 00:00:00.000 UTC,16785698.078972634,14916100.206427408,692920.6209663817,0.8566666666666668,0.8333333333333334,4,7,True,0.0,271380223.6761189,1.1253409300468233,0.9556076816970922,0.04128041727584748,0.023333333333333428,0.9727626459143968,0.027237354085603238,0.8886195936713969,16.167348084026106,1869597.8725452255,1
2025-05-25 00:00:00.000 UTC,20919209.924511164,6167924.854705087,9678394.161459647,0.8070833333333334,0.7741666666666667,3,8,True,0.0,125131333.3473704,3.3916123197501884,0.3892339191463471,0.46265581713578074,0.032916666666666705,0.9592152813629323,0.040784718637067674,0.2948450193368963,5.981647194082281,14751285.069806077,1
2025-05-26 00:00:00.000 UTC,119928238.1840933,96557659.983956,10356159.861149626,0.8303125,0.796825,4,5,True,0.0,533767070.59990144,1.2420375369910637,0.9031354423950674,0.08635297256057929,0.0334875,0.9596687993978171,0.04033120060218287,0.8051286456467176,4.450720519887515,23370578.200137302,1
2025-05-27 00:00:00.000 UTC,67673434.3372,23866487.223219916,27978979.29110409,0.7850666666666667,0.7407333333333334,3,4,True,0.0,561077983.4216259,2.8355004112779496,0.4603389423957834,0.4134411023340673,0.044333333333333336,0.9435292119565217,0.05647078804347827,0.35267143535673257,8.290963639083438,43806947.113980085,1
2025-05-28 00:00:00.000 UTC,119321953.11821616,45827183.57489209,45931398.37301614,0.7995,0.769,1,1,True,0.0,764417414.0216802,2.6037374285333685,0.49943212506170154,0.3849366958275516,0.03049999999999997,0.9618511569731082,0.03814884302689181,0.3840633041724485,6.406343460237756,73494769.54332407,1
2025-05-29 00:00:00.000 UTC,117236820.2538083,85928793.85284612,19544492.967144124,0.8956999999999999,0.8725200000000001,6,137,True,0.0,897051902.8525677,1.3643484913168626,0.8146972228095969,0.1667095109269585,0.023179999999999867,0.9741207993747908,0.02587920062520921,0.7329505667828348,7.651622595277852,31308026.40096219,1
2025-05-30 00:00:00.000 UTC,137440987.08920118,104648176.04120708,17889947.830926225,0.8528708333333332,0.8233083333333333,8,100,True,0.0,509695466.4637507,1.3133624711727547,0.8540050454045296,0.13016457615598606,0.029562499999999936,0.9653376585942577,0.034662341405742314,0.7614044271472592,3.708467737742243,32792811.047994107,1
2025-05-31 00:00:00.000 UTC,24909935.840857428,9629131.000762738,9447826.267031929,0.8575645833333333,0.831265625,5,136,True,0.0,767025035.4310583,2.5869349829059622,0.504751930068976,0.3792794299989945,0.02629895833333329,0.9693329705488655,0.03066702945113453,0.3865578403043889,30.791931393616004,15280804.84009469,1
2025-06-01 00:00:00.000 UTC,112031559.87883312,102075995.0348943,2108796.1648403653,0.87,0.8466666666666667,7,81,True,0.0,258100700.62957454,1.0975309115579577,0.979759078647117,0.01882323308825761,0.023333333333333317,0.9731800766283525,0.026819923371647514,0.9111360686693448,2.303821359880389,9955564.843938813,1
2025-06-02 00:00:00.000 UTC,51032911.7997655,31846924.166513436,11272076.111262668,0.8734999999999999,0.849175,2,5,True,0.0,349902245.87071234,1.60244397647123,0.738582155461698,0.22087856079014612,0.02432499999999993,0.9721522610188896,0.02784773898111037,0.6240467777239349,6.85640371146371,19185987.633252062,1
2025-06-03 00:00:00.000 UTC,203459377.6352795,187747941.38371167,1469279.817098267,0.8549999999999999,0.8370000000000001,5,6,True,0.0,588253657.9179844,1.0836836672390322,0.9922349572212618,0.00722148978422657,0.017999999999999794,0.9789473684210529,0.0210526315789471,0.9227785102157734,2.891258514377674,15711436.25156784,1
2025-06-04 00:00:00.000 UTC,30049404.368123684,11806925.835818702,11478357.60904034,0.5332666666666667,0.5166000000000001,3,5,True,0.0,374319519.6630044,2.545065903349941,0.507055276513091,0.38198286623000577,0.016666666666666607,0.9687460932616578,0.03125390673834216,0.3929171337699942,12.456803305561737,18242478.53230498,1
2025-06-05 00:00:00.000 UTC,84496228.4274009,72754362.0155743,4880340.859168199,0.875975,0.851225,6,35,True,0.0,513850813.2818435,1.1613905487799212,0.9371371219512201,0.057758091100615035,0.02474999999999994,0.9717457690002569,0.028254230999743113,0.8610367985605984,6.081346148169723,11741866.411826596,1
2025-06-06 00:00:00.000 UTC,25223892.06126495,10209129.57217106,9566149.07640934,0.8507171957671957,0.8272251322751322,5,66,True,0.0,608576996.4005296,2.470719161996185,0.516257179157571,0.379249524743233,0.023492063492063564,0.9723855781816213,0.027614421818378698,0.4047404558889903,24.127006051341713,15014762.48909389,1
2025-06-07 00:00:00.000 UTC,25223892.06126495,10209129.57217106,9566149.07640934,0.8507171957671957,0.8272251322751322,0,0,False,1.0,548099007.1769712,2.470719161996185,0.516257179157571,0.379249524743233,0.023492063492063564,0.9723855781816213,0.027614421818378698,0.4047404558889903,21.729359047593572,15014762.48909389,1
2025-06-08 00:00:00.000 UTC,226847963.0768548,198158240.33416823,10265356.12913862,0.912475,0.891225,4,4,True,0.0,410026420.8976424,1.1447818808559516,0.9507476298109756,0.045252141522032434,0.02124999999999999,0.976711690731253,0.02328830926874703,0.8735288501005114,1.8074943911166077,28689722.74268657,1
2025-06-09 00:00:00.000 UTC,69262357.07477506,49149915.7325026,11255377.844081566,0.8057944444444445,0.7723222222222222,9,15,True,0.0,613774060.7703865,1.4092060188207443,0.8136690151201473,0.16250353466790562,0.03347222222222224,0.9584605944444061,0.04153940555559388,0.7096194499912957,8.861582058314319,20112441.342272453,1
2025-06-10 00:00:00.000 UTC,30516230.448132087,23979485.223962795,3485770.1658044197,0.8102690476190476,0.776447619047619,14,33,True,0.0,1034591287.3094295,1.2725973957788341,0.8730843709138375,0.11422676112402295,0.03382142857142856,0.9582590144954792,0.04174098550452077,0.7857944730336309,33.9029844812552,6536745.224169292,1
2025-06-11 00:00:00.000 UTC,2182795.563121408,1345924.1416918274,388140.02562316664,0.7889333333333334,0.7552166666666666,8,16,True,0.0,682843736.5315841,1.6217820124525242,0.7761674377804839,0.17781785531400135,0.03371666666666673,0.9572629711002196,0.04273702889978037,0.6166056796300013,312.829908612749,836871.4214295808,1
2025-06-12 00:00:00.000 UTC,2754415.092241018,2284716.826057148,255057.05816112025,0.8781333333333332,0.8537333333333332,8,84,True,0.0,496577937.7095961,1.2055827054044383,0.899574895329855,0.09259935398974431,0.024399999999999977,0.9722137868205284,0.02778621317947161,0.8294744072863328,180.28435115259828,469698.2661838699,1
2025-06-13 00:00:00.000 UTC,911402.1472008236,726856.5736259237,87955.30434895706,0.8995652173913044,0.8770869565217392,15,169,True,0.0,826528868.3711838,1.2538954454993705,0.892054464685076,0.09650548291892105,0.02247826086956517,0.9750120831319479,0.02498791686805213,0.7975146600853508,906.8761478230988,184545.57357489993,1
2025-06-14 00:00:00.000 UTC,155.370301685,0.0,116.527726265,0.78,0.75,1,2,True,0.0,672177294.838021,,0.0,0.7500000000080453,0.030000000000000027,0.9615384615384615,0.03846153846153855,0.0,4326292.010430688,155.370301685,0
2025-06-15 00:00:00.000 UTC,155.370301685,0.0,116.527726265,0.78,0.75,0,0,False,1.0,413702333.96792763,,0.0,0.7500000000080453,0.030000000000000027,0.9615384615384615,0.03846153846153855,0.0,2662686.0441236305,155.370301685,0
2025-06-16 00:00:00.000 UTC,174472.680767055,69419.88753754,67393.25332672,0.8103,0.78415,1,2,True,0.0,605755467.9066659,2.51329535318976,0.5074065773142024,0.3862682285297104,0.026150000000000007,0.9677280019745773,0.03227199802542269,0.3978839966941592,3471.9215939338533,105052.793229515,1
2025-06-17 00:00:00.000 UTC,1695784.5768007643,1390992.7718393449,183244.48190506516,0.9289130434782608,0.907608695652174,4,125,True,0.0,581605362.1700187,1.2191181802895967,0.8835979256181314,0.10805882092097499,0.02130434782608681,0.9770652937046573,0.022934706295342666,0.8202650211995477,342.97125361716905,304791.80496141943,1
2025-06-18 00:00:00.000 UTC,1695784.5768007643,1390992.7718393449,183244.48190506516,0.9289130434782608,0.907608695652174,0,0,False,1.0,814031086.2972606,1.2191181802895967,0.8835979256181314,0.10805882092097499,0.02130434782608681,0.9770652937046573,0.022934706295342666,0.8202650211995477,480.03213228474846,304791.80496141943,1
2025-06-19 00:00:00.000 UTC,38472772.87567487,13019517.502285872,17327217.954522446,0.82545,0.7902625000000001,6,29,True,0.0,935545566.5888714,2.955007577578824,0.42902530721356164,0.45037611431116525,0.03518749999999993,0.9573717366285057,0.04262826337149428,0.3384086076758378,24.317081838943494,25453255.373389002,1
2025-06-20 00:00:00.000 UTC,45263681.32555383,13191689.54390047,21889773.249591764,0.7998416666666668,0.7734333333333334,8,12,True,0.0,896566238.3616428,3.4312269990073183,0.37603020209144716,0.4836056769698444,0.026408333333333367,0.9669830487283941,0.033016951271605866,0.2914409336045992,19.807629695719914,32071991.78165336,1
2025-06-21 00:00:00.000 UTC,1647790.7984687325,1320478.243385726,171959.7626767191,0.7965007936507936,0.7597309523809525,24,51,True,0.0,1001703758.4018273,1.2478742506531364,0.8847792926887416,0.10435776364118476,0.036769841269841175,0.953835775729356,0.04616422427064404,0.801362797154121,607.907119843548,327312.5550830066,1
2025-06-22 00:00:00.000 UTC,421885.1334160867,268117.44526097877,47322.06386270143,0.8034749999999999,0.7718625,7,15,True,0.0,802700347.6006535,1.5735087025218906,0.8499805430392456,0.11216812377228225,0.03161249999999993,0.9606552786334361,0.03934472136656386,0.6355223828106461,1902.6514186480838,153767.68815510796,1
2025-06-23 00:00:00.000 UTC,16492584.179607116,5559985.623131391,7351106.241265032,0.69240625,0.6695104166666667,10,25,True,0.0,701269358.0035278,2.966299788796661,0.4306363614733147,0.44572191726961674,0.022895833333333337,0.9669329482029757,0.033067051797024294,0.33712034224486465,42.52028368426574,10932598.556475725,1
2025-06-24 00:00:00.000 UTC,58064.140626876666,26337.17212829375,12905.983812355837,0.7741666666666666,0.735,6,12,True,0.0,750934145.8994052,2.2046459788482364,0.671127780042091,0.22227115863628108,0.03916666666666657,0.9494079655543597,0.05059203444564031,0.45358756444081133,12932.838371361579,31726.968498582915,1
2025-06-25 00:00:00.000 UTC,10956417.87598503,9818744.313834654,370623.2358848904,0.812625,0.7950625,4,9,True,0.0,768671271.4772525,1.115867520915825,0.9636264729801516,0.03382704457606038,0.017562500000000036,0.9783879403168743,0.02161205968312574,0.8961637302421623,70.15716999641596,1137673.562150376,1
2025-06-26 00:00:00.000 UTC,8939397.21027105,3061959.7967882543,3875479.300953346,0.8387055555555555,0.8095013888888888,8,20,True,0.0,968284596.259463,2.9195018235209185,0.4413674489459718,0.43352803436237936,0.029204166666666698,0.965179476309392,0.03482052369060795,0.34252419092309394,108.31654232199665,5877437.413482795,1
2025-06-27 00:00:00.000 UTC,8939397.21027105,3061959.7967882543,3875479.300953346,0.8387055555555555,0.8095013888888888,0,0,False,1.0,901335275.3701117,2.9195018235209185,0.4413674489459718,0.43352803436237936,0.029204166666666698,0.965179476309392,0.03482052369060795,0.34252419092309394,100.82729899668286,5877437.413482795,1
2025-06-28 00:00:00.000 UTC,23339444.53396642,20413398.36750466,925894.1031282368,0.865,0.8300000000000001,3,4,True,0.0,786086824.5761162,1.1433394927088487,0.9566108340094944,0.039670785728459064,0.03499999999999992,0.9595375722543353,0.040462427745664664,0.8746308566939792,33.68061409653972,2926046.1664617583,1
2025-06-29 00:00:00.000 UTC,19055137.257480893,7003484.643471286,7758693.261545453,0.7962333333333333,0.7563833333333334,3,7,True,0.0,922932255.8335621,2.720808030220252,0.4744208265564419,0.40717068351210395,0.03984999999999994,0.9499518566584335,0.05004814334156649,0.36753787437147817,48.43482591400523,12051652.614009608,1
2025-06-30 00:00:00.000 UTC,15186496.473411242,7012372.700163019,5298533.792242082,0.907985,0.8872350000000001,7,27,True,0.0,867825893.3330983,2.165671609704686,0.5696065277150081,0.3488977066908644,0.020749999999999935,0.9771471995682749,0.022852800431725107,0.46175052372615316,57.14457543598035,8174123.773248223,1
2025-07-01 00:00:00.000 UTC,29545693.298752252,11516051.36195043,11065070.688013166,0.784975,0.741225,3,3,True,0.0,1202827619.579818,2.565609719002522,0.5099857897437384,0.3745070584781457,0.043749999999999956,0.944265740947164,0.05573425905283602,0.3897708964046129,40.7107596839034,18029641.93680182,1
2025-07-02 00:00:00.000 UTC,27917385.11570144,13594070.100767856,8974184.799737725,0.830646619047619,0.8039945714285714,21,39,True,0.0,1118581042.670703,2.0536443396834136,0.6023536228520406,0.32145506330714396,0.026652047619047603,0.9679140960693904,0.032085903930609616,0.4869392331849235,40.067543505053585,14323315.014933584,1
2025-07-03 00:00:00.000 UTC,18949350.761671867,7129721.263024061,7462958.962837999,0.8441666666666667,0.7998166666666666,8,18,True,0.0,1236511623.0550106,2.657796856652223,0.4885820255547246,0.3938371850677356,0.04435000000000011,0.9474629812438301,0.052537018756169895,0.3762514796784003,65.25350860864614,11819629.498647805,1
2025-07-04 00:00:00.000 UTC,48303772.686711065,18447623.572861627,18725558.935522195,0.82925,0.8043083333333333,5,6,True,0.0,1276861192.5243196,2.6184279235711934,0.4962616146384845,0.38766245148122386,0.02494166666666675,0.9699226208421263,0.030077379157873674,0.3819085455810946,26.43398479050062,29856149.11384944,1
2025-07-05 00:00:00.000 UTC,48303772.686711065,18447623.572861627,18725558.935522195,0.82925,0.8043083333333333,0,0,False,1.0,912785592.4594917,2.6184279235711934,0.4962616146384845,0.38766245148122386,0.02494166666666675,0.9699226208421263,0.030077379157873674,0.3819085455810946,18.89677641495298,29856149.11384944,1
2025-07-06 00:00:00.000 UTC,28134.18558412,15361.79314122,7286.226254,0.83,0.805,1,1,True,0.0,994079725.2736883,1.8314389033548493,0.678284174573879,0.2589812394680663,0.02499999999999991,0.9698795180722892,0.030120481927710774,0.5460187605320546,35333.51702331787,12772.392442900002,1
2025-07-07 00:00:00.000 UTC,50059984.76142395,20503506.73357881,18169039.115807977,0.4954466666666667,0.4805133333333333,6,9,True,0.0,706622640.3245519,2.4415328271353793,0.5301824920818842,0.36294535850136683,0.01493333333333341,0.9698588479082846,0.030141152091715417,0.4095787649815415,14.115518486315498,29556478.027845144,1
2025-07-08 00:00:00.000 UTC,38357091.29576953,14346357.163154837,15262165.383765442,0.7972111111111112,0.7606333333333334,4,5,True,0.0,930709347.4553075,2.6736467564240267,0.48453471936738257,0.3978968391028319,0.03657777777777782,0.9541178274261661,0.04588217257383387,0.3740209874761052,24.264335902810156,24010734.13261469,1
2025-07-09 00:00:00.000 UTC,7956876.603030031,3170327.2897738456,2973093.337860764,0.8107972222222223,0.7795683333333334,16,29,True,0.0,979493724.1745237,2.5097965843134236,0.5160524538256323,0.37365080372474174,0.03122888888888886,0.9614837248661298,0.03851627513387024,0.3984386648105821,123.10027829280727,4786549.3132561855,1
2025-07-10 00:00:00.000 UTC,32697650.3066768,16419077.179925608,10115147.945488416,0.8255841666666667,0.7968397222222222,20,37,True,0.0,2175169289.5878263,1.9914426339778586,0.6187886438108079,0.30935397041122925,0.02874444444444446,0.9651829024767984,0.03481709752320161,0.502148534403185,66.52371865215223,16278573.126751194,1
2025-07-11 00:00:00.000 UTC,41091351.367386036,17017964.77413697,14733324.512639085,0.8066140909090909,0.7780122727272727,11,19,True,0.0,1196637427.036609,2.4145866978073993,0.5359771258556326,0.35855049839837677,0.028601818181818173,0.9645408894982449,0.0354591105017551,0.41414955234701845,29.121393850930225,24073386.593249064,1
2025-07-12 00:00:00.000 UTC,340851.9957613375,190921.94283287,87821.53868432701,0.88,0.8575,2,7,True,0.0,926873840.952517,1.7852950305440474,0.684937785069213,0.2576529982996465,0.022499999999999964,0.9744318181818182,0.025568181818181768,0.5601315092975204,2719.285356925146,149930.0529284675,1
2025-07-13 00:00:00.000 UTC,171971.06958931335,71767.58013760667,66669.13088179,0.83,0.805,1,3,True,0.0,999643530.6444978,2.3962222114717706,0.518414368624744,0.3876764332570794,0.02499999999999991,0.9698795180722892,0.030120481927710774,0.4173235667429172,5812.858715316252,100203.48945170669,1
2025-07-14 00:00:00.000 UTC,34574450.84627941,14719993.005276617,12121356.238868326,0.7301809867909868,0.6997485101010101,22,71,True,0.0,1444073345.670168,2.3488089181758203,0.5484073423949645,0.3505870937115033,0.030432476689976617,0.9583220088710858,0.04167799112891424,0.4257477022765395,41.767065284438665,19854457.841002796,1
2025-07-15 00:00:00.000 UTC,227960.68078225548,103114.21667954265,72493.96065602766,0.79299375,0.7516093749999999,13,24,True,0.0,1029075875.0050049,2.2107589828346312,0.5871834571946004,0.31801080961533346,0.04138437500000014,0.9478124827591641,0.05218751724083592,0.45233334242423917,4514.26917779721,124846.46410271284,1
2025-07-16 00:00:00.000 UTC,28691192.109819543,11974466.397895196,10443037.103018228,0.8284204938271604,0.8018592592592593,36,70,True,0.0,1543099271.3172767,2.396030950895876,0.5341569991238,0.36398059247751174,0.02656123456790116,0.9679374970008373,0.03206250299916269,0.4173568791446955,53.78303088316613,16716725.711924346,1
2025-07-17 00:00:00.000 UTC,873856.0815907767,269898.62910463766,402772.0334984135,0.7728787878787878,0.7353787878787879,11,20,True,0.0,1434330061.6085057,3.237719600465215,0.4012344288365482,0.46091346387977655,0.03749999999999998,0.9514801019407959,0.04851989805920409,0.30885935886983973,1641.3801904284244,603957.452486139,1
2025-07-18 00:00:00.000 UTC,25886116.649390195,11434527.370291842,8826561.29489479,0.8523268516483518,0.8285428571428571,26,59,True,0.0,2047557766.3648422,2.263855410119107,0.5643589818517046,0.34097664838819,0.02378399450549462,0.9720952185660962,0.027904781433903847,0.44172432370466075,79.09868421353487,14451589.279098352,1
2025-07-19 00:00:00.000 UTC,97834538.2639588,51359055.09143512,27998287.587278012,0.8509875,0.8209875,5,5,True,0.0,973427552.8802558,1.904913127583497,0.6471871834137374,0.28617999414213297,0.030000000000000027,0.9647468382320539,0.03525316176794613,0.5249583225186565,9.949733193955863,46475483.17252368,1
2025-07-20 00:00:00.000 UTC,6836417.1036120225,5651752.5476014605,673576.3853451969,0.8675151515151516,0.843939393939394,18,53,True,0.0,915833653.7563007,1.209610124652984,0.8935112477966562,0.09852769003654162,0.023575757575757583,0.9728238088584602,0.027176191141539796,0.8267126569289278,133.96398140663766,1184664.556010562,1
2025-07-21 00:00:00.000 UTC,55103050.23061161,20439191.106814347,21971966.048879243,0.7461767901234568,0.7175545679012346,17,29,True,0.0,1906294106.5014749,2.6959506343790904,0.4819295788554177,0.3987431903846418,0.028622222222222216,0.961641500243546,0.038358499756454,0.3709266732290563,34.59507411156822,34663859.12379726,1
2025-07-22 00:00:00.000 UTC,62192195.37813681,24183393.07303438,24374161.582245123,0.6603766666666667,0.6428888888888888,9,25,True,0.0,968256287.5884657,2.571690216931719,0.49803564542567014,0.3919167257892567,0.01748777777777788,0.9735184801939633,0.026481519806036746,0.38884932307013986,15.568774855129952,38008802.30510244,1
2025-07-23 00:00:00.000 UTC,39296104.92333256,24062282.40146477,9509637.194899758,0.78178,0.7595500000000001,12,23,True,0.0,1138120390.6127734,1.6330996481422908,0.7167383542783908,0.24199948604201968,0.022229999999999972,0.9715648903783674,0.028435109621632648,0.6123325059420199,28.962676907374608,15233822.521867786,1
2025-07-24 00:00:00.000 UTC,4430747.898022237,2495237.68326071,1256228.052022575,0.904656826923077,0.8832877884615385,14,83,True,0.0,828675135.2893685,1.7756817026874387,0.6651367383666872,0.2835250573798884,0.02136903846153848,0.9763788457395287,0.02362115426047129,0.5631639941361851,187.02827476581686,1935510.2147615273,1
2025-07-25 00:00:00.000 UTC,30571591.85210493,10746658.664085364,13086214.44803313,0.9150785714285714,0.8942428571428572,11,62,True,0.0,790209803.8718895,2.8447532212289577,0.4509174623440983,0.42805145742295103,0.02083571428571418,0.9772306827672879,0.02276931723271214,0.3515243405078179,25.847846186572767,19824933.188019566,1
2025-07-26 00:00:00.000 UTC,19287632.19766346,6808603.2270258535,8172119.845204119,0.866385,0.846845,7,13,True,0.0,790118450.6689991,2.832832455429881,0.4544909610970034,0.4236974119712893,0.019540000000000002,0.9774465162716345,0.02255348372836552,0.3530035805976568,40.96503098834057,12479028.970637606,1
2025-07-27 00:00:00.000 UTC,41896747.724194854,19573516.12251468,13970201.412029585,0.8078333333333334,0.7877666666666667,8,18,True,0.0,1018396597.9697328,2.14048142714648,0.5835225658085548,0.3334435766707965,0.020066666666666677,0.9751598927171446,0.02484010728285535,0.4671846189915886,24.30729479705226,22323231.601680174,1
2025-07-28 00:00:00.000 UTC,36107251.88328129,13204941.117671626,14807728.72225502,0.7853138888888888,0.7563666666666666,10,19,True,0.0,853727325.4418898,2.7343743195462227,0.47139173785036853,0.41010400819541265,0.028947222222222124,0.9631392967426331,0.0368607032573669,0.365714376722918,23.644206659692934,22902310.765609667,1
2025-07-29 00:00:00.000 UTC,157091210.5676782,82793408.27953145,48212749.96895094,0.5578833333333333,0.54185,3,4,True,0.0,774614774.4516225,1.8973878939407667,0.6319810410934674,0.306909277703859,0.016033333333333233,0.9712604188450394,0.02873958115496056,0.5270403606945425,4.930987364935367,74297802.28814676,1
2025-07-30 00:00:00.000 UTC,5726652.412947336,2002548.6839603588,2443124.7700884156,0.8393571428571428,0.8145785714285714,10,27,True,0.0,2077114898.408035,2.859681993659185,0.45044889253766335,0.42662354791514445,0.024778571428571428,0.9704791081610076,0.029520891838992425,0.3496892319556212,362.71013999590843,3724103.7289869776,1
2025-07-31 00:00:00.000 UTC,66112571.9264702,23803304.890985936,27626045.16127237,0.7758468986568987,0.7502553357753358,12,75,True,0.0,1465944877.1816108,2.7774534767021506,0.4628350322685191,0.417863718749254,0.025591562881562946,0.9670146739957773,0.03298532600422266,0.3600420343268411,22.17346617239489,42309267.03548426,1
2025-08-01 00:00:00.000 UTC,27675436.423843812,10194153.319292633,11352722.025540356,0.8639030952380953,0.8405014285714285,21,36,True,0.0,690120012.0998057,2.7148342345869483,0.4731151573556221,0.410209322508078,0.023401666666666765,0.9729116994768757,0.027088300523124276,0.368346614780385,24.936192569134406,17481283.10455118,1
2025-08-02 00:00:00.000 UTC,68953485.26687516,27541725.02476875,26579502.045499876,0.7399458333333334,0.7164319444444445,12,22,True,0.0,769447547.9850817,2.503600816755817,0.5088895155501515,0.3854700301605858,0.023513888888888945,0.9682221483929941,0.03177785160700586,0.3994246979419854,11.1589362743165,41411760.24210641,1
2025-08-03 00:00:00.000 UTC,69994933.8769144,28551815.648637258,25740879.34049815,0.8285346938775511,0.8055897959183673,10,24,True,0.0,1367983853.0074334,2.4515055272940294,0.5258868739956785,0.36775346321154195,0.022944897959183752,0.9723066539895856,0.0276933460104144,0.4079126026298621,19.544040936062938,41443118.22827714,1
2025-08-04 00:00:00.000 UTC,56632195.22873851,22331269.48927887,22130514.859721594,0.851815625,0.8295770833333334,12,19,True,0.0,993237966.2317848,2.536004290124542,0.5022576087813015,0.39077621431300735,0.02223854166666661,0.973892775603093,0.026107224396907047,0.3943210994926552,17.538397765088884,34300925.739459634,1
2025-08-05 00:00:00.000 UTC,135419767.24684048,40491645.796413906,64337317.26828829,0.7620933858166922,0.738153081157194,11,113,True,0.0,499719187.22496384,3.3443878257680937,0.38626391612232,0.4750954648372383,0.023940304659498146,0.9685861272318449,0.031413872768155104,0.2990083842236011,3.6901495061211085,94928121.45042658,1
2025-08-06 00:00:00.000 UTC,48144379.80240698,25527229.67506336,14525491.921568165,0.7718455555555555,0.7455844444444445,13,23,True,0.0,1284056594.9137492,1.886000965057227,0.6373407013921927,0.30170690704051734,0.026261111111110957,0.9659762099786804,0.03402379002131961,0.5302224222189923,26.67095515995312,22617150.12734362,1
2025-08-07 00:00:00.000 UTC,96488125.58937016,31092559.484970104,43767461.631966665,0.8085016666666667,0.779195,17,32,True,0.0,1245534127.8674982,3.1032545145089054,0.41534264913445956,0.45360464165539155,0.029306666666666703,0.9637518784747918,0.03624812152520818,0.3222423411694453,12.908677832215194,65395566.10440005,1
2025-08-08 00:00:00.000 UTC,64743958.943456516,18662821.269594178,31607191.234464984,0.7693114999999999,0.7370598333333334,22,32,True,0.0,1114780739.738829,3.46914102686814,0.37125157404898607,0.4881874965673447,0.03225166666666657,0.9580772331277168,0.041922766872283246,0.2882557936547125,17.218297396864646,46081137.67386234,1
2025-08-09 00:00:00.000 UTC,25939703.546058413,6790767.762449025,13587393.485855578,0.8290011402027027,0.8044197212837838,39,87,True,0.0,2182315860.5340824,3.819848425607697,0.33323751243817423,0.5238068145894523,0.02458141891891885,0.9703481482390864,0.02965185176091356,0.26179049233894947,84.1303315845215,19148935.783609387,1
2025-08-10 00:00:00.000 UTC,25728743.72930346,5394723.494194883,14467096.57538893,0.8255166666666667,0.7977277777777778,9,21,True,0.0,748406110.4604063,4.769242345226678,0.2716127462284439,0.5622931584845239,0.027788888888888863,0.9663375798321591,0.033662420167840934,0.2096769104218106,29.088326983023958,20334020.235108577,1
2025-08-11 00:00:00.000 UTC,50466756.51951799,12038492.250906842,27101066.514405157,0.7068116804407714,0.6856377134986226,24,51,True,0.0,1203768026.8330526,4.192116044741101,0.3075786398894238,0.5370082878998541,0.021173966942148792,0.9700429866567222,0.029957013343277827,0.23854301487061016,23.85269254162383,38428264.26861115,1
2025-08-12 00:00:00.000 UTC,21566874.563895177,15255772.086102191,3703604.7516926304,0.7070123455332546,0.6888417447199265,59,180,True,0.0,2256165606.8495474,1.41368620625516,0.8046557762220523,0.1717265401957123,0.01817060081332811,0.9742994575298071,0.025700542470192933,0.7073705576069738,104.6125436564909,6311102.477792986,1
2025-08-13 00:00:00.000 UTC,55639167.204678155,14532338.899140565,29201786.284346808,0.8600735116398159,0.8345329200177026,30,134,True,0.0,1390067501.5495455,3.828645037170763,0.33228831806215064,0.5248422604336089,0.025540591622113307,0.9703041760076792,0.029695823992320847,0.2611890081977841,24.983614446203795,41106828.30553759,1
2025-08-14 00:00:00.000 UTC,10356419.434291968,2784061.0882292488,5237266.517370339,0.8421830769230769,0.8135951566951567,26,59,True,0.0,1223772456.3462749,3.7198966208313267,0.3470823316436709,0.5057024341857772,0.028587920227920227,0.966054981379623,0.03394501862037702,0.26882467496543466,118.16559421049944,7572358.34606272,1
2025-08-15 00:00:00.000 UTC,69120792.45323125,7224432.868430982,44750579.80652614,0.8861119047619047,0.86165,29,53,True,0.0,1585320650.3834321,9.567642708021044,0.13899819348984782,0.6474257342579721,0.024461904761904685,0.9723941133953307,0.02760588660466934,0.10451895315464162,22.935510345256784,61896359.584800266,1
2025-08-16 00:00:00.000 UTC,32645492.709732182,6900474.653896702,18391686.029871356,0.9233880952380952,0.902504761904762,9,32,True,0.0,579968050.0931984,4.730905386529788,0.27283057150294293,0.5633759671940402,0.020883333333333143,0.9773840128099677,0.022615987190032327,0.21137603023034027,17.7656393564034,25745018.055835478,1
2025-08-17 00:00:00.000 UTC,4200678.462694281,887480.9498825986,2357342.9218461155,0.9176875,0.8941395833333333,13,39,True,0.0,476666988.26941496,4.733260430266106,0.2735066632167569,0.561181471703058,0.02354791666666667,0.974339939612704,0.025660060387295958,0.21127085963951062,113.47380964828349,3313197.512811682,1
2025-08-18 00:00:00.000 UTC,19935993.271961045,6321536.587486043,9533423.814836962,0.918420861111111,0.8946365833333333,30,69,True,0.0,989975615.0420852,3.1536625622678263,0.3987103358870475,0.4782015967192984,0.023784277777777696,0.9741030732370306,0.025896926762969397,0.31709162925816997,49.657702103784075,13614456.684475001,1
2025-08-19 00:00:00.000 UTC,13359404.65941675,2614751.313322141,7443021.322885839,0.7826397222222222,0.7526876111111112,29,43,True,0.0,805598597.4589498,5.109244841507746,0.2599731976351341,0.5571372012928298,0.02995211111111107,0.9617293752659714,0.038270624734028647,0.19572364038535656,60.30198335904895,10744653.346094608,1
2025-08-20 00:00:00.000 UTC,51722678.608924605,13652535.70344033,26916278.767786633,0.7455145582812249,0.7270839586339587,22,43,True,0.0,1034439985.8441284,3.7885034496478847,0.3365278448825085,0.520396071736747,0.018430599647266233,0.975278015107099,0.024721984892901006,0.26395647075178014,19.99973732345793,38070142.905484274,1
2025-08-21 00:00:00.000 UTC,14393785.70809866,3408769.8344094446,7795036.01946469,0.7530270833333333,0.7323208333333333,18,30,True,0.0,688292746.370803,4.22257483119048,0.3042510624397097,0.5415556530815111,0.020706250000000037,0.9725026490304409,0.027497350969559076,0.2368223276029114,47.81874347229828,10985015.873689216,1
2025-08-22 00:00:00.000 UTC,18513883.094708186,4869108.138275134,9642666.195366858,0.7335569128787879,0.7118337436868687,32,65,True,0.0,1116474331.9872022,3.8023150377733588,0.3355281047188903,0.520834346097984,0.02172316919191919,0.9703865251481739,0.029613474851826083,0.26299767117287615,60.30470897303675,13644774.95643305,1
2025-08-23 00:00:00.000 UTC,103253819.9070572,21199162.186157543,58719662.7104714,0.6661125,0.64623125,7,24,True,0.0,588097078.730932,4.870655689142236,0.26525868233895594,0.568692400565202,0.01988124999999996,0.9701533149430465,0.029846685056953537,0.20531116626232074,5.69564476413852,82054657.72089966,1
2025-08-24 00:00:00.000 UTC,10536984.982201127,4231276.6665880745,4364916.693295301,0.8922818027210885,0.868013469387755,24,38,True,0.0,900472674.8447399,2.490261406304522,0.49222679032960703,0.41424721594160324,0.024268333333333447,0.9728019407553475,0.02719805924465246,0.4015642685014229,85.45828587264774,6305708.315613053,1
2025-08-25 00:00:00.000 UTC,32561041.29808585,6976484.93962185,18098095.882125188,0.8143777210884354,0.7831540816326531,18,27,True,0.0,905277971.3963321,4.667256015011303,0.2782293745692923,0.5558205499769785,0.031223639455782326,0.9616595117385441,0.03834048826145586,0.21425865578911854,27.802488351303136,25584556.358464,1
2025-08-26 00:00:00.000 UTC,46109416.95983863,9852479.679208465,25921650.102085948,0.8428625,0.8157208333333333,11,14,True,0.0,721904260.5219939,4.679980924715086,0.2754079481301634,0.5621769220084423,0.02714166666666662,0.9677982272711544,0.03220177272884561,0.21367608460089593,15.656330270902657,36256937.280630164,1
2025-08-27 00:00:00.000 UTC,14296021.413851194,4827370.457717637,6603999.594211034,0.8799388888888888,0.85715,7,9,True,0.0,622125889.3442885,2.961451071358278,0.4222915044993383,0.46194667754292257,0.02278888888888886,0.9741017368630398,0.025898263136960198,0.33767230182241276,43.51741448439076,9468650.956133557,1
2025-08-28 00:00:00.000 UTC,13186648.92024831,12170213.84242923,120938.22525769938,0.885875,0.863375,9,12,True,0.0,531089665.8952964,1.0835182594964325,0.990160546009707,0.009171262994042164,0.022499999999999964,0.9746013828136024,0.025398617186397576,0.9229193797479261,40.27480136214135,1016435.0778190792,1
2025-08-29 00:00:00.000 UTC,50624027.21239748,15967074.76627529,24381078.97777261,0.8733952380952381,0.8481332010582011,21,32,True,0.0,534471063.3543217,3.1705260953197607,0.39573247558150615,0.4816108144751046,0.025262037037037,0.9710760536179127,0.028923946382087284,0.31540506841314797,10.55765597454154,34656952.446122184,1
2025-08-30 00:00:00.000 UTC,49856774.3943676,11449636.597336896,27362714.406342786,0.8323125,0.8072625,4,6,True,0.0,289048425.0607516,4.354441642799731,0.2949998209655321,0.5488264080203712,0.025050000000000017,0.9699031313358865,0.03009686866411354,0.22965056878269244,5.797575727109331,38407137.7970307,1
2025-08-31 00:00:00.000 UTC,61414689.3351833,32355160.934125353,19691629.65929492,0.9165,0.8956166666666667,5,6,True,0.0,248270648.32476002,1.8981419829814086,0.6216552560729014,0.3206338723269249,0.020883333333333254,0.9772140389161666,0.02278596108383335,0.5268309794345846,4.042528766526391,29059528.401057947,1
2025-09-01 00:00:00.000 UTC,96887228.95146362,20983750.060130756,53589859.25368518,0.8005333333333333,0.7693,11,13,True,0.0,522152735.15309584,4.617250428251617,0.2813830556575084,0.5531158216995907,0.031233333333333335,0.9609843437708194,0.03901565622918057,0.21657911251278247,5.389283405088117,75903478.89133286,1
2025-09-02 00:00:00.000 UTC,116515155.81419146,27969493.777369432,62208593.02211214,0.7920125,0.7581625000000001,9,12,True,0.0,404941501.6763026,4.165794230729544,0.3101584295036322,0.5339098814004691,0.033849999999999936,0.9572607755559415,0.04273922444405853,0.24005026283424297,3.475440588364909,88545662.03682202,1
2025-09-03 00:00:00.000 UTC,96477362.81287213,21977555.251850996,52898855.17788755,0.8305720000000001,0.8012499999999999,14,30,True,0.0,578851345.2388107,4.389813230238454,0.2935177464533236,0.5483032872746572,0.02932200000000018,0.9646966187157764,0.03530338128422361,0.22780012441342068,5.999866998453855,74499807.56102113,1
2025-09-04 00:00:00.000 UTC,176216824.12339404,38513470.53388371,97682789.8465483,0.8145264285714287,0.78813,10,15,True,0.0,661865346.8362862,4.575459486788148,0.2827792071992685,0.5543329380294978,0.026396428571428654,0.9675929133229912,0.032407086677008756,0.21855728433123414,3.7559713729310076,137703353.58951032,1
2025-09-05 00:00:00.000 UTC,129363163.76301132,35264290.566324905,66276941.5715952,0.8420500000000001,0.8179528571428571,11,21,True,0.0,473950454.55099463,3.6683897984479716,0.347290355098573,0.5123324108941257,0.024097142857142928,0.9713827648510861,0.0286172351489139,0.2725991661036353,3.663720341744694,94098873.19668642,1
2025-09-06 00:00:00.000 UTC,54441596.69962443,20305789.801574823,23054733.948629934,0.8658095238095239,0.8439047619047619,9,21,True,0.0,318318984.44092155,2.681087376143438,0.46830130370551476,0.4234764471702018,0.021904761904761982,0.97470025299747,0.025299747002530015,0.37298299521980965,5.846981053792596,34135806.89804961,1
2025-09-07 00:00:00.000 UTC,91156929.148668,27036010.092284285,43610764.85992493,0.8485714285714285,0.8241071428571428,8,16,True,0.0,617662010.9941118,3.3716857198053414,0.38269277133419716,0.47841415092866996,0.024464285714285716,0.9711700336700336,0.028829966329966372,0.2965875479217954,6.7758097685230885,64120919.05638372,1
2025-09-08 00:00:00.000 UTC,131346791.03962842,49606153.045272514,52870272.4640572,0.8394285714285715,0.8147857142857143,13,21,True,0.0,484869864.9140951,2.6477923196293047,0.48407380330372907,0.40252427977555844,0.02464285714285719,0.970643294758339,0.029356705241661007,0.3776731251112631,3.6915242548088276,81740637.9943559,1
2025-09-09 00:00:00.000 UTC,40814544.09546144,19059558.594934884,13052352.787125308,0.878014015935755,0.854310082188343,28,221,True,0.0,802516422.1891421,2.141421265983987,0.5935354756111714,0.3197966086941229,0.023703933747411976,0.9730027843323785,0.026997215667621477,0.4669795784158789,19.662510998827536,21754985.50052656,1
2025-09-10 00:00:00.000 UTC,112908694.46671528,49850238.38968512,37693884.706023216,0.7879936507936508,0.7614857142857142,9,18,True,0.0,531959819.85779285,2.264957964375112,0.5694298672131987,0.3338439513808666,0.02650793650793659,0.9663602156169173,0.03363978438308268,0.4415092976243794,4.711415913276821,63058456.07703016,1
2025-09-11 00:00:00.000 UTC,77159062.65117864,35429666.53206773,23890848.72660721,0.8659418367346939,0.838097619047619,9,35,True,0.0,577651123.552154,2.177809451899335,0.5972582398782612,0.3096311425478711,0.0278442176870749,0.9678451640677505,0.03215483593224955,0.45917699508920257,7.486497421094968,41729396.11911091,1
2025-09-12 00:00:00.000 UTC,33093687.425682507,20313307.435786217,7120991.274488474,0.8280724489795919,0.7961565306122449,18,31,True,0.0,944095429.928602,1.6291629283068363,0.7404347255349552,0.21517672488083622,0.031915918367346974,0.9614575772848427,0.03854242271515729,0.6138121501692188,28.527961172315067,12780379.98989629,1
2025-09-13 00:00:00.000 UTC,59508591.58550471,26875229.556830965,19602070.91772009,0.8304199999999999,0.79942,5,6,True,0.0,616178903.0660336,2.2142542618907313,0.5782442027059354,0.3293990060167182,0.030999999999999917,0.9626694925459407,0.0373305074540593,0.45161931816543477,10.354452805032011,32633362.028673746,1
2025-09-14 00:00:00.000 UTC,81180474.72063787,36092376.53957452,27170179.303264532,0.8001944444444445,0.7654722222222222,8,10,True,0.0,382872293.02325034,2.249241599029236,0.5705172049835854,0.3346885984193102,0.03472222222222232,0.956607768945048,0.043392231054952046,0.4445943025558465,4.716310102161988,45088098.181063354,1
2025-09-15 00:00:00.000 UTC,218446815.0671375,104574334.97241426,64856151.680227645,0.7980777777777778,0.7689111111111111,7,15,True,0.0,821672446.693506,2.0889142170950623,0.6172108517093943,0.2968967602493757,0.029166666666666674,0.963453854400156,0.03654614559984404,0.4787175997062459,3.761430197281535,113872480.09472325,1
2025-09-16 00:00:00.000 UTC,84642345.59756072,48431528.529888414,19665879.970991895,0.7452916666666667,0.7174675925925925,21,23,True,0.0,623445294.8321741,1.747670333083244,0.7112095687057215,0.23234091437511675,0.027824074074074168,0.9626668654454196,0.03733313455458043,0.572190293026144,7.365642934759844,36210817.067672305,1
2025-09-17 00:00:00.000 UTC,118953421.1542232,59310082.23160225,36265650.45682023,0.8225357142857143,0.7928928571428572,9,11,True,0.0,623493236.2486504,2.005618887691259,0.620555872953164,0.304872698110984,0.029642857142857082,0.9639616169510661,0.03603838304893392,0.49859921350817377,5.241490578402877,59643338.92262095,1
2025-09-18 00:00:00.000 UTC,141320532.08897632,73510433.60506047,37975116.69589583,0.8321305555555556,0.8027787037037037,13,32,True,0.0,1392691944.37927,1.922455427867967,0.6593718504919996,0.2687162023419672,0.02935185185185185,0.9647268668889876,0.035273133111012434,0.5201681066327845,9.854845037679466,67810098.48391585,1
2025-09-19 00:00:00.000 UTC,174320177.096621,156210676.1468894,4111025.451230114,0.8684510416666666,0.843503125,15,42,True,0.0,601393120.3171598,1.1159299824853375,0.9743576483392419,0.023583187670532725,0.024947916666666625,0.9712730879811159,0.02872691201888411,0.89611356957437,3.449934082982394,18109500.94973162,1
2025-09-20 00:00:00.000 UTC,187314467.2493893,84861688.43834406,61136162.50889315,0.8344,0.8110666666666667,3,4,True,0.0,630582548.299637,2.2072913077316616,0.581252997134955,0.3263824914681942,0.023333333333333317,0.9720357941834452,0.027964205816554788,0.45304396229768923,3.366438041649412,102452778.81104523,1
2025-09-21 00:00:00.000 UTC,161713437.84306967,73316548.8871601,52505430.24398652,0.824975,0.8008083333333333,5,7,True,0.0,327295012.3912405,2.2056880785804487,0.5827006489123882,0.32468192467059515,0.02416666666666667,0.9707061830156469,0.02929381698435307,0.4533732623896606,2.0239196986762154,88396888.95590958,1
2025-09-22 00:00:00.000 UTC,137379669.81717324,75176532.41466379,35360520.37234257,0.8374892592592593,0.8131374074074074,21,66,True,0.0,1002432785.8311882,1.827427594816494,0.6801025585467826,0.25739267257958065,0.024351851851851958,0.970922789059539,0.029077210940461007,0.5472173030748273,7.296805904143165,62203137.40250945,1
2025-09-23 00:00:00.000 UTC,124840958.79589556,61709350.77895242,35121476.26707191,0.7987935064935066,0.7673266233766233,13,30,True,0.0,910046991.6168635,2.0230476778646618,0.6372903409120069,0.28132975431959445,0.03146688311688328,0.9606069868356659,0.03939301316433408,0.4943037235066578,7.289650771624668,63131608.01694314,1
2025-09-24 00:00:00.000 UTC,77572665.35918136,40826811.146641195,19675918.565750536,0.8466366666666666,0.8204633333333333,18,31,True,0.0,1086716899.3983376,1.9000422315756402,0.6747928786141916,0.2536449982045348,0.02617333333333327,0.9690855187782245,0.030914481221775536,0.5263040912362954,14.009018439247374,36745854.212540165,1
2025-09-25 00:00:00.000 UTC,15452765.962772563,8600321.792498615,3606910.553545334,0.8398829632173382,0.8130727716727716,39,104,True,0.0,2238440008.4254556,1.7967660205750438,0.7045267550171402,0.2334152061989927,0.026810191544566653,0.9680786577193269,0.031921342280673115,0.55655549389784,144.85691518386463,6852444.170273948,1
2025-09-26 00:00:00.000 UTC,137792814.7087518,70274091.82814808,36096924.808263704,0.7537642857142857,0.727225,10,25,True,0.0,1168624619.2202115,1.9607911126865576,0.6606507491448813,0.2619652184662938,0.026539285714285654,0.9647910013551035,0.03520899864489646,0.5099982315963583,8.481027270473394,67518722.88060372,1
2025-09-27 00:00:00.000 UTC,116354217.91960926,59228331.40802917,31314339.07179587,0.7926638888888888,0.7717555555555555,9,14,True,0.0,651192584.3179739,1.9645027160740838,0.6541482716839745,0.26912938466426184,0.020908333333333307,0.9736226998272351,0.02637730017276485,0.5090346741787293,5.596639262084094,57125886.511580095,1
2025-09-28 00:00:00.000 UTC,60814983.35609184,30526670.68457602,16503490.90678058,0.8153525,0.7812368749999999,12,31,True,0.0,365879247.5959118,1.9921918110388426,0.649087089043435,0.2713721191066876,0.034115625000000094,0.9581584345421151,0.041841565457884866,0.5019596980867735,6.01626815308931,30288312.671515822,1
2025-09-29 00:00:00.000 UTC,110788769.49482012,56889868.54870844,28939167.52217849,0.8083402777777778,0.7787738888888889,12,20,True,0.0,606262821.1346766,1.9474253029775253,0.6628277696340736,0.261210298247166,0.02956638888888896,0.9634233382874716,0.03657666171252838,0.5134985144082523,5.4722407686189,53898900.94611168,1
2025-09-30 00:00:00.000 UTC,133078306.89603424,95288279.85788932,17878658.164901886,0.769765451388889,0.7392694444444444,19,39,True,0.0,716177691.5662811,1.396586307303522,0.8420151814896571,0.13434690132381505,0.030496006944444543,0.960382728414973,0.039617271585027036,0.716031651442125,5.381626113757112,37790027.03814492,1
2025-10-01 00:00:00.000 UTC,44715583.185150765,23839579.324214343,10542970.829571528,0.7458354545454546,0.7124166666666667,19,33,True,0.0,866157425.1882845,1.8756867550817997,0.6933627441124917,0.23577844855376184,0.03341878787878794,0.9551928140783347,0.04480718592166533,0.5331380611878285,19.370370763182166,20876003.860936422,1
2025-10-02 00:00:00.000 UTC,40523212.38193321,21792320.632025484,9377055.11125454,0.8009170370370371,0.7674812962962964,17,33,True,0.0,615894523.6250604,1.8595179956365568,0.6991580714196308,0.23139959939195706,0.03343574074074074,0.9582531783011696,0.04174682169883037,0.537773768442438,15.198561205371014,18730891.74990773,1
2025-10-03 00:00:00.000 UTC,42819893.636004165,22480932.039307684,10598192.689500172,0.81533,0.7776466666666667,9,15,True,0.0,706324106.1961164,1.9047205676852725,0.6796108489451522,0.2475062824674771,0.03768333333333329,0.9537814954272095,0.04621850457279053,0.5250113937790142,16.495232617818072,20338961.59669648,1
2025-10-04 00:00:00.000 UTC,42650630.400573514,39344981.97521514,305014.4853953255,0.8558333333333333,0.8191666666666667,8,28,True,0.0,301743163.91004884,1.0840170273159797,0.9923073262894654,0.0071514648794317485,0.036666666666666625,0.9571567672833496,0.04284323271665036,0.9224947346777335,7.074764454266809,3305648.4253583774,1
2025-10-05 00:00:00.000 UTC,50276560.356126495,42061667.70280872,3370945.067302425,0.8857075,0.85981,12,25,True,0.0,493528175.6574725,1.1953059187134707,0.9258034072493387,0.06704804472352205,0.025897500000000018,0.9707606630857253,0.029239336914274716,0.8366059134688449,9.81626770331223,8214892.653317772,1
2025-10-06 00:00:00.000 UTC,90850011.32369372,40333484.1848952,29900651.03956309,0.8360107142857143,0.8066380952380953,10,17,True,0.0,525685617.3470499,2.252471195080063,0.5742718132144026,0.3291210491215975,0.02937261904761901,0.9648657385058577,0.03513426149414234,0.4439568426820461,5.786302166480312,50516527.13879852,1
2025-10-07 00:00:00.000 UTC,42386177.25937872,23319001.173771966,10595996.285071496,0.8507750000000001,0.81975,10,30,True,0.0,696357112.7797679,1.8176669293645624,0.6875719569806853,0.24998707055439726,0.03102500000000008,0.963533249096412,0.036466750903587974,0.5501557979874727,16.428872755343516,19067176.08560675,1
2025-10-08 00:00:00.000 UTC,56928158.22290861,26797466.946733467,17359261.960865583,0.8187769230769231,0.7852925574425574,14,158,True,0.0,703118063.592063,2.124385798705052,0.6068716503618052,0.30493278726660084,0.03348436563436563,0.9591044096497822,0.040895590350217836,0.47072429151501743,12.350971567337997,30130691.27617514,1
2025-10-09 00:00:00.000 UTC,4469453.431454307,3443457.1006574314,445864.1412467833,0.8939444444444445,0.8668712121212122,20,45,True,0.0,413693541.3212763,1.2979553108418254,0.8853619658764705,0.09975809080120662,0.027073232323232332,0.9697148603680205,0.03028513963197954,0.7704425504075497,92.56020846080621,1025996.330796876,1
2025-10-10 00:00:00.000 UTC,8308828.04735897,3778641.524194388,2641777.4573741076,0.7243146150793651,0.6964045317460318,50,90,True,0.0,671396074.0818471,2.198892907453142,0.5885350372058232,0.3179482644623773,0.027910083333333335,0.9614669057447154,0.03853309425528462,0.45477430783941436,80.80514727889403,4530186.5231645815,1
2025-10-11 00:00:00.000 UTC,73841359.13898325,36956880.02995631,19984369.467519823,0.8307453282828283,0.8021888888888888,21,35,True,0.0,569144078.5947323,1.9980409352501973,0.6490352838427683,0.2706392420256716,0.02855643939393948,0.9656255191311561,0.03437448086884387,0.5004902463996708,7.707659843090059,36884479.10902694,1
2025-10-12 00:00:00.000 UTC,83430786.23080651,42775875.21552116,21488293.52141854,0.8179637896825397,0.7916681547619048,25,47,True,0.0,446172961.6312516,1.9504168134596995,0.6656255897531457,0.25755832459701866,0.026295634920634914,0.9678523239630932,0.032147676036906825,0.5127109206089001,5.347821611041031,40654911.01528536,1
2025-10-13 00:00:00.000 UTC,45411166.44932248,25575825.382353943,9859599.469032869,0.800837037037037,0.7700462962962963,18,28,True,0.0,919645455.7547674,1.775550378939244,0.7217586776401524,0.21711839267630112,0.03079074074074073,0.9615518022809468,0.03844819771905317,0.5632056470272749,20.251526830544304,19835341.066968534,1
2025-10-14 00:00:00.000 UTC,47115897.59937616,24492350.548360854,11762623.466250822,0.624090625,0.6002604166666666,15,23,True,0.0,595668021.2789958,1.9236984831792463,0.6755583534135154,0.2496529635552686,0.02383020833333338,0.9618161091054149,0.03818389089458507,0.5198319844528474,12.642612188860916,22623547.051015303,1
2025-10-15 00:00:00.000 UTC,71916375.237748,37494006.25327971,17845142.31921673,0.8152479166666666,0.7832,13,14,True,0.0,521109904.7270064,1.9180765787453633,0.6775313177101216,0.24813739930888562,0.03204791666666662,0.9606893608539325,0.03931063914606747,0.5213556179566677,7.246053530983335,34422368.98446829,1
2025-10-16 00:00:00.000 UTC,64139975.87281525,33223337.38846637,16022356.098989869,0.8296803030303029,0.7972530303030303,12,19,True,0.0,347753005.40544707,1.9305699220657384,0.6746445229150636,0.2498029642349881,0.03242727272727264,0.9609159424312761,0.03908405756872391,0.5179817568741489,5.421782603956932,30916638.484348882,1
2025-10-17 00:00:00.000 UTC,85175045.93903376,44777138.37330672,20748037.325093955,0.8271459821428572,0.7965591964285714,21,35,True,0.0,354715625.31025183,1.9021994042792538,0.683357776549993,0.2435929102984564,0.030586785714285747,0.9630212968754975,0.036978703124502466,0.5257072406554041,4.164548682065269,40397907.56572704,1
2025-10-18 00:00:00.000 UTC,7635101.002282602,3861919.08154347,2065728.3665167375,0.9001277777777777,0.8793500000000001,7,14,True,0.0,225313101.25566489,1.9770225219817728,0.6515095770088796,0.27055678319110177,0.020777777777777673,0.9769168574831969,0.0230831425168031,0.5058111320844223,29.51016642586718,3773181.920739132,1
2025-10-19 00:00:00.000 UTC,27897933.172215544,14680013.575270755,6774348.542748388,0.6585,0.6409687500000001,12,23,True,0.0,354071904.5989997,1.9004024096551968,0.6842437679813966,0.24282618002308434,0.017531249999999887,0.9733769931662872,0.02662300683371277,0.5262043422589834,12.691689467219435,13217919.596944788,1
2025-10-20 00:00:00.000 UTC,91141265.9792684,46220853.09820755,23905513.35825666,0.806345,0.77577,7,14,True,0.0,493189492.8809866,1.971864642688797,0.659108056409886,0.2622907757688418,0.03057500000000002,0.962081987238713,0.037918012761287034,0.5071342009745755,5.411264453943077,44920412.88106085,1
2025-10-21 00:00:00.000 UTC,62748657.44087415,42342027.611337006,9832026.62032127,0.7312823717948718,0.7049464743589744,15,32,True,0.0,496311762.4641013,1.4819473931870306,0.8115533330673127,0.15668903561140957,0.02633589743589737,0.9639866918010643,0.03601330819893567,0.6747877857185137,7.9095200233050145,20406629.829537146,1
2025-10-22 00:00:00.000 UTC,89618008.0907894,46763577.94111009,22044905.399267744,0.824075,0.7961854166666666,12,16,True,0.0,439153921.1798909,1.9164061441929525,0.6796193677134652,0.24598745128249996,0.027889583333333356,0.9661564987005632,0.03384350129943681,0.5218100573462342,4.900286566679733,42854430.1496793,1
2025-10-23 00:00:00.000 UTC,74552783.9587094,38973070.813555546,17702837.050129164,0.8491857142857143,0.8176857142857142,9,14,True,0.0,737202292.8783085,1.9129307083694975,0.6876479315918939,0.23745373559669844,0.031500000000000083,0.9629056406978113,0.03709435930218874,0.5227580882176116,9.888326816696791,35579713.14515386,1
2025-10-24 00:00:00.000 UTC,78120760.94097349,41930867.84224141,17095666.08896389,0.8265,0.789875,4,6,True,0.0,413892941.4333278,1.8630847621587783,0.7103732008237401,0.21883639999207172,0.03662500000000002,0.955686630369026,0.04431336963097399,0.5367442320988597,5.298117125946292,36189893.098732084,1
2025-10-25 00:00:00.000 UTC,101574830.4674752,56814325.56052804,21368273.67843941,0.87305,0.84985,4,12,True,0.0,139572088.44751397,1.7878383570576906,0.7266876020183641,0.21036976955902123,0.0232,0.9734264933279881,0.02657350667201186,0.5593346826084075,1.374081431444827,44760504.906947166,1
2025-10-26 00:00:00.000 UTC,95707.20441533376,64130.15792157875,13014.070100047917,0.8474999999999999,0.8175,7,11,True,0.0,239761565.96101272,1.4923899693552736,0.8313020891673251,0.13597795672279467,0.029999999999999916,0.9646017699115045,0.03539823008849552,0.6700661492867105,2505.156925496815,31577.046493755013,1
2025-10-27 00:00:00.000 UTC,76119649.07180677,49355788.15875255,13203915.21225452,0.8065177777777778,0.7649900000000001,9,18,True,0.0,717219976.502686,1.5422638744409967,0.7889389734802708,0.17346263905918335,0.04152777777777772,0.9485097800420464,0.051490219957953554,0.6483974737218405,9.42227119079468,26763860.91305422,1
2025-10-28 00:00:00.000 UTC,32791462.893551532,16697273.02993452,8537908.392900752,0.8510166666666666,0.8232666666666667,5,9,True,0.0,475055185.2723931,1.9638813376749418,0.6616664548654755,0.26036985359929576,0.02774999999999994,0.967391942970173,0.03260805702982705,0.5091957343939679,14.487160478766352,16094189.863617012,1
2025-10-29 00:00:00.000 UTC,41921118.42053277,20987160.899341874,11268053.908717409,0.7400859073359073,0.7194623552123552,10,87,True,0.0,356284520.15903187,1.9974649559125148,0.6506594677552117,0.2687918245806717,0.020623552123552047,0.9721335700097428,0.027866429990257235,0.5006345653474373,8.498926879406094,20933957.521190897,1
2025-10-30 00:00:00.000 UTC,46720563.15740835,23977352.850245647,11991174.87570933,0.8229559523809524,0.7915235119047619,18,38,True,0.0,526516658.1926641,1.9485288242288055,0.6666203585793012,0.25665732742367264,0.03143244047619054,0.961805440029626,0.03819455997037402,0.5132077019162306,11.269484411366214,22743210.307162702,1
2025-10-31 00:00:00.000 UTC,40724099.755213365,21957108.876263347,9621583.748617567,0.90845,0.8867357142857143,12,17,True,0.0,303075255.15026504,1.8547113823003358,0.695314056762543,0.23626265053006712,0.021714285714285686,0.9760974344055416,0.023902565594458358,0.5391674465057381,7.442159727827166,18766990.87895002,1
2025-11-01 00:00:00.000 UTC,61920098.27339064,32436051.19988123,15218258.343877591,0.8986666666666666,0.8765333333333333,3,5,True,0.0,392531622.574168,1.9089900275412495,0.6806530513278479,0.2457725160041847,0.022133333333333338,0.9753709198813056,0.024629080118694358,0.5238372047904226,6.339324928734058,29484047.073509414,1
2025-11-02 00:00:00.000 UTC,15491310.625207482,8121412.727013937,3801335.074485461,0.9071666666666668,0.8853833333333334,5,9,True,0.0,184474071.69986206,1.9074650120513321,0.6811695476769702,0.24538498816878176,0.021783333333333377,0.9759875068895829,0.024012493110417088,0.5242560118702134,11.908228823433802,7369897.898193545,1
2025-11-03 00:00:00.000 UTC,244358.4331636524,166728.45333400354,27923.48715829929,0.8458309523809523,0.821425,18,30,True,0.0,442458656.88854825,1.465607269049239,0.8565465769944202,0.11427265593734715,0.024405952380952334,0.9711455908391017,0.02885440916089832,0.6823110263697824,1810.695260892525,77629.97982964886,1
2025-11-04 00:00:00.000 UTC,41282439.979904704,19667115.859635673,12052619.06652568,0.8041464045214045,0.7718059523809523,73,128,True,0.0,748296422.604719,2.0990591744380684,0.6200277494568502,0.29195510421362214,0.032340452140452225,0.9597828803827084,0.040217119617291575,0.47640391094153234,18.126264410944984,21615324.12026903,1
2025-11-05 00:00:00.000 UTC,21173648.095863856,11183829.342995653,5324384.375921344,0.8242955382395383,0.7965259393939395,27,55,True,0.0,563001265.3408887,1.8932377673595986,0.6774705933313635,0.25146277825224794,0.02776959884559882,0.9663111134813288,0.03368888651867119,0.5281956747538629,26.589714856499747,9989818.752868203,1
2025-11-06 00:00:00.000 UTC,18787403.76079161,10015067.230107494,4347258.1312999725,0.8166733333333334,0.7910666666666667,13,23,True,0.0,486781054.8900628,1.875913893449716,0.6973151615836982,0.23139217034194404,0.025606666666666666,0.9686451539171109,0.031354846082889076,0.5330735080601423,25.909969311776383,8772336.530684117,1
2025-11-07 00:00:00.000 UTC,28950594.72431712,14621462.55560694,7456526.429874855,0.8144374999999999,0.7876666666666666,11,15,True,0.0,695332724.1725545,1.9800067615818184,0.662264238161448,0.2575603886856158,0.0267708333333333,0.9671296651574451,0.03287033484255486,0.5050487803390653,24.017908122229635,14329132.168710178,1
2025-11-08 00:00:00.000 UTC,65565010.80478763,33111556.61292962,16881764.12572094,0.7907,0.7625,1,1,True,0.0,258776677.62894756,1.9801246909420551,0.6623196083738161,0.25748129861496516,0.028200000000000003,0.9643353990135323,0.03566460098646773,0.5050187013850348,3.9468715775770358,32453454.19185801,1
2025-11-09 00:00:00.000 UTC,11052819.038029345,5629733.942106646,2803725.5431988765,0.7932055555555556,0.7661444444444445,10,22,True,0.0,157511396.4055882,1.9632933193097544,0.6675473987769677,0.25366610396425754,0.02706111111111109,0.9658838608459346,0.03411613915406542,0.5093482416328781,14.250789401657626,5423085.095922699,1
2025-11-10 00:00:00.000 UTC,23024717.727647245,8667112.87726529,9075471.341618149,0.8404233333333333,0.81547375,15,28,True,0.0,418797872.92949694,2.656561424051993,0.48849213679035985,0.39416211086577846,0.024949583333333303,0.9703130763464445,0.02968692365355552,0.37642645524631707,18.18905568716787,14357604.850381956,1
2025-11-11 00:00:00.000 UTC,14614558.58168295,6963406.3785066325,4508633.027600817,0.81526,0.7902466666666668,7,9,True,0.0,439217238.05093414,2.0987657171341447,0.6069894054582374,0.3085028536716586,0.02501333333333322,0.9693185813932571,0.030681418606742894,0.47647052352536784,30.05340432255161,7651152.203176318,1
2025-11-12 00:00:00.000 UTC,19728109.950293485,10288373.27687497,5099158.100987878,0.8365500000000001,0.8095933333333333,7,8,True,0.0,639217875.4411466,1.9175149870034436,0.6686175335230353,0.258471699206645,0.02695666666666685,0.9677763831609983,0.032223616839001656,0.5215083098582344,32.401374335995996,9439736.673418514,1
2025-11-13 00:00:00.000 UTC,5362617.901476463,2168404.9793891036,2000936.4201056391,0.8041603846153846,0.7737410256410256,18,30,True,0.0,438072712.74820673,2.4730702762854073,0.5200833349007782,0.37312679308267166,0.03041935897435899,0.9621725223521076,0.037827477647892405,0.4043556746401953,81.69008510332134,3194212.9220873597,1
2025-11-14 00:00:00.000 UTC,6874190.088008006,3399477.3716570847,1921438.0732846856,0.6904908673469388,0.6609745918367347,16,30,True,0.0,405900835.5351648,2.0221314444747027,0.6388895683145529,0.27951482991961857,0.029516275510204082,0.9572531992731288,0.042746800726871204,0.49452769390061785,59.047077595840264,3474712.7163509214,1
2025-11-15 00:00:00.000 UTC,6874190.088008006,3399477.3716570847,1921438.0732846856,0.6904908673469388,0.6609745918367347,0,0,False,1.0,261238354.46409085,2.0221314444747027,0.6388895683145529,0.27951482991961857,0.029516275510204082,0.9572531992731288,0.042746800726871204,0.49452769390061785,38.002783036189236,3474712.7163509214,1
2025-11-16 00:00:00.000 UTC,554082.1586066535,368305.4338988754,62802.175609112855,0.8137427272727272,0.7860336363636364,16,30,True,0.0,269467044.6502725,1.5044094048278047,0.8543236671679554,0.1133445187389557,0.027709090909090794,0.965948585492176,0.03405141450782401,0.6647126751474014,486.33048450413816,185776.72470777808,1
2025-11-17 00:00:00.000 UTC,3093646.1596782394,1374134.8563775225,1009190.453870192,0.8382201904761905,0.8074686666666666,20,39,True,0.0,506061847.50292623,2.251341013089262,0.5765620204967737,0.3262139242114085,0.03075152380952384,0.9633133105609709,0.036686689439029085,0.4441797107528425,163.5810371912605,1719511.303300717,1
2025-11-18 00:00:00.000 UTC,22030579.524275552,9578718.6974951,7352128.282583713,0.8067690476190477,0.7745119047619048,11,18,True,0.0,307150806.38794965,2.2999505695930607,0.5657554349623276,0.33372378037002537,0.03225714285714287,0.9600168809743745,0.03998311902562546,0.4347919530187703,13.942021182397829,12451860.826780453,1
2025-11-19 00:00:00.000 UTC,120631.2200598452,62841.598149756,30388.343382535724,0.8165759615384616,0.7875121503496504,19,38,True,0.0,172706934.75940013,1.9196077695600997,0.6740495286912711,0.25191110035577896,0.029063811188811184,0.9644077066216181,0.03559229337838188,0.5209397543901176,1431.6935091406697,57789.621910089205,1
2025-11-20 00:00:00.000 UTC,14040680.462063683,7585095.500660901,3236320.80712118,0.8244731116584565,0.7915395320197044,27,94,True,0.0,343605505.5721479,1.851088158460272,0.7009337119029585,0.23049600878428575,0.0329335796387521,0.960054998552342,0.039945001447658,0.5402227848682237,24.472140541943872,6455584.961402782,1
2025-11-21 00:00:00.000 UTC,5281926.617090374,2878244.222602444,1025922.328145529,0.817889390077243,0.7837354647454942,52,91,True,0.0,481972669.2483246,1.8351210698564608,0.7372237288521978,0.19423259778468357,0.03415392533174888,0.9582413884492091,0.04175861155079086,0.5449231750569011,91.2494065496552,2403682.3944879305,1
2025-11-22 00:00:00.000 UTC,10580306.329917075,3696559.094745236,4502868.766114707,0.8844276056338028,0.859714647887324,6,79,True,0.0,153846022.91691557,2.8622040277828322,0.45083134548823833,0.42558964038520414,0.02471295774647886,0.9720576816134443,0.027942318386555698,0.34938110291691415,14.540790986542387,6883747.23517184,1
2025-11-23 00:00:00.000 UTC,12348147.788032046,6352629.680558435,3504792.472951181,0.7024,0.6726285714285715,11,26,True,0.0,148415845.53499615,1.943785236816538,0.6444514175845313,0.2838314323017791,0.02977142857142856,0.957614708753661,0.04238529124633905,0.5144601271063074,12.01927998293334,5995518.107473611,1
2025-11-24 00:00:00.000 UTC,10680462.908883853,3854457.246878918,4373367.62922887,0.8232871212121212,0.7928325757575757,18,28,True,0.0,395954406.026384,2.7709382215958365,0.4684661262141845,0.4094736030206301,0.030454545454545512,0.9630085972804877,0.03699140271951229,0.3608885944140901,37.07277572183083,6826005.662004935,1
2025-11-25 00:00:00.000 UTC,11020160.654895388,2815420.5920548686,5784549.046669479,0.8522277777777778,0.8275222222222222,8,11,True,0.0,277760427.9892455,3.9142146953085226,0.3273756432089551,0.5249060542597318,0.024705555555555647,0.9710106192267325,0.028989380773267515,0.2554790878483427,25.204753060097943,8204740.0628405195,1
2025-11-26 00:00:00.000 UTC,21460338.379190028,15065595.802608306,3499205.4601328373,0.8805282591540404,0.8587844539141414,19,51,True,0.0,270564552.40354466,1.4244599855436584,0.8115139822608493,0.16305453335843006,0.02174380523989905,0.9753059541089695,0.024694045891030525,0.7020204218782184,12.607655462968358,6394742.576581722,1
2025-11-27 00:00:00.000 UTC,9351869.39000087,3807716.669488138,3532591.387325549,0.7169766666666667,0.6912691666666667,11,19,True,0.0,654389715.4811862,2.456030792663473,0.5187407176942119,0.37774173697321284,0.025707499999999994,0.9641445793215028,0.03585542067849723,0.4071610189038134,69.97421458653683,5544152.720512733,1
2025-11-28 00:00:00.000 UTC,8284033.081428068,6192993.606031173,1007239.4759157614,0.8425967803030303,0.8163524621212122,8,40,True,0.0,473740231.00184894,1.3376459929428142,0.8601101569279469,0.12158805572298916,0.02624431818181816,0.9688530519041626,0.0311469480958374,0.7475819501391435,57.18714862014793,2091039.4753968948,1
2025-11-29 00:00:00.000 UTC,1123363.5666801871,517276.11070110503,415280.77494490234,0.5550555555555555,0.5308888888888889,4,7,True,0.0,293638921.3418242,2.1716904056473902,0.5546858520515603,0.3696762003526233,0.02416666666666667,0.95646081473326,0.043539185266740055,0.46047079150856024,261.3925981324093,606087.455979082,1
2025-11-30 00:00:00.000 UTC,1123363.5666801871,517276.11070110503,415280.77494490234,0.5550555555555555,0.5308888888888889,0,0,False,1.0,190509559.14562035,2.1716904056473902,0.5546858520515603,0.3696762003526233,0.02416666666666667,0.95646081473326,0.043539185266740055,0.46047079150856024,169.58851505984165,606087.455979082,1
2025-12-01 00:00:00.000 UTC,5665303.943375735,2622041.235880113,1750021.9455220734,0.7937651041666667,0.76212109375,21,46,True,0.0,675378848.4928719,2.160646394820759,0.5997262910183253,0.3089016870080413,0.031644010416666646,0.9601342887832187,0.039865711216781285,0.46282445956778456,119.21317112783888,3043262.7074956214,1
2025-12-02 00:00:00.000 UTC,4233709.746994692,1849244.2194038248,1431053.2697105042,0.83005,0.8014795454545455,14,21,True,0.0,524935868.15126044,2.289427054886018,0.5637428390383933,0.3380140243970056,0.028570454545454482,0.9655798391115541,0.034420160888445905,0.4367905052339771,123.98957404292709,2384465.527590867,1
2025-12-03 00:00:00.000 UTC,2481695.695671561,1201922.2644242242,673221.0406183867,0.8421503296703297,0.8126249450549452,22,34,True,0.0,380593474.76249725,2.064772214582785,0.6409762182933061,0.271274613480042,0.029525384615384453,0.9649404820313464,0.035059517968653586,0.48431492488001315,153.36025098738241,1279773.431247337,1
2025-12-04 00:00:00.000 UTC,9036421.012729198,2199635.857843186,4636403.603723543,0.8279799999999999,0.79448,8,11,True,0.0,230743179.71295652,4.108144073260244,0.3217705032584845,0.5130796359745137,0.033499999999999974,0.9595400855093118,0.0404599144906882,0.24341892157798514,25.534797392454273,6836785.154886012,1
2025-12-05 00:00:00.000 UTC,8021610.52562001,1098032.836578951,4377737.89256262,0.752605,0.704475,6,8,True,0.0,532774663.94540125,7.305437741381461,0.2005257142588744,0.5457430124013973,0.048130000000000006,0.9360487905342112,0.0639512094657888,0.13688433676404171,66.4174185774523,6923577.6890410585,1
2025-12-06 00:00:00.000 UTC,19303416.505932845,4808598.136332529,9526426.838212077,0.76928,0.72898,6,6,True,0.0,95978684.31035131,4.014354279281773,0.33544400130947716,0.493509883873881,0.0403,0.9476133527454242,0.05238664725457576,0.2491060654912886,4.972108656561006,14494818.369600317,1
2025-12-07 00:00:00.000 UTC,6228249.542234217,1203334.2866080613,3345726.8006787263,0.82775,0.795125,11,20,True,0.0,119856693.3463057,5.175826544251725,0.26452365961209157,0.5371857338070846,0.032625000000000015,0.9605859257022048,0.0394140742977952,0.1932058563884063,19.244041609692847,5024915.255626155,1
2025-12-08 00:00:00.000 UTC,13930713.714670943,2654093.5581592266,7527545.503028185,0.7984833333333334,0.75775,4,6,True,0.0,396345096.45822674,5.248765128058534,0.26067448887249184,0.5403560547727466,0.0407333333333334,0.9489866204679704,0.05101337953202956,0.19052100362697882,28.451169450192726,11276620.156511717,1
2025-12-09 00:00:00.000 UTC,14218182.22209438,5621217.146089715,5596245.36031245,0.8128330687830688,0.7789142857142858,20,39,True,0.0,446540561.7914493,2.529377864718314,0.501113076409349,0.3935978082779211,0.03391878306878304,0.9582709114928549,0.04172908850714507,0.3953541358722081,31.406304604645346,8596965.076004665,1
2025-12-10 00:00:00.000 UTC,82672141.65876886,47373117.6223776,18645661.57305265,0.8293200000000001,0.79468,9,17,True,0.0,912025616.3627654,1.7451277392754303,0.7175703367998164,0.22553742045310787,0.034640000000000004,0.9582308397241113,0.04176916027588873,0.5730239554929061,11.031837304120799,35299024.036391266,1
2025-12-11 00:00:00.000 UTC,47136426.198612414,41809812.85465691,1440647.6933008188,0.8767424242424242,0.8481628787878788,13,19,True,0.0,392103787.4390669,1.127401032921921,0.9666905814400895,0.03056336276387513,0.02857954545454544,0.9674025749589562,0.03259742504104379,0.8869958167487821,8.318487824828127,5326613.343955502,1
2025-12-12 00:00:00.000 UTC,18293358.215733457,14690474.266115792,1574788.5854300829,0.8600704545454545,0.8308079545454545,10,27,True,0.0,207198810.09433433,1.2452530724571549,0.9031808708040392,0.08608526476432654,0.02926249999999997,0.9659766245365734,0.0340233754634266,0.8030496146673083,11.326450160262544,3602883.9496176653,1
2025-12-13 00:00:00.000 UTC,262777.16067553,108127.080753625,87188.297967355,0.7873,0.7434,1,2,True,0.0,138085896.2918216,2.430262232588021,0.5536024938829377,0.3317955706014067,0.04390000000000005,0.9442398069350946,0.05576019306490543,0.41147822921771104,525.4866744767301,154650.07992190495,1
2025-12-14 00:00:00.000 UTC,37363.732731018616,19612.368336380416,10449.29002464,0.8279166666666665,0.801875,5,15,True,0.0,180565668.1859529,1.9051106980134518,0.652404737651163,0.27966397522068803,0.02604166666666652,0.9685455460493207,0.03145445395067925,0.5249038814609287,4832.645321757452,17751.3643946382,1
2025-12-15 00:00:00.000 UTC,3084646.0170707777,1194352.0188408312,1203706.705162851,0.8219544871794872,0.7957073717948718,20,39,True,0.0,394196665.92475134,2.5826941876521095,0.49804952934880564,0.3902252311939207,0.026247115384615327,0.9680674346402298,0.03193256535977018,0.3871925699840931,127.79316127141419,1890293.9982299465,1
2025-12-16 00:00:00.000 UTC,3123971.909228719,1182415.697973758,1274861.3199811468,0.8180270833333333,0.7909594170026881,18,155,True,0.0,197027763.7370955,2.642025063251529,0.4811894179345869,0.40808987949443465,0.027067666330645168,0.9669110389104129,0.03308896108958714,0.3784975448981185,63.06963361451606,1941556.2112549609,1
2025-12-17 00:00:00.000 UTC,1391294.3636357852,856060.3176610236,264022.94139619457,0.855375,0.8300625,10,25,True,0.0,224963406.3697103,1.6252293616846514,0.764282753749552,0.18976785092856943,0.02531249999999996,0.9704077159140728,0.02959228408592718,0.6152977687798096,161.6936086636814,535234.0459747616,1
2025-12-18 00:00:00.000 UTC,541642.9688564199,345313.70915767533,43974.649186661336,0.8483833333333333,0.82309,8,12,True,0.0,340666642.4959779,1.5685533313393525,0.8870383656637261,0.08118751966725567,0.02529333333333328,0.9701864330196649,0.029813566980335104,0.6375301241087687,628.9505487632069,196329.25969874457,1
2025-12-19 00:00:00.000 UTC,5742406.562782595,3280268.3473887015,913869.0880282752,0.902,0.8754166666666666,7,17,True,0.0,466321467.4013559,1.750590486706342,0.7821079775995897,0.15914391954606608,0.026583333333333403,0.9705284552845528,0.029471544715447218,0.5712358244796906,81.2066269260097,2462138.2153938934,1
2025-12-20 00:00:00.000 UTC,5742406.562782595,3280268.3473887015,913869.0880282752,0.902,0.8754166666666666,0,0,False,1.0,149240557.68870836,1.750590486706342,0.7821079775995897,0.15914391954606608,0.026583333333333403,0.9705284552845528,0.029471544715447218,0.5712358244796906,25.989200878941414,2462138.2153938934,1
2025-12-21 00:00:00.000 UTC,182287.58045468997,134869.401611405,12180.61053883,0.8899999999999999,0.8675,2,4,True,0.0,93227556.66350463,1.351585891808948,0.9171668851928719,0.06682084708375212,0.022499999999999853,0.9747191011235957,0.02528089887640428,0.7398715879326107,511.43120354640723,47418.178843284986,1
2025-12-22 00:00:00.000 UTC,92988.819816638,63457.094530737995,2485.444704382,0.6719999999999999,0.648,5,9,True,0.0,289008069.33874786,1.4653809870162764,0.9623089323946098,0.026728425086832777,0.02399999999999991,0.9642857142857144,0.03571428571428559,0.682416387861113,3107.9872817897312,29531.725285900007,1
2025-12-23 00:00:00.000 UTC,12719673.976249777,4631964.909662965,5344397.92004529,0.7986875,0.7718125,3,5,True,0.0,433629480.0331509,2.7460644077235243,0.46429395048359723,0.4201678384229321,0.026874999999999982,0.9663510446826825,0.033648955317317486,0.36415751836971505,34.091241712863514,8087709.066586812,1
2025-12-24 00:00:00.000 UTC,6865172.9895057315,2699854.85810543,2708871.418734863,0.8299666666666666,0.7949666666666667,3,6,True,0.0,183587699.42175084,2.542793353833558,0.4991664802240001,0.3945816693731839,0.03499999999999992,0.9578296317121171,0.0421703682878829,0.39326829232598987,26.741889782294987,4165318.1314003016,1
2025-12-25 00:00:00.000 UTC,7095239.969549399,2951720.180578183,2603420.9181777583,0.7444166666666666,0.726,3,6,True,0.0,102464704.73737387,2.40376442734473,0.5313492723414736,0.3669249989219315,0.018416666666666637,0.9752602709056308,0.024739729094369167,0.4160141437422925,14.441330409841115,4143519.788971216,1
2025-12-26 00:00:00.000 UTC,13543085.178711915,6191157.407609761,4438205.050320405,0.7899333333333333,0.7566,3,5,True,0.0,171836610.29192686,2.1874884269725805,0.5824580196708573,0.3277100447759661,0.033333333333333215,0.957802346189552,0.042197653810448044,0.4571452756821989,12.688143655925101,7351927.771102155,1
2025-12-27 00:00:00.000 UTC,4840.3629996,0.0,4501.53758962,0.95,0.93,1,2,True,0.0,138968574.1395408,,0.0,0.9299999999983473,0.019999999999999907,0.9789473684210527,0.021052631578947323,0.0,28710.36204330645,4840.3629996,0
2025-12-28 00:00:00.000 UTC,4863.08918402,0.0,4522.67294113,0.95,0.93,2,4,True,0.0,129510859.90697913,,0.0,0.9299999999982316,0.019999999999999907,0.9789473684210527,0.021052631578947323,0.0,26631.397246949295,4863.08918402,0
2025-12-29 00:00:00.000 UTC,18898770.98895276,6341612.232116078,9203546.007110296,0.8292666666666667,0.8045277777777778,9,14,True,0.0,470623205.0711945,2.9801208741907876,0.40794774389068406,0.4869917738296427,0.024738888888888866,0.9701677519629124,0.029832248037087616,0.33555685900543775,24.90231800503305,12557158.756836683,1
2025-12-30 00:00:00.000 UTC,27461536.043359105,12050618.109224854,11891948.442399342,0.861202380952381,0.8353071428571429,9,15,True,0.0,196055742.31448856,2.278848752358774,0.5033135475781887,0.43304017749127754,0.025895238095238082,0.9699312976044014,0.030068702395598557,0.43881806502732024,7.139285362804744,15410917.93413425,1
2025-12-31 00:00:00.000 UTC,36936285.17244155,16333340.05238799,15422023.992027914,0.8511,0.8279625,5,5,True,0.0,387532105.0541589,2.2614042843638305,0.5143490098095778,0.41753045602794964,0.023137499999999922,0.9728145928798027,0.027185407120197347,0.44220310667772356,10.491907977343093,20602945.12005356,1
2026-01-01 00:00:00.000 UTC,20368400.832346857,10237121.886630684,5750035.9266783595,0.8099,0.7849,3,3,True,0.0,141341485.69408303,1.9896608693257096,0.6403340735217145,0.2823017856928063,0.02499999999999991,0.9691319916039018,0.030868008396098157,0.5025982143071935,6.939252956453018,10131278.945716172,1
2026-01-02 00:00:00.000 UTC,4492033.614006971,2448723.7672022916,1520511.727303601,0.8770375,0.8539625,7,14,True,0.0,188270341.29629356,1.8344386876839096,0.616925796061168,0.33849072779918016,0.023075000000000068,0.9736898365235237,0.0263101634764763,0.545125877857799,41.91205086026798,2043309.8468046794,1
2026-01-03 00:00:00.000 UTC,30364.65012946167,21690.989440136334,2810.8639204026667,0.85124,0.8224933333333333,7,12,True,0.0,177602900.68210912,1.3998739067788148,0.8852795386927893,0.09257027195829245,0.028746666666666698,0.9662296571276412,0.033770342872358805,0.7143500533566297,5849.0020443142785,8673.660689325334,1
2026-01-04 00:00:00.000 UTC,8492.121161395555,2648.07926724,4578.225314437778,0.9033333333333332,0.8787777777777778,5,5,True,0.0,64946858.42070716,3.206898398568935,0.3664499935353096,0.5391144600303153,0.02455555555555544,0.9728167281672818,0.02718327183271818,0.31182777740830386,7647.895877410456,5844.0418941555545,1
2026-01-05 00:00:00.000 UTC,20856552.463189244,12467632.48286256,6142037.248586809,0.8511083333333334,0.8218358465608466,16,39,True,0.0,236507776.33451718,1.672855892396388,0.6699545270162915,0.2944895739325659,0.029272486772486728,0.9656066265291492,0.03439337347085081,0.5977801223316892,11.339734922727109,8388919.980326684,1
2026-01-06 00:00:00.000 UTC,5275191.541990011,2523615.8314515306,2221630.0346803595,0.7396174603174602,0.7137073412698413,14,24,True,0.0,323873367.42374885,2.090330658195242,0.5318198261260313,0.4211467995041319,0.025910119047618974,0.9649682160876817,0.035031783912318315,0.4783932130926042,61.39556542084745,2751575.7105384804,1
2026-01-07 00:00:00.000 UTC,9110136.706290882,4054659.5156525793,4001609.3011302194,0.8420425,0.8148960000000001,16,24,True,0.0,280395370.488763,2.246831496238383,0.5032924804105249,0.43924799705441986,0.027146499999999962,0.9677611284466046,0.03223887155339544,0.44507120434896313,30.778393291852552,5055477.190638303,1
2026-01-08 00:00:00.000 UTC,5983308.625778561,2566266.6930583986,2485052.684913711,0.8721388888888888,0.8523944444444445,21,31,True,0.0,205394521.77560014,2.3315225350362305,0.5080388906410123,0.4153308546056072,0.019744444444444342,0.9773608943529638,0.022639105647036195,0.4289042824904373,34.32791698069456,3417041.932720163,1
2026-01-09 00:00:00.000 UTC,12089060.372260362,5856138.628749026,4713943.670700456,0.8356619047619047,0.8131419642857143,12,23,True,0.0,286066884.42105126,2.064339855773325,0.5540296151766037,0.3899346620451249,0.022519940476190436,0.9730513735903675,0.02694862640963247,0.48441636061199267,23.66328528538597,6232921.743511336,1
2026-01-10 00:00:00.000 UTC,5920244.242414624,2466551.5102811996,2044440.4598539495,0.8243333333333333,0.7954333333333333,11,20,True,0.0,158597115.79121614,2.4002110710997013,0.5467869432290969,0.34533042491843313,0.028899999999999926,0.964941366761019,0.03505863323898095,0.4166300256009699,26.78894810706845,3453692.732133425,1
2026-01-11 00:00:00.000 UTC,1062791.9864003018,651750.5394168193,134300.2541325984,0.8537641666666667,0.8282683333333334,9,34,True,0.0,96154883.03003567,1.6306729678371708,0.8291455778243481,0.1263655125849002,0.025495833333333273,0.9701371475534326,0.02986285244656739,0.6132437464308625,90.47385025522655,411041.44698348246,1
2026-01-12 00:00:00.000 UTC,10787220.887053683,6247996.08731965,3405697.0443554404,0.8463911904761905,0.8213173412698412,19,32,True,0.0,286475364.36969084,1.7265089056227838,0.6472130408640314,0.31571589012725215,0.025073849206349252,0.9703755787058199,0.02962442129418008,0.5792034994683571,26.556920208568744,4539224.799734034,1
2026-01-13 00:00:00.000 UTC,18010705.23565291,12382220.33029321,3533892.9419669975,0.8499591005291006,0.8212617195767197,29,60,True,0.0,232211361.96055424,1.454561843935983,0.7779675928716762,0.19621069223716545,0.028697380952380946,0.9662367507630464,0.03376324923695362,0.6874922535394179,12.89296331944196,5628484.905359698,1
2026-01-14 00:00:00.000 UTC,19132966.524151172,12784458.509413283,4120845.7014139625,0.8431352813852814,0.8142898268398269,30,56,True,0.0,390940511.75531775,1.4965801257881544,0.7562394825894522,0.21537933995819722,0.028845454545454507,0.9657878691803039,0.034212130819696096,0.6681900840246445,20.432822649945116,6348508.014737889,1
2026-01-15 00:00:00.000 UTC,7020538.413276525,4111758.548740033,1854215.8212205044,0.8530791666666666,0.82856875,15,20,True,0.0,537205297.5892476,1.7074296386950616,0.6892015107277826,0.2641130511748217,0.024510416666666646,0.9712682976863226,0.028731702313677387,0.5856756713935637,76.51910237729628,2908779.864536492,1
2026-01-16 00:00:00.000 UTC,14853019.43844024,11339971.538228504,1625714.4424538922,0.8691038461538462,0.8425213675213675,14,28,True,0.0,428955132.7044301,1.3097933613297705,0.8746140817480812,0.10945346494642529,0.026582478632478646,0.9694139213051266,0.030586078694873398,0.7634792094111302,28.879995376177597,3513047.9002117366,1
2026-01-17 00:00:00.000 UTC,15115538.851280129,10510498.493566647,2826260.3108606315,0.86376875,0.8399791666666667,6,9,True,0.0,184932119.00946558,1.438137197824839,0.7880849198590572,0.18697714574834867,0.023789583333333253,0.9724583885057971,0.027541611494202867,0.6953439501547454,12.234570055952968,4605040.357713481,1
2026-01-18 00:00:00.000 UTC,17.2392394425,10.362635315,3.45159949,0.826675,0.80135,2,3,True,0.0,188004666.64959058,1.6635960755606307,0.7501418255355911,0.20021761989631345,0.025325000000000042,0.969365228173103,0.030634771826897,0.6011074531195926,10905624.188158879,6.8766041275,1
2026-01-19 00:00:00.000 UTC,13085266.438086675,6168572.72766936,5030309.176453654,0.8663711111111111,0.8428111111111111,10,14,True,0.0,558228871.5589379,2.1212794297442956,0.550820410508867,0.3844254299486151,0.023560000000000025,0.9728061108018888,0.027193889198111165,0.4714136129253572,42.66087161466786,6916693.710417315,1
2026-01-20 00:00:00.000 UTC,11314228.141672948,9412354.428213889,444564.3934062474,0.7290704365079366,0.7021470238095238,20,36,True,0.0,783122679.9564693,1.2020614212909493,0.9548982393533422,0.03929250743749923,0.026923412698412807,0.9630715890396419,0.03692841096035815,0.8319042457298511,69.2157405834911,1901873.7134590596,1
2026-01-21 00:00:00.000 UTC,8948426.627274595,4517893.347071748,2621080.6490866407,0.8252055555555555,0.7948194444444445,17,29,True,0.0,733860795.3454189,1.98066353936276,0.6328491110211226,0.2929096653815821,0.030386111111111003,0.9631775247918029,0.03682247520819715,0.5048813087768206,82.0100366145517,4430533.280202847,1
2026-01-22 00:00:00.000 UTC,32841804.817937925,17809879.19692078,11214804.242278151,0.8936833333333333,0.8692166666666666,6,8,True,0.0,464680853.56392187,1.8440217620126294,0.6136114881055986,0.3414795351366535,0.024466666666666637,0.9726226664926055,0.027377333507394463,0.5422929493568261,14.149065684420515,15031925.621017147,1
2026-01-23 00:00:00.000 UTC,17406082.633744437,12402892.35095985,2611222.2880193912,0.8593055555555557,0.8347000000000001,12,15,True,0.0,357365636.34128755,1.403388995180418,0.826082166627381,0.15001780371633563,0.024605555555555547,0.9713657669306611,0.028634233069338877,0.7125608106050747,20.531077776712255,5003190.282784587,1
2026-01-24 00:00:00.000 UTC,16991525.92583949,9866913.724537564,2867654.2981232605,0.7907333333333333,0.7516333333333334,3,3,True,0.0,226201671.12585258,1.7220709940519763,0.7748133825175423,0.16876967440354124,0.03909999999999991,0.9505522299974708,0.0494477700025292,0.5806961521644546,13.312616660394305,7124612.201301927,1
2026-01-25 00:00:00.000 UTC,2708702.233353663,1334289.5868297888,787525.7992526124,0.8044916666666666,0.773272619047619,13,23,True,0.0,317907505.7196429,2.030070728341226,0.6288433930594428,0.29073915528823974,0.03121904761904759,0.961194069606214,0.03880593039378599,0.4925936747125562,117.36524665025266,1374412.646523874,1
2026-01-26 00:00:00.000 UTC,62629387.163196385,34428297.345328666,21087374.92199761,0.84495,0.8207833333333334,7,8,True,0.0,503998817.7015463,1.8191253123847593,0.6201545606715353,0.3367009622343778,0.02416666666666656,0.9713987020928261,0.028601297907173917,0.5497147410307115,8.047321561494009,28201089.81786772,1
2026-01-27 00:00:00.000 UTC,7949534.849467914,6163778.671384349,903067.506638558,0.7934888888888889,0.7671277777777779,14,23,True,0.0,658014095.1580452,1.2897177645871722,0.872210674480648,0.11360004374331449,0.026361111111111057,0.9667782227574426,0.03322177724255737,0.7753634380000121,82.77391163359552,1785756.1780835642,1
2026-01-28 00:00:00.000 UTC,3691476.3407808472,1522676.6262566666,1374138.6834240863,0.821797619047619,0.7943902116402116,19,29,True,0.0,424566092.28162056,2.424333753553397,0.5256381451617207,0.37224637423341,0.027407407407407436,0.9666494441305757,0.03335055586942426,0.412484460332361,115.0125459538536,2168799.7145241806,1
2026-01-29 00:00:00.000 UTC,970842.0362756394,438929.5582945315,330178.23061805085,0.7955078571428571,0.7656953571428572,16,27,True,0.0,482775090.33371043,2.211840186949048,0.5706996660573681,0.3400946995297877,0.02981249999999991,0.9625239402322506,0.03747605976774937,0.45211223030510755,497.2746052341742,531912.477981108,1
2026-01-30 00:00:00.000 UTC,7650929.891087798,3275681.672797729,3323924.3428328023,0.7965953007518797,0.7650471553884712,31,53,True,0.0,440411798.7605944,2.335675641080597,0.49634503408833686,0.43444710514269413,0.03154814536340844,0.960396269807729,0.039603730192271036,0.42814164022250595,57.56317271624839,4375248.21829007,1
2026-01-31 00:00:00.000 UTC,13511692.353314718,9750750.320635911,856322.2652576404,0.7998128987993139,0.7717053887935963,82,190,True,0.0,538234667.5748152,1.3857079618498047,0.919268746553458,0.06337638860224386,0.02810751000571765,0.964857393463005,0.03514260653699497,0.721652777880473,39.834733762479004,3760942.032678807,1
2026-02-01 00:00:00.000 UTC,4783177.829523627,3200912.962022963,552931.7078478868,0.7965891065493647,0.7677637634408602,47,92,True,0.0,588873306.7933857,1.4943167422149084,0.8527025605812,0.11559923706682576,0.028825343108504486,0.9638140380385453,0.03618596196145474,0.6692021656116751,123.11340447320013,1582264.8675006637,1
2026-02-02 00:00:00.000 UTC,18539151.250486903,9203084.138578745,6285920.008500534,0.7348058672593556,0.7076517003668167,52,85,True,0.0,852512615.7544166,2.014449826963111,0.594168873039791,0.33906190869096253,0.02715416689253891,0.9630457946752422,0.036954205324757794,0.49641345573126167,45.98444687331771,9336067.111908158,1
2026-02-03 00:00:00.000 UTC,2421955.2134375167,1030057.2891190648,838024.8634858917,0.6766474104683196,0.6564245247933885,36,72,True,0.0,450954192.0064825,2.3512820490876227,0.5513982817525964,0.3460117093975783,0.020222885674931024,0.9701131115525375,0.029886888447462456,0.4252998913456741,186.1942737439957,1391897.924318452,1
2026-02-04 00:00:00.000 UTC,5093527.387195433,1478839.8021692089,2454325.943215393,0.7669911904761906,0.7309078571428571,35,56,True,0.0,411679012.1721631,3.444272584308379,0.3759922408315904,0.4818519184534667,0.03608333333333347,0.9529546965057957,0.04704530349420433,0.29033706697775874,80.82395182699496,3614687.5850262237,1
2026-02-05 00:00:00.000 UTC,12753890.238646325,3963398.4955078806,6056308.145207323,0.7593029075978527,0.7268103569465078,148,286,True,0.0,815961936.3504821,3.2179177171060633,0.3955603330143979,0.47485967276523533,0.03249255065134493,0.9572073933522274,0.042792606647772624,0.31075996588853727,63.977494010257914,8790491.743138444,1
2026-02-06 00:00:00.000 UTC,13384686.169385208,6620144.904726558,4910558.384990548,0.8252276544667453,0.7943285202676111,70,135,True,0.0,676402718.3242772,2.021811661528586,0.5741319274627676,0.3668788586334185,0.03089913419913415,0.9625568362476886,0.03744316375231138,0.49460591163271467,50.53556801887616,6764541.264658649,1
2026-02-07 00:00:00.000 UTC,11470163.590997072,5330334.716991001,3383936.7496201694,0.8394919696969697,0.8075880303030303,23,87,True,0.0,473758346.553493,2.1518655394068826,0.6116787544907499,0.29502079222969585,0.03190393939393943,0.9619961351084088,0.038003864891591244,0.4647130509258629,41.303538767777106,6139828.874006071,1
2026-02-08 00:00:00.000 UTC,18327367.26470741,7403664.977458815,6464147.084103762,0.8587904761904762,0.8282178571428572,10,26,True,0.0,225249939.19020057,2.4754452450923803,0.5338740490996094,0.35270461876712766,0.030572619047618987,0.9644003748350394,0.035599625164960624,0.40396773145458176,12.290359872034605,10923702.287248593,1
2026-02-09 00:00:00.000 UTC,13141693.667091131,6122531.370831255,3712160.4066540417,0.801625,0.7734125000000001,11,15,True,0.0,387451388.519529,2.146447747038148,0.6225443063551473,0.28247199338924445,0.028212499999999974,0.9648058630905972,0.03519413690940276,0.46588602092917725,29.4826069100795,7019162.296259876,1
2026-02-10 00:00:00.000 UTC,12574343.666707756,6207256.24638725,3475136.8642379083,0.8246466666666666,0.7923766666666666,14,19,True,0.0,486868777.85606146,2.02574908584228,0.6410869890807882,0.2763672567212231,0.03227000000000002,0.9608680889593119,0.03913191104068814,0.4936445520271396,38.719219925976034,6367087.420320506,1
2026-02-11 00:00:00.000 UTC,3972387.8061911017,1925757.5636327656,1034690.723424996,0.7594942355889724,0.725680701754386,32,49,True,0.0,434750524.4197782,2.062766301017432,0.6504952550772902,0.2604707228766525,0.03381353383458641,0.9554788802203815,0.04452111977961848,0.4847858914055186,109.44312228081174,2046630.2425583361,1
2026-02-12 00:00:00.000 UTC,4722004.800628114,3128587.441860719,712544.230556966,0.7988558888888889,0.7686745555555555,22,35,True,0.0,341023496.78348416,1.5093088776894514,0.8144962757529016,0.15089866712168198,0.030181333333333393,0.9622193016874271,0.03778069831257291,0.6625549049515069,72.2200656674728,1593417.3587673944,1
2026-02-13 00:00:00.000 UTC,10820329.009855732,5831490.421187799,2309770.668404892,0.79530625,0.76181875,20,26,True,0.0,466328926.2655916,1.855499748493417,0.7162883436624374,0.21346584436582564,0.0334875,0.9578935787314635,0.042106421268536476,0.53893836461684,43.097481217145464,4988838.588667933,1
2026-02-14 00:00:00.000 UTC,7449494.203329606,3666040.856041911,1926190.7749765597,0.8059010416666667,0.774784375,12,19,True,0.0,267548820.48119292,2.0320270547591632,0.655559550807491,0.25856665196351647,0.03111666666666668,0.9613889732636218,0.03861102673637817,0.49211943200161795,35.91503170263694,3783453.347287695,1
2026-02-15 00:00:00.000 UTC,4667521.367813161,2902306.137701691,745344.5580622698,0.8289444444444444,0.799462962962963,17,22,True,0.0,303550433.2586349,1.6082112452511046,0.7956644919624999,0.1596874442187033,0.02948148148148133,0.964434912762773,0.035565087237226956,0.6218088593478657,65.03461030770924,1765215.2301114695,1
2026-02-16 00:00:00.000 UTC,1897538.000727072,1047991.0799819638,373638.5954777942,0.796247619047619,0.7653857142857142,10,15,True,0.0,268330850.20080438,1.8106432745207421,0.7371758609660715,0.1969070423541603,0.030861904761904757,0.9612408200368394,0.038759179963160584,0.5522899038545787,141.41000079997826,849546.920745108,1
2026-02-17 00:00:00.000 UTC,9317163.938787702,4976743.698151987,1989351.3918589477,0.8359243386243386,0.8039035714285715,16,25,True,0.0,386208464.5441333,1.8721406011419561,0.7144237386722458,0.21351469233864218,0.032020767195767075,0.9616941800636372,0.03830581993636284,0.534147915701431,41.451290015015516,4340420.240635715,1
2026-02-18 00:00:00.000 UTC,9489164.776013834,5925992.876136389,1696940.0966781634,0.8445555555555555,0.8101111111111111,9,13,True,0.0,367374336.3092339,1.601278464951607,0.7773901328097843,0.17882923700172126,0.03444444444444439,0.9592158926457046,0.040784107354295385,0.624500998350853,38.71513931740986,3563171.899877446,1
2026-02-19 00:00:00.000 UTC,9258761.30338158,5438477.653332278,1338436.039734715,0.7963333333333333,0.7571972222222222,11,16,True,0.0,325720955.6118239,1.7024546010055825,0.8025006514242643,0.14455886655657463,0.03913611111111115,0.9508546114134225,0.049145388586577465,0.5873871757927251,35.17975514638883,3820283.6500493027,1
2026-02-20 00:00:00.000 UTC,46370249.99390082,23773377.43573678,17349437.59317065,0.8324,0.8008599999999999,7,9,True,0.0,290308982.31854576,1.9505116645393354,0.578106761879633,0.37415018455696614,0.031540000000000123,0.9621095627102353,0.03789043728976471,0.5126859880820945,6.260673219504548,22596872.55816404,1
2026-02-21 00:00:00.000 UTC,2543.652426105,1907.659860005,335.84157981500005,0.902,0.882,2,2,True,0.0,205546749.07315335,1.3333888705391814,0.8503047183950346,0.1320312383753081,0.020000000000000018,0.9778270509977827,0.022172949002217335,0.7499687616228795,80807.71844599044,635.9925661,1
2026-02-22 00:00:00.000 UTC,33279916.31668527,15596127.855319666,13826374.258209247,0.8057142857142858,0.7745476190476192,9,18,True,0.0,173357427.2167509,2.133857623213435,0.5300748316761384,0.4154570019539753,0.031166666666666676,0.9613179669030733,0.03868203309692675,0.46863482789169053,5.209070406521309,17683788.461365603,1
2026-02-23 00:00:00.000 UTC,4924767.526265442,4381033.73605788,129338.73641906973,0.8060529924242423,0.7770555681818182,26,49,True,0.0,348901567.33602214,1.1241108430031908,0.9713241562180693,0.02626291205204362,0.02899742424242413,0.9640254120821349,0.03597458791786512,0.889591988391808,70.84630197775076,543733.790207562,1
2026-02-24 00:00:00.000 UTC,4342244.448293749,3604152.4854768994,165677.45907706028,0.7913171957671958,0.7578489417989418,25,45,True,0.0,536459501.7264972,1.2047893272526693,0.9560517419847003,0.03815479783552074,0.033468253968254036,0.9577056404849057,0.042294359515094304,0.8300206329685383,123.54428870012022,738091.9628168498,1
2026-02-25 00:00:00.000 UTC,7830454.229958105,4493235.749060393,2484693.028704828,0.8200678571428571,0.7912045634920636,40,63,True,0.0,317915959.5772944,1.7427205397792842,0.6439211250447033,0.3173114810120181,0.028863293650793542,0.9648037739811506,0.03519622601884942,0.5738154667796881,40.59993842515511,3337218.4808977116,1
2026-02-26 00:00:00.000 UTC,165010.08440798265,21962.899055535,101795.7145792745,0.81175,0.78425,4,10,True,0.0,388150308.2306502,7.513128571539716,0.17746561964845337,0.6169060208925629,0.02749999999999997,0.966122574684324,0.033877425315675946,0.13310034434763615,2352.2823445805884,143047.18535244765,1
2026-02-27 00:00:00.000 UTC,885491.2439996756,558366.1265362889,144515.21546086605,0.84744,0.8202999999999999,11,19,True,0.0,443430517.1430617,1.585861322735749,0.7943959999702893,0.16320343813689817,0.027140000000000053,0.9679741338619843,0.032025866138015724,0.6305721601652489,500.7734634846645,327125.11746338673,1
2026-02-28 00:00:00.000 UTC,48809613.761436515,28047496.905118387,16058538.462246433,0.8524313725490197,0.826321568627451,15,28,True,0.0,137948511.06787026,1.740248476595045,0.6359106338057182,0.3290035963147481,0.026109803921568697,0.9693701982794313,0.030629801720568728,0.5746305849131333,2.8262569694181963,20762116.856318127,1
2026-03-01 00:00:00.000 UTC,42608208.8790786,23557824.763400957,14787141.32829403,0.85,0.8225000000000001,13,19,True,0.0,254844068.1421478,1.808664819736413,0.6143655129871993,0.34704911840485236,0.027499999999999858,0.9676470588235295,0.03235294117647047,0.5528940404478789,5.981102582025711,19050384.11567764,1
2026-03-02 00:00:00.000 UTC,328998.4461926575,210074.03813785425,32334.580069225245,0.80625,0.774375,10,14,True,0.0,473172880.1368974,1.566107116847837,0.8666112603240732,0.09828186255411828,0.03187499999999999,0.9604651162790698,0.03953488372093017,0.638525927915287,1438.2222336084014,118924.40805480327,1
2026-03-03 00:00:00.000 UTC,101179.51619684348,8333.717364532778,68278.77169274431,0.89375,0.8714583333333333,8,19,True,0.0,338336137.15206087,12.140982441695275,0.10877753049248037,0.6748280112341001,0.02229166666666671,0.975058275058275,0.024941724941724974,0.08236565737594194,3343.9193017471257,92845.79883231071,1
2026-03-04 00:00:00.000 UTC,19155083.00103066,10678443.956377648,6515783.482655531,0.7992641666666667,0.7697866666666666,31,44,True,0.0,493042686.1026996,1.7938084499277989,0.6210481973814166,0.3401595013869134,0.029477500000000045,0.9631192023496612,0.036880797650338804,0.5574731237553542,25.739522302052716,8476639.044653013,1
2026-03-05 00:00:00.000 UTC,2230894.427438109,2034649.3342856772,27535.626435879058,0.6627857142857143,0.6441168831168831,12,25,True,0.0,414745879.8407753,1.09645155548208,0.9866473536756643,0.012342863963984225,0.018668831168831224,0.971832779786223,0.028167220213777044,0.9120329986310496,185.9101330568371,196245.093152432,1
2026-03-06 00:00:00.000 UTC,394714.6101913368,255402.2573711552,37802.85540906511,0.6441788819875777,0.6189837474120082,26,40,True,0.0,353970890.0370804,1.5454624961193288,0.8710702721019697,0.09577262769863087,0.025195134575569433,0.9608879842539525,0.0391120157460475,0.6470554947214893,896.7767619888558,139312.35282018158,1
2026-03-07 00:00:00.000 UTC,345923.8836674235,236600.08221893053,16974.463837621497,0.6940000000000001,0.669,5,13,True,0.0,256223037.0804801,1.462061553078133,0.9330592754612055,0.04906993890581145,0.025000000000000022,0.9639769452449567,0.036023054755043304,0.6839657317399959,740.6919532818868,109323.80144849297,1
2026-03-08 00:00:00.000 UTC,239077.7800806035,117238.96939649143,56327.87333167066,0.5750595238095237,0.5490178571428571,13,22,True,0.0,121616631.03355385,2.0392347468704233,0.6754686987082517,0.23560480322629768,0.02604166666666663,0.9547148328330402,0.04528516716695985,0.49038003179118145,508.6906486773953,121838.81068411206,1
2026-03-09 00:00:00.000 UTC,1250504.190564274,281206.3821234644,646109.6489767687,0.7644444444444445,0.7298611111111111,9,13,True,0.0,355132628.12003076,4.446926777128539,0.3032476229164521,0.5166793153129858,0.03458333333333341,0.9547601744186045,0.0452398255813955,0.22487440205744022,283.9915538066143,969297.8084408096,1
2026-03-10 00:00:00.000 UTC,2959468.1692396393,1056759.3825863556,1132697.8392168554,0.8120827160493828,0.7811635802469136,23,49,True,0.0,452865817.54972094,2.8005127922276096,0.4826581547530859,0.3827369562511205,0.03091913580246919,0.9619261250222336,0.038073874977766375,0.35707746194744955,153.02270261148757,1902708.7866532838,1
2026-03-11 00:00:00.000 UTC,793038.0086422556,217050.85024047896,377800.0583181349,0.7343980952380953,0.7103219047619048,12,39,True,0.0,350796897.01749116,3.653696853818441,0.36488277502410804,0.4763959030979597,0.024076190476190473,0.9672164312076751,0.03278356879232491,0.27369539401029136,442.3456293325505,575987.1584017766,1
2026-03-12 00:00:00.000 UTC,1850591.315985939,1500242.7858660212,158230.30745814892,0.8010696583850931,0.7662679983060418,16,92,True,0.0,541563141.2851018,1.233527888566168,0.904592779891895,0.08550256671546554,0.03480166007905139,0.9565560126828304,0.043443987317169586,0.8106829276169695,292.64329547368123,350348.5301199178,1
2026-03-13 00:00:00.000 UTC,347637.3172804157,184825.3174628656,78711.14757219778,0.7914269666199814,0.7687572216386555,22,60,True,0.0,529585312.6394804,1.8808966328450194,0.7013272999555288,0.22641742891113953,0.0226697449813259,0.9713558598108634,0.028644140189136635,0.5316613271232312,1523.3845341531603,162811.99981755007,1
2026-03-14 00:00:00.000 UTC,7268825.3361212015,5566406.107628965,628592.149772974,0.6226666666666667,0.604,6,9,True,0.0,87264859.22392568,1.3058381288708003,0.89853231209195,0.08647781735093996,0.01866666666666672,0.9700214132762311,0.029978586723768852,0.7657916995154153,12.005359213995373,1702419.2284922367,1
2026-03-15 00:00:00.000 UTC,7429375.806722199,4344356.6963361,1228401.18824958,0.7966666666666667,0.7683333333333334,3,5,True,0.0,229656379.869706,1.7101210434649419,0.7795703287868734,0.1653437947153119,0.02833333333333332,0.9644351464435147,0.03556485355648531,0.5847539294492639,30.91193470949603,3085019.1103860987,1
2026-03-16 00:00:00.000 UTC,1511182.1838298428,846767.7983748255,302771.76222817856,0.7978906031468531,0.7723383526774151,50,148,True,0.0,336767117.989615,1.7846476764116523,0.7366147520235353,0.20035424283579978,0.025552250469437987,0.967975245768454,0.03202475423154605,0.5603346885872038,222.85011138507082,664414.3854550173,1
2026-03-17 00:00:00.000 UTC,1004142.7376861988,620319.6795207397,171738.22381154075,0.8256850793650794,0.8023604761904761,17,99,True,0.0,590476889.9513097,1.618750413435217,0.7831746604774501,0.1710296926583062,0.023324603174603276,0.9717512114999838,0.02824878850001622,0.6177604599821283,588.0407912045644,383823.0581654591,1
2026-03-18 00:00:00.000 UTC,2429494.399056222,1562067.0397861062,424417.79032125865,0.8583333333333334,0.82675,18,31,True,0.0,405498033.27317566,1.5553073825748813,0.7863473287644891,0.17469387477745613,0.03158333333333341,0.9632038834951455,0.03679611650485448,0.6429597205051872,166.9063462054896,867427.3592701156,1
2026-03-19 00:00:00.000 UTC,3246081.1478750277,2465547.6986755235,315275.0146694703,0.8636309523809524,0.8041269841269841,22,39,True,0.0,355235754.5415204,1.3165760896123817,0.8866252734644012,0.09712480998075412,0.05950396825396831,0.9311002366347324,0.0688997633652676,0.7595459221004187,109.43526620524176,780533.4491995042,1
2026-03-20 00:00:00.000 UTC,1146330.8323551903,552529.8376852616,318849.8898806518,0.8546333333333334,0.7602666666666666,15,43,True,0.0,325519549.27259094,2.0746948927818383,0.6340861741512879,0.27814822813895684,0.09436666666666671,0.8895822769998829,0.1104177230001171,0.4819985837335137,283.9664956091217,593800.9946699287,1
2026-03-21 00:00:00.000 UTC,10414667.327319236,7310624.505080321,1138579.3143370177,0.8436111111111111,0.8188888888888889,12,35,True,0.0,170560273.11902696,1.424593387347667,0.8652441888405605,0.10932459756543093,0.0247222222222222,0.9706947645702997,0.029305235429700316,0.7019546832670742,16.37692955123221,3104042.8222389156,1
2026-03-22 00:00:00.000 UTC,3783192.8357223794,2425321.6376782865,597196.9373561427,0.8270944444444444,0.7925777777777778,21,43,True,0.0,720275317.2300271,1.5598726275925847,0.8024174467317078,0.1578552728576711,0.03451666666666653,0.9582675631561627,0.04173243684383732,0.6410779843885978,190.38821136181775,1357871.1980440929,1
2026-03-23 00:00:00.000 UTC,5474721.267134144,4301284.311378394,319516.05905194185,0.7136111111111111,0.4739583333333333,14,20,True,0.0,388554634.95391023,1.2728108329532184,0.9308526589686484,0.05836206876321927,0.23965277777777777,0.6641689373297003,0.3358310626702997,0.7856627034512006,70.97249631437532,1173436.9557557497,1
2026-03-24 00:00:00.000 UTC,4332183.392513377,2514973.824143791,734163.7422535425,0.39,0.374,5,5,True,0.0,212142102.8988003,1.7225560564186964,0.7740435031602592,0.16946737377791551,0.016000000000000014,0.9589743589743589,0.0410256410256411,0.5805326313031947,48.96886481431321,1817209.5683695856,1
2026-03-25 00:00:00.000 UTC,8084880.589304394,6984270.384359866,415382.9279916335,0.9076190476190475,0.8854761904761904,10,16,True,0.0,282968020.3287711,1.1575841346877356,0.9438645419646517,0.051377744346793396,0.02214285714285713,0.9756033578174187,0.024396642182581307,0.8638680939331942,34.99965363781793,1100610.2049445277,1
2026-03-26 00:00:00.000 UTC,8760164.21733379,5914718.147197341,2061307.26051151,0.8601406926406926,0.8380411255411255,16,33,True,0.0,376832083.85726494,1.481078894940201,0.7415620995239997,0.23530463691911035,0.022099567099567063,0.974307032223159,0.025692967776841047,0.6751834783523638,43.016554770928266,2845446.0701364493,1
2026-03-27 00:00:00.000 UTC,1249811.8182990176,934077.8647774686,173303.57516704182,0.780926923076923,0.7493283424908425,24,39,True,0.0,342508726.5388216,1.3380167386760293,0.843501463076963,0.13866373531569448,0.03159858058608056,0.9595370838777343,0.04046291612226571,0.747374805631731,274.04823792190797,315733.953521549,1
2026-03-28 00:00:00.000 UTC,7.5918787275,3.81735332,3.2430938925,0.95,0.93,2,4,True,0.0,126475247.63491337,1.9887807313314136,0.5406673550708881,0.4271793595375237,0.019999999999999907,0.9789473684210527,0.021052631578947323,0.5028206399257186,16659281.868766306,3.7745254075,1
2026-03-29 00:00:00.000 UTC,605905.5140598202,252858.45515285627,259156.71578226017,0.643,0.62125,11,21,True,0.0,176157635.18090913,2.3962240601902844,0.49384953709681967,0.42771803485629606,0.021750000000000047,0.9661741835147745,0.033825816485225535,0.41732324477227306,290.7344975301171,353047.0589069639,1
2026-03-30 00:00:00.000 UTC,392980.7542237,288210.60405258,64686.88265579376,0.8725,0.8462500000000001,4,6,True,0.0,231568384.0672779,1.3635194149622825,0.8166978085926424,0.16460572677045518,0.026249999999999996,0.9699140401146132,0.03008595988538676,0.7333962311256579,589.261386412476,104770.15017111995,1
